-- phpMyAdmin SQL Dump
-- version 4.9.0.1
-- https://www.phpmyadmin.net/
--
-- Hôte : database
-- Généré le :  ven. 28 fév. 2020 à 11:10
-- Version du serveur :  10.4.11-MariaDB-1:10.4.11+maria~bionic
-- Version de PHP :  7.2.19

SET SQL_MODE = "NO_AUTO_VALUE_ON_ZERO";
SET AUTOCOMMIT = 0;
START TRANSACTION;
SET time_zone = "+00:00";


/*!40101 SET @OLD_CHARACTER_SET_CLIENT=@@CHARACTER_SET_CLIENT */;
/*!40101 SET @OLD_CHARACTER_SET_RESULTS=@@CHARACTER_SET_RESULTS */;
/*!40101 SET @OLD_COLLATION_CONNECTION=@@COLLATION_CONNECTION */;
/*!40101 SET NAMES utf8mb4 */;

--
-- Base de données :  `collabmedia`
--

-- --------------------------------------------------------

--
-- Structure de la table `comment`
--

CREATE TABLE `comment` (
  `id` int(10) UNSIGNED NOT NULL,
  `proposal_id` int(10) UNSIGNED NOT NULL,
  `author_id` int(10) UNSIGNED NOT NULL,
  `content` text COLLATE utf8mb4_unicode_ci NOT NULL,
  `date` datetime NOT NULL,
  `edited_date` datetime NOT NULL
) ENGINE=InnoDB DEFAULT CHARSET=utf8mb4 COLLATE=utf8mb4_unicode_ci;

--
-- Déchargement des données de la table `comment`
--

INSERT INTO `comment` (`id`, `proposal_id`, `author_id`, `content`, `date`, `edited_date`) VALUES
(982, 703, 19, 'eu dolor elit quis egestas ultricies laoreet enim et odio eget tellus at penatibus Phasellus fames massa in vitae faucibus eget Vivamus ultricies aliquam Proin dui et vehicula ipsum a commodo neque Nunc maximus Donec ', '2019-09-14 05:00:42', '0000-00-00 00:00:00'),
(983, 703, 17, 'interdum dolor velit porttitor massa sodales Fusce pellentesque mi porttitor luctus pulvinar In risus nec nec Proin nulla ex et tortor In neque quis suscipit ', '2020-01-13 20:01:46', '0000-00-00 00:00:00'),
(984, 703, 13, 'consequat Aenean faucibus quam vitae pulvinar justo nunc quis porttitor sit vehicula pellentesque arcu magna id erat id maximus varius a Nullam dis sit eu mi est neque fermentum odio vehicula tempor at tempor neque semper vestibulum congue mi quis est neque feugiat at blandit ', '2020-01-10 15:27:51', '0000-00-00 00:00:00'),
(985, 703, 21, 'sagittis facilisis at nunc ut condimentum at eu eget dolor purus sem risus et faucibus auctor porttitor non ridiculus malesuada diam Donec luctus augue tincidunt sapien ', '2019-09-19 21:31:34', '0000-00-00 00:00:00'),
(986, 704, 21, 'erat tincidunt a felis tincidunt augue in vel Ut nunc Fusce laoreet ex dignissim faucibus pellentesque dapibus velit tincidunt libero Integer in egestas ', '2019-12-28 17:26:26', '0000-00-00 00:00:00'),
(987, 704, 15, 'quis dolor congue nisi tempor augue congue molestie gravida diam montes sem ut bibendum nec neque sed congue vulputate Orci arcu sodales felis malesuada non tellus in molestie ipsum vitae suscipit vestibulum In amet Cras vel accumsan egestas purus quis vel nisi risus ', '2020-01-05 09:12:33', '0000-00-00 00:00:00'),
(988, 704, 18, 'lorem magnis viverra dapibus orci maximus purus ipsum efficitur et maximus justo ', '2020-01-07 11:52:00', '0000-00-00 00:00:00'),
(989, 704, 14, 'ac neque arcu nec pulvinar mattis vitae dapibus tellus ex ante nisi sed gravida sem ornare ultricies pulvinar convallis pulvinar feugiat sapien pulvinar quam Nullam orci vitae mi vehicula consequat nisi congue in diam libero Donec ante penatibus non vitae elit Donec ', '2020-01-17 18:47:35', '0000-00-00 00:00:00'),
(990, 706, 21, 'porttitor lectus suscipit Aenean mattis fringilla condimentum ornare tincidunt augue risus eget vel maximus a commodo a massa ac pretium porttitor quis lectus metus scelerisque vel arcu quam consectetur diam felis Donec nec venenatis consequat volutpat nisi ', '2019-11-03 21:38:28', '0000-00-00 00:00:00'),
(991, 707, 21, 'ante et erat lacus nec felis molestie feugiat lorem vestibulum pellentesque ante laoreet pretium lacus ', '2019-11-30 22:19:29', '0000-00-00 00:00:00'),
(992, 707, 20, 'pellentesque id neque Donec maximus vehicula ipsum at Donec sapien Phasellus neque lectus fermentum dui iaculis vitae mi Donec faucibus lectus Fusce tortor non eget purus sem metus tellus Mauris Mauris erat magna ', '2020-01-18 11:10:53', '0000-00-00 00:00:00'),
(993, 707, 19, 'eu mi quis vehicula laoreet quam justo lectus dolor et montes diam in nec quis quam posuere vel Quisque at bibendum est Fusce massa Pellentesque nec Fusce Donec nec vestibulum quis mi felis dis ', '2019-10-02 17:44:05', '0000-00-00 00:00:00'),
(994, 707, 21, 'in Donec Mauris ex tellus justo massa lectus neque mattis adipiscing nisi accumsan vitae ultrices efficitur auctor mi arcu egestas Lorem volutpat scelerisque ante ut risus commodo fames magna Proin Fusce at ridiculus orci interdum maximus dis viverra luctus cursus ', '2019-12-03 06:46:14', '0000-00-00 00:00:00'),
(995, 707, 10, 'ipsum volutpat ante auctor dui luctus suscipit erat maximus blandit id Integer lectus eu maximus sem placerat mi vel lectus Nullam natoque Nunc risus est sit mi Fusce nec penatibus quis quis ut maximus vestibulum nisi mi et a mi Proin ', '2019-11-27 19:16:45', '0000-00-00 00:00:00'),
(996, 709, 19, 'nec erat tellus lorem luctus montes in at at eget ex massa arcu interdum est mi eget consectetur erat luctus ornare odio ornare ridiculus pretium nisi montes odio aliquam Ut vel vitae ligula Fusce adipiscing arcu faucibus natoque justo ac ridiculus erat mus libero magna luctus varius luctus ', '2019-08-08 19:02:54', '0000-00-00 00:00:00'),
(997, 709, 13, 'justo bibendum vel Ut erat elit mi luctus augue vel tempor in neque eu arcu commodo elit feugiat blandit diam ultricies tincidunt maximus a amet viverra fames vel pulvinar fames velit odio vel Suspendisse dis ', '2019-10-16 00:58:14', '0000-00-00 00:00:00'),
(998, 709, 20, 'Donec sed ac Pellentesque quis Phasellus est at congue cursus eu interdum nisl scelerisque luctus justo placerat lobortis congue nulla at aliquam congue amet molestie Cras gravida tincidunt enim augue turpis sit congue ', '2019-12-01 22:25:56', '0000-00-00 00:00:00'),
(999, 709, 18, 'in viverra Aenean neque neque nec et scelerisque metus Nam in dolor nunc non natoque nunc volutpat Interdum at purus massa eu velit massa quis luctus amet lorem eget convallis dignissim nunc vel eros ', '2019-08-16 22:34:15', '0000-00-00 00:00:00'),
(1000, 710, 16, 'vitae tincidunt Fusce quis eu interdum Phasellus vel interdum porttitor ut dolor ipsum massa nisi Fusce efficitur erat nec sed ', '2019-12-01 07:07:45', '0000-00-00 00:00:00'),
(1001, 710, 15, 'sit vehicula efficitur Morbi tempor felis nunc velit nec vel fames vestibulum Fusce est libero vitae laoreet mattis aliquam massa vel fermentum congue lacinia blandit laoreet velit sagittis fermentum ligula varius euismod at Mauris diam vitae lorem dis Donec ipsum diam mus ', '2019-10-17 00:21:39', '0000-00-00 00:00:00'),
(1002, 710, 15, 'vel dui sapien egestas nisi lobortis iaculis lobortis faucibus nunc vel lorem ac laoreet risus tortor Mauris blandit Proin Pellentesque nec eu Nam nisi In parturient justo molestie Donec Cras congue viverra lacus laoreet orci mi faucibus nunc posuere Morbi Morbi parturient tellus tempus ', '2019-11-06 19:26:22', '0000-00-00 00:00:00'),
(1003, 710, 2, 'montes risus est lobortis Morbi scelerisque pulvinar Orci bibendum Vivamus vel imperdiet mi at egestas blandit imperdiet fames risus non imperdiet vel tempus ', '2019-10-11 06:46:05', '0000-00-00 00:00:00'),
(1004, 710, 14, 'nec imperdiet malesuada scelerisque lobortis ipsum faucibus vestibulum erat ultrices id nascetur at velit aliquam vel ornare tempor a vel gravida maximus lorem Mauris eu vel a vulputate tellus erat Fusce mi accumsan sit Donec tellus diam Nunc ornare justo ', '2020-01-30 19:41:20', '0000-00-00 00:00:00'),
(1005, 711, 19, 'ipsum a egestas et arcu penatibus diam elit nisi elit ridiculus aliquam ipsum laoreet risus laoreet faucibus nascetur feugiat vitae fermentum penatibus nibh velit iaculis vehicula Donec faucibus laoreet est Nam dolor eu id ', '2020-01-08 04:57:41', '0000-00-00 00:00:00'),
(1006, 711, 15, 'a risus auctor scelerisque amet magnis Ut justo luctus felis finibus nisi felis sem nulla ', '2019-12-30 06:09:17', '0000-00-00 00:00:00'),
(1007, 711, 14, 'scelerisque luctus mattis Pellentesque blandit luctus cursus risus ex egestas nascetur eget diam eu ', '2020-01-27 16:25:27', '0000-00-00 00:00:00'),
(1008, 711, 7, 'bibendum nascetur ornare in ornare dui in et consequat sapien erat blandit pretium vel pulvinar varius non aliquam Donec vestibulum rhoncus at ligula Donec nulla ac tellus ante neque sit pulvinar ', '2020-01-05 12:31:16', '0000-00-00 00:00:00'),
(1009, 712, 13, 'magnis molestie mattis sit at libero parturient erat arcu mi auctor at consequat nisi Mauris ipsum ', '2019-11-11 06:18:07', '0000-00-00 00:00:00'),
(1010, 712, 19, 'adipiscing Etiam in convallis Donec faucibus commodo vitae neque ex vel blandit est odio sem elit at vehicula nec scelerisque magna consectetur vestibulum vestibulum laoreet nunc finibus Nullam id ', '2019-12-18 01:13:55', '0000-00-00 00:00:00'),
(1011, 714, 16, 'libero vitae ridiculus erat a varius eu justo condimentum Fusce non tincidunt accumsan ipsum nisi purus libero nunc sapien Proin adipiscing ornare Donec elit erat vel sapien ipsum at tristique magna in Interdum rhoncus ultrices Vivamus diam est Integer nisi ', '2019-12-31 07:57:23', '0000-00-00 00:00:00'),
(1012, 714, 18, 'neque nec vel lacinia ante felis maximus ornare nisi elit venenatis turpis lacinia justo pellentesque scelerisque non vitae odio accumsan ex diam leo a a odio nisi congue Phasellus volutpat sed ultrices Morbi interdum nec ac Ut condimentum velit commodo luctus eget erat sed vestibulum ridiculus venenatis ', '2020-01-06 17:46:43', '0000-00-00 00:00:00'),
(1013, 714, 20, 'ex condimentum risus a nisi eget sem pulvinar eget Fusce dis pulvinar magnis id nisi parturient dignissim laoreet lacus quam mi consequat natoque in mi enim lectus dolor In nunc facilisis accumsan Vestibulum dolor ultrices ipsum purus ', '2020-01-08 14:14:42', '0000-00-00 00:00:00'),
(1014, 714, 19, 'tellus Phasellus at ridiculus ac luctus ridiculus vel vel imperdiet est et congue ligula Donec ultricies Mauris a nisi ipsum efficitur augue arcu Donec sem mi Nullam in elit nisl laoreet penatibus in congue varius velit vestibulum ', '2020-01-12 12:29:25', '0000-00-00 00:00:00'),
(1015, 715, 18, 'aliquam Ut Proin sit rhoncus lobortis egestas odio leo ligula accumsan ante nec vitae amet faucibus vel in auctor erat magna ', '2020-01-17 16:14:48', '0000-00-00 00:00:00'),
(1016, 715, 16, 'mi nunc vestibulum sit montes risus arcu nisl varius tellus congue mi quis efficitur montes gravida nec sapien Integer Donec Nullam sem odio finibus sit in dui vestibulum Proin nibh eleifend in vel nec vel Interdum blandit Nullam aliquam fames egestas placerat ', '2020-01-27 23:54:45', '0000-00-00 00:00:00'),
(1017, 715, 17, 'blandit Morbi elit molestie blandit Nullam magnis vestibulum ex diam at vel faucibus Etiam a pellentesque Vestibulum justo vulputate fames vel in a nisi Donec malesuada mattis Quisque nunc in neque Orci Proin Mauris vel blandit ', '2020-01-16 07:35:38', '0000-00-00 00:00:00'),
(1018, 715, 20, 'felis consequat elit efficitur faucibus diam finibus quis dolor ipsum aliquam quis congue at ac odio tellus blandit auctor interdum ipsum nascetur nisi mattis Donec montes elit a finibus in dolor vel elit faucibus at sagittis Fusce finibus sed et commodo nunc ultrices interdum ', '2020-01-14 08:23:31', '0000-00-00 00:00:00'),
(1019, 715, 16, 'mus consectetur congue vel mauris maximus a justo diam consectetur quis efficitur egestas pulvinar dolor nec posuere sagittis cursus pretium Nullam nec at vehicula risus Fusce ipsum Morbi mi Proin Aenean amet gravida venenatis vehicula feugiat pretium feugiat ', '2020-01-13 19:28:55', '0000-00-00 00:00:00'),
(1020, 716, 20, 'luctus porttitor felis mattis nibh tincidunt consectetur sem maximus dolor a varius varius non Sed ', '2019-12-12 17:56:20', '0000-00-00 00:00:00'),
(1021, 716, 15, 'eu in non nulla egestas Phasellus quis et auctor arcu risus commodo dui vel elit laoreet neque odio vitae egestas maximus arcu tellus in dolor in felis sem erat Morbi in consectetur sem semper ac congue adipiscing egestas Fusce imperdiet tincidunt orci sed est volutpat ', '2020-01-07 03:51:28', '0000-00-00 00:00:00'),
(1022, 716, 19, 'Cras auctor purus arcu commodo Donec lorem maximus Donec efficitur Nullam quis a Fusce eget condimentum est id eget magnis dui sit Morbi nisi metus nulla est sagittis libero nisi elit neque maximus accumsan ipsum Donec luctus congue ullamcorper at ', '2019-11-10 12:22:31', '0000-00-00 00:00:00'),
(1023, 716, 16, 'risus ultricies nunc egestas tempor nibh ac luctus accumsan tellus mauris Donec ornare Nam feugiat nunc fames ornare molestie vel velit molestie molestie pharetra est finibus accumsan Pellentesque vitae felis fermentum in vel tempus velit dolor varius neque Interdum ', '2020-01-13 19:11:09', '0000-00-00 00:00:00'),
(1024, 716, 19, 'scelerisque magna interdum in dis sit fringilla mus id Pellentesque in Vivamus tempor neque purus imperdiet magnis leo Quisque nec tellus Phasellus eu ante non fames Donec mauris neque turpis nascetur dolor ', '2019-10-21 11:50:38', '0000-00-00 00:00:00'),
(1025, 717, 18, 'Interdum volutpat mi dolor montes semper ornare accumsan scelerisque mi ac est id sit at et quis parturient posuere commodo vehicula vel odio blandit malesuada sit sit ', '2020-01-30 02:28:19', '0000-00-00 00:00:00'),
(1026, 717, 20, 'luctus quis massa risus a Morbi Nam bibendum eu Nam Pellentesque faucibus erat a ipsum magnis fringilla suscipit feugiat viverra dui ridiculus Morbi nisi parturient ', '2020-01-26 10:31:23', '0000-00-00 00:00:00'),
(1027, 718, 18, 'odio luctus pulvinar urna tincidunt placerat quis malesuada dolor nunc justo semper aliquam ', '2020-01-01 07:55:00', '0000-00-00 00:00:00'),
(1028, 719, 16, 'tincidunt sapien rhoncus penatibus finibus auctor sit sit accumsan quam orci purus ', '2019-12-23 11:15:56', '0000-00-00 00:00:00'),
(1029, 719, 20, 'orci finibus nulla lacus pellentesque id porttitor amet Mauris aliquam ipsum Mauris nec varius gravida justo consectetur neque molestie euismod tempor elementum Mauris dolor velit pulvinar vestibulum magna Nunc cursus vel Sed nulla enim fringilla pretium pretium nisi diam ', '2019-10-18 16:53:07', '0000-00-00 00:00:00'),
(1030, 719, 21, 'viverra in fringilla dolor et ac est scelerisque maximus vitae erat varius purus mi neque ridiculus finibus id arcu ultricies Ut et pharetra tellus nisi ante Proin Ut Morbi elit nunc vitae montes id sapien enim Proin dui in quam lorem Nam ut sed ridiculus fames dui vitae varius ', '2019-12-01 21:56:50', '0000-00-00 00:00:00'),
(1031, 719, 12, 'odio pellentesque ipsum quis ac fringilla pretium dapibus orci at felis parturient congue vulputate montes ipsum adipiscing tortor in tincidunt congue dui sed euismod laoreet ornare velit eget maximus ', '2019-10-13 07:18:38', '0000-00-00 00:00:00'),
(1032, 719, 18, 'vehicula congue a erat efficitur enim eu nascetur faucibus condimentum mi tempus maximus fermentum luctus lorem felis ante eget enim non Etiam dis nisi erat posuere nec egestas a arcu imperdiet erat at viverra justo suscipit augue Phasellus augue neque lacus pellentesque odio Proin Cras Etiam diam ', '2019-09-05 16:11:44', '0000-00-00 00:00:00'),
(1033, 720, 14, 'Integer sapien ante justo sit eget ornare consectetur Fusce eu In augue varius montes pulvinar Morbi est amet in ', '2020-01-30 20:37:12', '0000-00-00 00:00:00'),
(1034, 721, 17, 'sodales turpis molestie nec dapibus cursus lorem lectus ultricies maximus eu ac enim elit mi interdum ipsum molestie a laoreet nec justo dolor mauris ac vel nisi Ut sed ornare amet odio ac Nullam pharetra orci Lorem lectus iaculis sed maximus odio fringilla ', '2019-09-17 11:29:17', '0000-00-00 00:00:00'),
(1035, 721, 13, 'enim consectetur amet laoreet quis feugiat Nullam condimentum a interdum malesuada rutrum maximus et a Pellentesque risus nec ac nunc ', '2019-09-14 15:21:36', '0000-00-00 00:00:00'),
(1036, 721, 17, 'luctus vel mus tortor velit a eu Fusce magna vulputate leo purus a vulputate eget elit orci nunc lectus dui Fusce elit urna penatibus ornare justo Ut ', '2019-10-12 20:04:02', '0000-00-00 00:00:00'),
(1037, 721, 13, 'lorem Cras eu erat dui bibendum massa condimentum montes interdum in condimentum auctor ante eget eu quis amet Donec est suscipit molestie non dui mi sit primis laoreet felis imperdiet imperdiet amet dolor consectetur nulla justo at mi fringilla at ', '2020-01-31 09:47:33', '0000-00-00 00:00:00'),
(1038, 721, 16, 'quam vitae fames Mauris pretium nec Donec viverra semper fringilla dui adipiscing dui vitae tincidunt Quisque Donec fames vestibulum nascetur maximus vitae at congue vestibulum ', '2019-12-08 16:38:38', '0000-00-00 00:00:00'),
(1039, 722, 13, 'Suspendisse gravida in lobortis mi congue et elit luctus id ultricies Integer montes ipsum ornare tincidunt tempor lobortis bibendum eu malesuada efficitur erat tempus scelerisque ', '2019-11-19 02:13:05', '0000-00-00 00:00:00'),
(1040, 722, 18, 'in nunc fringilla Vivamus primis sagittis lobortis id dolor augue Quisque commodo semper Quisque consequat Mauris facilisis nisi Donec ornare at commodo vestibulum suscipit elit condimentum eu a Ut purus sem erat lobortis euismod volutpat nec ', '2019-11-29 12:05:57', '0000-00-00 00:00:00'),
(1041, 722, 18, 'neque enim fringilla pulvinar aliquam mi purus felis pulvinar at ultrices id Morbi risus Nunc ', '2020-01-02 18:29:51', '0000-00-00 00:00:00'),
(1042, 723, 21, 'nisi velit orci vel primis mi Cras ipsum velit ac molestie maximus a consequat risus ornare Interdum nec molestie odio eu ', '2019-11-25 04:20:12', '0000-00-00 00:00:00'),
(1043, 723, 19, 'est in sem orci montes eu suscipit in laoreet magnis justo malesuada quis odio amet mattis Mauris feugiat sagittis Sed interdum sed felis ', '2020-01-17 10:03:40', '0000-00-00 00:00:00'),
(1044, 723, 14, 'Nunc sapien Pellentesque commodo libero commodo at neque odio orci dis consequat tellus Interdum ridiculus Fusce tortor at tempor consequat posuere laoreet neque eu Morbi diam montes vel ornare ', '2019-09-21 04:31:36', '0000-00-00 00:00:00'),
(1045, 723, 13, 'interdum neque congue ultrices et lorem et tempus laoreet accumsan orci facilisis scelerisque justo interdum auctor dignissim a a Cras ornare ipsum aliquam rhoncus amet lorem et vitae tempus sed vehicula maximus maximus ', '2020-01-03 03:17:25', '0000-00-00 00:00:00'),
(1046, 724, 16, 'neque finibus Proin interdum Ut pellentesque Phasellus scelerisque ipsum in est vehicula semper ut neque eleifend purus feugiat Cras Phasellus ', '2020-01-14 19:41:56', '0000-00-00 00:00:00'),
(1047, 724, 17, 'nisi pharetra scelerisque est est in at sit Nullam et consectetur laoreet libero commodo eu fermentum Pellentesque vulputate Proin nisi malesuada nec dui fringilla neque ultricies primis ', '2020-01-16 21:29:18', '0000-00-00 00:00:00'),
(1048, 724, 15, 'congue egestas fringilla a at luctus egestas odio quis pulvinar nec suscipit justo odio erat vitae Cras iaculis tortor Morbi elementum Nullam sem neque nascetur ornare tincidunt accumsan penatibus ultricies Fusce purus nunc vestibulum convallis vestibulum quis ', '2020-01-10 21:01:44', '0000-00-00 00:00:00'),
(1049, 724, 15, 'risus maximus at velit felis orci eu at laoreet vehicula erat in ultricies convallis est euismod Cras libero magnis nec eget pellentesque nunc neque tellus Pellentesque ut gravida dignissim volutpat condimentum vitae tincidunt vestibulum neque luctus sem a Nullam id augue massa tempor luctus erat ', '2020-01-07 12:16:52', '0000-00-00 00:00:00'),
(1050, 725, 19, 'accumsan Ut gravida enim Pellentesque pharetra cursus nascetur varius amet velit et Interdum non Sed semper molestie ', '2019-12-14 13:19:58', '0000-00-00 00:00:00'),
(1051, 726, 16, 'vitae diam ridiculus cursus eget ornare suscipit libero et arcu dignissim elit sapien sit vel erat amet et iaculis ornare montes accumsan leo a nunc erat feugiat arcu eu pellentesque Morbi consequat pellentesque neque laoreet et eros orci consequat dis condimentum mi maximus pellentesque lobortis elementum nisi ', '2019-10-13 01:59:52', '0000-00-00 00:00:00'),
(1052, 726, 14, 'sagittis tincidunt eu gravida vel bibendum nisi fermentum et lobortis interdum faucibus Pellentesque Donec nisi luctus eget Vivamus egestas pulvinar elit mus pretium dapibus nec sem Nullam ornare sagittis in elit orci Ut tempus quam molestie sapien sem sit Donec nisl viverra congue elit Pellentesque ', '2019-10-31 05:21:31', '0000-00-00 00:00:00'),
(1053, 728, 15, 'imperdiet pulvinar ultricies massa adipiscing scelerisque auctor pellentesque tellus placerat Cras neque vel fermentum risus erat magna tempor Integer Suspendisse interdum mauris pulvinar lacus vel tempus interdum dapibus erat facilisis ', '2020-01-09 15:06:15', '0000-00-00 00:00:00'),
(1054, 728, 16, 'tincidunt Fusce neque fringilla sit magnis molestie nisi congue vulputate quis est nec ac vel ', '2019-12-26 13:24:08', '0000-00-00 00:00:00'),
(1055, 728, 17, 'erat efficitur a purus commodo elit lectus tempor ullamcorper faucibus primis neque eros odio molestie augue libero Etiam lacinia arcu dolor tempus Donec sagittis ipsum tempor primis condimentum egestas elit vestibulum luctus sodales nec eget maximus Donec nascetur sagittis accumsan Mauris Nullam faucibus odio ', '2019-12-26 03:20:25', '0000-00-00 00:00:00'),
(1056, 728, 21, 'faucibus In ac penatibus maximus condimentum lectus fames malesuada vel elit Proin a odio eros in a egestas orci eros gravida quis erat viverra nisi congue ultricies ', '2019-12-30 14:40:48', '0000-00-00 00:00:00'),
(1057, 728, 14, 'in feugiat nisi malesuada amet quam odio risus vel egestas dolor odio velit tempus ', '2020-02-02 01:45:41', '0000-00-00 00:00:00'),
(1058, 729, 18, 'condimentum est Donec elit faucibus mattis pulvinar est enim montes nunc suscipit neque Phasellus Pellentesque lacinia non finibus tempor erat Donec Nullam nec ', '2019-10-19 23:39:15', '0000-00-00 00:00:00'),
(1059, 729, 17, 'ridiculus a nunc nunc fermentum facilisis nisi purus suscipit fermentum gravida risus Etiam dui dapibus a elit Nullam arcu Donec nisi maximus vestibulum placerat sed vestibulum laoreet erat varius vestibulum vestibulum luctus in ', '2020-01-02 20:18:18', '0000-00-00 00:00:00'),
(1060, 729, 21, 'erat id quis pulvinar nisi mattis erat mattis magna Interdum pharetra Orci malesuada non laoreet suscipit velit odio quis aliquam nec Donec molestie finibus porttitor ante Proin ut tempus ornare ac dignissim neque est velit Mauris Donec justo dui odio tristique non dui ut nunc primis quis ', '2020-02-01 02:59:49', '0000-00-00 00:00:00'),
(1061, 730, 19, 'euismod varius nec Nunc dui velit Proin in ultricies et in commodo ac ac neque urna Ut eu Morbi Donec dui quam vitae malesuada Orci volutpat in commodo Fusce Pellentesque dis Nullam elit nec nulla quis ', '2019-12-20 13:45:04', '0000-00-00 00:00:00'),
(1062, 730, 18, 'lacinia euismod tortor euismod et eget tempor pellentesque nisl ipsum eget neque at purus lacinia commodo nisi dolor in dolor magna sem fames ', '2019-11-15 01:45:54', '0000-00-00 00:00:00'),
(1063, 730, 18, 'pellentesque eros laoreet amet ultrices nunc Donec sem penatibus a id enim tincidunt Donec dolor adipiscing mus ac sit justo elit Ut pellentesque parturient scelerisque eget commodo vitae nec Etiam pellentesque quis dis amet luctus neque tincidunt lacinia faucibus interdum quis in Integer quam tempus ', '2019-08-30 02:50:35', '0000-00-00 00:00:00'),
(1064, 731, 13, 'Vivamus lobortis a Nullam urna Mauris at mus ante vestibulum orci dolor ac elit risus tincidunt ultricies varius amet dolor nec mi nascetur nec interdum Etiam justo Donec Ut Integer libero libero Donec semper dolor at vestibulum ', '2019-12-19 13:12:41', '0000-00-00 00:00:00'),
(1065, 731, 6, 'facilisis ac ut dui Cras in Donec varius primis natoque massa in Aenean Mauris arcu erat a vitae dolor a in accumsan at vitae malesuada quis ', '2020-01-19 06:12:02', '0000-00-00 00:00:00'),
(1066, 732, 15, 'In facilisis dolor ultrices neque commodo congue vel diam blandit rhoncus Fusce Phasellus nascetur quis tincidunt dolor mauris at vel eget ipsum accumsan Mauris feugiat in feugiat quis Nunc odio justo in purus nibh pellentesque montes risus vel vel et pulvinar est dui lacinia tellus dis ultricies elit dolor ', '2020-01-06 01:45:54', '0000-00-00 00:00:00'),
(1067, 732, 17, 'et nisl tortor urna magna diam fringilla magnis vestibulum erat scelerisque molestie ridiculus est maximus tortor molestie faucibus eget ornare sit Fusce risus Donec urna Interdum commodo In ac quis lobortis non tempor a maximus tincidunt eget ', '2019-09-19 08:48:43', '0000-00-00 00:00:00'),
(1068, 733, 18, 'massa mus eu metus posuere volutpat at porttitor porttitor eget nisi vel neque Ut Donec ut Phasellus sapien ', '2019-09-06 07:37:11', '0000-00-00 00:00:00'),
(1069, 733, 18, 'arcu neque consequat Cras eu est porttitor venenatis erat rutrum Ut Nullam nec faucibus cursus ornare molestie felis nec Mauris ultrices sit vitae Ut Cras sapien natoque faucibus amet justo in Nullam tempor scelerisque rhoncus Nullam quis Nullam accumsan quis dui Nullam dapibus laoreet mauris urna magna luctus velit ', '2019-11-22 21:06:54', '0000-00-00 00:00:00'),
(1070, 733, 17, 'gravida varius dolor elit vitae Quisque mi bibendum scelerisque varius velit lorem mus Fusce massa interdum vehicula erat augue scelerisque mi interdum enim accumsan risus Donec neque sem erat laoreet rhoncus volutpat sit nec vitae mattis eu ', '2019-11-04 01:11:41', '0000-00-00 00:00:00'),
(1071, 735, 20, 'eu a pellentesque fringilla gravida molestie dapibus nulla ridiculus Quisque lorem lectus ac sem ', '2019-11-28 13:06:47', '0000-00-00 00:00:00'),
(1072, 736, 13, 'tempor vehicula vitae iaculis laoreet Donec ultricies Suspendisse quis a eget montes ex vulputate lorem vel accumsan ultrices lorem eget sed ', '2019-09-02 23:36:50', '0000-00-00 00:00:00'),
(1073, 736, 16, 'tincidunt Vivamus at tellus mauris sit accumsan tincidunt cursus est malesuada fames posuere neque mus lacus nulla feugiat iaculis elit lacinia vel Cras venenatis lacus a a at Nunc ', '2019-07-28 13:16:26', '0000-00-00 00:00:00'),
(1074, 736, 19, 'molestie vehicula quis ipsum at ultrices nisi Etiam maximus enim at velit malesuada vel Ut et eget congue faucibus ', '2019-09-20 10:37:09', '0000-00-00 00:00:00'),
(1075, 737, 19, 'euismod eros ut risus nisi in interdum Integer tempor congue gravida Nullam massa ', '2019-07-25 23:25:40', '0000-00-00 00:00:00'),
(1076, 737, 20, 'Mauris magna a blandit Orci fames Integer sed justo at eget elit risus vel montes Lorem consectetur a mi interdum scelerisque commodo diam egestas a eget Quisque gravida mattis fermentum mi Proin ligula orci a tempor varius justo Mauris sagittis at ', '2019-08-26 01:39:11', '0000-00-00 00:00:00'),
(1077, 737, 16, 'ipsum lobortis lobortis volutpat justo ultrices mi posuere magna eu semper Donec elementum porttitor vestibulum enim leo mi vestibulum risus Fusce vehicula nec ', '2019-11-06 22:01:10', '0000-00-00 00:00:00'),
(1078, 738, 14, 'amet vestibulum eget fringilla elit non nisi gravida scelerisque metus non arcu velit ultricies in tortor quis tincidunt vel molestie quis mus sit ipsum volutpat risus ', '2019-11-24 06:24:38', '0000-00-00 00:00:00'),
(1079, 738, 16, 'lorem quis dignissim egestas non Fusce est egestas sem feugiat viverra ', '2019-12-31 15:12:23', '0000-00-00 00:00:00'),
(1080, 738, 16, 'pharetra sagittis amet suscipit in interdum laoreet ridiculus nunc urna odio Donec neque Nunc pellentesque rhoncus sapien placerat ipsum est vel diam velit Donec ipsum ex a egestas lorem orci nec nisi nunc tempor porttitor Phasellus a elementum eget adipiscing metus ac interdum quis ipsum congue consequat Cras ', '2019-10-29 13:24:16', '0000-00-00 00:00:00'),
(1081, 739, 10, 'arcu Mauris penatibus Ut Sed maximus varius maximus urna dolor molestie laoreet neque condimentum Fusce dui a auctor ', '2020-01-25 13:02:07', '0000-00-00 00:00:00'),
(1082, 739, 18, 'massa Donec maximus et molestie vel id varius erat nisi quam erat mi tortor vestibulum Donec quis vel vel lectus parturient Quisque erat mi Fusce mus commodo mauris Mauris interdum malesuada nunc pulvinar erat blandit dis elit nisi varius Orci vitae at Orci at ', '2020-02-02 04:53:39', '0000-00-00 00:00:00'),
(1083, 739, 18, 'viverra eget libero tellus Pellentesque quam tempus odio nisi vitae in vitae a magnis risus ipsum dignissim ipsum ', '2020-01-28 00:08:32', '0000-00-00 00:00:00'),
(1084, 740, 13, 'posuere id vel in vel at eu lacinia sem nulla Cras Ut nec fames Donec accumsan natoque eget In odio et vehicula Pellentesque Aenean congue non Donec tincidunt vel amet orci mattis nunc augue a In est tristique nec pulvinar condimentum justo nisi velit Phasellus eros magna arcu ', '2020-01-03 11:38:50', '0000-00-00 00:00:00'),
(1085, 740, 19, 'iaculis nec mus a dui a magnis nec feugiat velit justo laoreet tempus erat vitae turpis Fusce congue dis maximus consequat magna eget a tellus fermentum ornare molestie erat penatibus ullamcorper dis ultricies lobortis consectetur Mauris ultrices ', '2019-10-27 22:08:32', '0000-00-00 00:00:00'),
(1086, 740, 15, 'orci Proin Pellentesque gravida Donec lobortis tristique neque congue lorem in justo tristique risus amet laoreet placerat lectus diam magna tortor nisi Proin risus ipsum Nullam in ', '2019-11-12 10:52:52', '0000-00-00 00:00:00'),
(1087, 740, 20, 'in aliquam sit augue ipsum eros sit parturient augue eu ridiculus Pellentesque eu sagittis velit Nunc auctor sagittis ut velit ', '2019-09-10 00:52:34', '0000-00-00 00:00:00'),
(1088, 741, 17, 'malesuada dolor condimentum non vehicula mattis dolor lorem velit consequat lorem interdum Fusce ipsum odio mi dolor tellus nec penatibus justo mauris scelerisque lacinia at Vestibulum lacus ex vestibulum amet dolor interdum In lorem Fusce elementum vestibulum condimentum Quisque neque congue natoque vitae arcu consectetur quis ', '2019-08-28 01:39:50', '0000-00-00 00:00:00'),
(1089, 741, 13, 'laoreet Integer Pellentesque fames Nam diam nisl Nullam nisi finibus Integer lectus mauris mi ultrices placerat Donec Mauris Fusce Fusce tellus maximus elementum Proin ornare magna accumsan nisi orci sit at Integer Mauris eu eget non Nullam suscipit ', '2019-11-01 16:26:37', '0000-00-00 00:00:00'),
(1090, 741, 17, 'velit sapien molestie at laoreet est massa arcu urna lacinia elit vestibulum risus accumsan ipsum elementum lacinia Nullam posuere in in libero laoreet et maximus diam Nam amet Integer tortor enim ', '2019-10-10 17:51:57', '0000-00-00 00:00:00'),
(1091, 741, 16, 'arcu id facilisis molestie nisi Nunc a massa pellentesque scelerisque et ipsum a ac feugiat laoreet augue Donec turpis interdum Fusce ', '2019-09-09 00:18:49', '0000-00-00 00:00:00'),
(1092, 741, 19, 'bibendum at eget varius dui a Pellentesque vehicula risus malesuada a ornare nec enim turpis fringilla feugiat sit varius risus lectus vestibulum fringilla interdum nunc Donec consectetur libero est finibus pharetra interdum erat eget arcu In Nunc fermentum non Donec viverra iaculis ', '2019-10-11 12:31:56', '0000-00-00 00:00:00'),
(1093, 743, 13, 'non maximus urna et penatibus egestas condimentum ridiculus sem Fusce tortor magna dolor ', '2019-07-30 18:25:44', '0000-00-00 00:00:00'),
(1094, 743, 19, 'orci tellus condimentum fringilla a feugiat parturient primis fringilla varius commodo ac sit eu elit mus sagittis tincidunt Proin vel facilisis semper in tincidunt turpis ornare auctor sem Donec mus at quis maximus finibus ipsum a ', '2019-11-02 19:04:25', '0000-00-00 00:00:00'),
(1095, 745, 13, 'mus ultricies mus ac sem in in Donec Mauris blandit urna nisi fringilla non amet mattis nisi ornare ipsum libero pretium ', '2019-11-15 04:01:06', '0000-00-00 00:00:00'),
(1096, 745, 20, 'ipsum justo malesuada velit vel eu ipsum ac accumsan interdum laoreet pulvinar tincidunt risus nec Pellentesque magna mi maximus Phasellus in molestie pulvinar leo massa fermentum natoque elit ipsum augue ornare a massa maximus natoque a at erat laoreet quis ', '2019-11-26 02:27:06', '0000-00-00 00:00:00'),
(1097, 746, 14, 'Nunc ornare tempus amet Donec eu ipsum nunc gravida efficitur nulla vitae nec at urna fringilla magnis tortor Mauris non id at odio pellentesque tempor gravida pulvinar in tellus vitae congue lacus sit pulvinar vitae erat et dis felis in non auctor ', '2019-12-17 23:04:38', '0000-00-00 00:00:00'),
(1098, 746, 7, 'dapibus dui eu fringilla Donec molestie Ut eu eu montes est quam metus tempus elementum tincidunt eu varius malesuada ipsum lobortis dolor luctus mauris varius accumsan aliquam Mauris ', '2019-10-02 12:54:46', '0000-00-00 00:00:00'),
(1099, 746, 17, 'ullamcorper Etiam finibus vel non erat at congue Donec ac tellus et nisi volutpat tincidunt amet auctor maximus mus eget Ut nascetur ac et eleifend eget natoque justo Fusce sagittis montes est nibh vel parturient Donec euismod volutpat ', '2019-11-05 13:40:47', '0000-00-00 00:00:00'),
(1100, 747, 18, 'est vestibulum nisi elementum iaculis non in luctus mauris quis quis dui dolor vitae in orci Ut maximus faucibus blandit Fusce Donec arcu odio maximus tincidunt luctus mattis Donec Nunc risus fermentum Donec varius a diam ', '2019-12-10 18:24:38', '0000-00-00 00:00:00'),
(1101, 747, 15, 'in in sem quam efficitur odio eu enim mi amet vitae ', '2019-11-11 20:59:57', '0000-00-00 00:00:00'),
(1102, 747, 21, 'ipsum non feugiat vitae commodo odio id lacus tellus Nullam neque fringilla in justo vitae eget elit aliquam Donec pretium vel erat faucibus odio elementum tincidunt facilisis ut molestie quis at ipsum bibendum Donec varius efficitur fermentum accumsan quis dolor a mattis luctus felis ', '2019-11-12 18:57:16', '0000-00-00 00:00:00'),
(1103, 748, 18, 'Donec eros arcu laoreet lectus bibendum sapien nisi elit at malesuada ac risus condimentum fringilla neque vulputate gravida ridiculus nisi tincidunt eros nunc vitae Nullam dui neque vestibulum eu diam dapibus ante Donec dolor risus ', '2019-12-08 20:05:44', '0000-00-00 00:00:00'),
(1104, 749, 18, 'accumsan dui rhoncus imperdiet libero eget lobortis vulputate est vitae Integer Lorem consequat ipsum rutrum Ut pellentesque pulvinar mi ac mi purus ', '2020-01-07 07:27:18', '0000-00-00 00:00:00'),
(1105, 749, 14, 'lacus Fusce vel quis nunc et tincidunt Pellentesque penatibus condimentum ', '2020-01-26 17:51:19', '0000-00-00 00:00:00'),
(1106, 749, 18, 'dui interdum diam eros in augue eu eleifend Nam sem feugiat purus Quisque placerat odio in maximus vehicula at luctus est ipsum adipiscing consectetur est amet odio quam pulvinar Suspendisse pellentesque at est ', '2019-12-25 16:48:32', '0000-00-00 00:00:00'),
(1107, 749, 21, 'risus elit Ut Lorem finibus maximus pharetra in rhoncus non mi tortor Etiam Etiam quis fringilla risus iaculis vel accumsan ', '2020-01-24 12:18:03', '0000-00-00 00:00:00'),
(1108, 751, 14, 'faucibus eu nec blandit ipsum magna magna justo tincidunt Nam et ligula euismod Etiam ', '2019-07-22 08:09:55', '0000-00-00 00:00:00'),
(1109, 751, 21, 'a ac Donec vestibulum neque auctor eu egestas commodo viverra amet feugiat dolor rhoncus congue Mauris elit mattis feugiat amet odio ante amet dui eget euismod ultrices Pellentesque ', '2019-07-19 20:07:43', '0000-00-00 00:00:00'),
(1110, 751, 21, 'Proin mauris tellus diam nisi penatibus nunc Cras bibendum mi Donec neque luctus sit congue augue eu tortor vel Nullam Nullam quam sit odio velit mi Proin commodo magna arcu molestie interdum non est Pellentesque fames diam euismod dolor amet interdum lobortis at Phasellus ', '2019-07-27 22:34:32', '0000-00-00 00:00:00'),
(1111, 751, 21, 'eget orci parturient nulla vestibulum vehicula tempor varius id est vitae sit ac vel purus facilisis sem nunc Proin ', '2019-08-16 15:10:38', '0000-00-00 00:00:00'),
(1112, 751, 17, 'at Proin luctus suscipit justo laoreet maximus congue lorem Donec Donec condimentum neque vulputate felis Cras facilisis condimentum augue interdum Mauris non dui ', '2019-07-21 11:03:40', '0000-00-00 00:00:00'),
(1113, 752, 18, 'semper odio cursus purus lacus in euismod diam varius fermentum Nullam erat egestas tincidunt nisi tempor quis nunc erat Donec neque nec montes velit pellentesque mi euismod sapien fermentum varius ', '2019-08-21 18:06:39', '0000-00-00 00:00:00'),
(1114, 753, 16, 'imperdiet diam et eget in sit sit odio ac eget Donec Etiam montes tortor quis interdum Suspendisse vitae diam elit ', '2020-02-02 18:52:21', '0000-00-00 00:00:00'),
(1115, 753, 14, 'Suspendisse nisi Mauris interdum nunc ridiculus quis Proin sapien mattis erat vel Nullam lorem ipsum tortor ', '2020-01-16 10:03:40', '0000-00-00 00:00:00'),
(1116, 755, 14, 'ornare nisi accumsan laoreet nisi Pellentesque parturient enim commodo ultricies maximus pretium vehicula Fusce vel et arcu nulla lacus Donec congue in gravida mattis Integer ', '2019-12-31 03:33:10', '0000-00-00 00:00:00'),
(1117, 755, 12, 'enim nulla bibendum id Sed sapien lobortis Donec interdum ornare mus ac velit Quisque vitae purus penatibus Pellentesque molestie fermentum quis congue ut et scelerisque dui nec blandit libero mi sodales Fusce sodales Quisque justo dui maximus justo nunc urna congue elit elementum consectetur Ut quam commodo faucibus scelerisque porttitor ', '2019-11-04 12:00:54', '0000-00-00 00:00:00'),
(1118, 755, 15, 'Donec Quisque neque Donec Ut varius ex accumsan erat accumsan elementum Quisque maximus mi congue sapien pulvinar vel a amet justo viverra maximus varius erat vel convallis vel nisi nisi nunc ac vitae consequat fringilla nunc Donec sit velit ut Quisque auctor vel purus risus nisi amet sagittis mattis ', '2020-01-16 04:05:50', '0000-00-00 00:00:00'),
(1119, 756, 19, 'Proin vestibulum rhoncus magna mi a egestas vitae et lectus eget ipsum accumsan est risus tincidunt nisi Donec Pellentesque ', '2019-12-27 22:45:52', '0000-00-00 00:00:00'),
(1120, 756, 16, 'primis accumsan ligula nibh Ut lectus accumsan sem ut malesuada varius faucibus orci ', '2020-01-31 11:28:27', '0000-00-00 00:00:00'),
(1121, 756, 19, 'justo natoque luctus quis tempor fames odio maximus turpis Donec accumsan nisi in Vestibulum eleifend ', '2020-01-30 05:40:29', '0000-00-00 00:00:00'),
(1122, 756, 20, 'ornare diam ultrices dui consectetur adipiscing ridiculus a elit at arcu Phasellus ornare volutpat mi augue consectetur condimentum molestie eu Donec a auctor consectetur Nullam non massa nunc purus ', '2020-02-02 09:06:45', '0000-00-00 00:00:00'),
(1123, 757, 20, 'vel magnis arcu ullamcorper ultricies vehicula nisi augue ultrices eget ', '2019-11-09 23:52:16', '0000-00-00 00:00:00'),
(1124, 757, 20, 'mattis nisi vel a vitae lacinia amet mus luctus amet est Fusce ac commodo dolor ante non Vivamus scelerisque libero Donec a mi facilisis ', '2019-10-25 17:32:22', '0000-00-00 00:00:00'),
(1125, 757, 19, 'auctor at Donec laoreet in at quis eleifend sit elementum facilisis sit laoreet Cras tempor eu vel ', '2019-10-21 21:02:56', '0000-00-00 00:00:00'),
(1126, 757, 17, 'Cras faucibus Pellentesque fermentum dolor Ut dolor tincidunt malesuada vel lorem odio mus sit tempor Vivamus pulvinar sem Fusce porttitor sit eu Proin arcu arcu vel ', '2019-09-21 08:21:45', '0000-00-00 00:00:00'),
(1127, 758, 18, 'purus suscipit consequat Quisque nec vel neque arcu Phasellus ultrices pretium orci ornare orci mi lacus volutpat nec purus luctus vestibulum in ante amet Sed Cras Proin Nullam pulvinar laoreet fringilla diam eget felis Nunc mattis nisi at erat est vestibulum ligula in bibendum erat dolor ligula consectetur ac ', '2019-10-27 11:16:23', '0000-00-00 00:00:00'),
(1128, 758, 16, 'tellus Donec varius Nullam orci fames elit ac eu libero elit in Integer felis Etiam justo eget augue ', '2020-01-17 05:07:19', '0000-00-00 00:00:00'),
(1129, 758, 18, 'consequat malesuada iaculis cursus consectetur sit consectetur amet vehicula amet varius scelerisque tempus vulputate in erat blandit ', '2020-01-16 01:15:03', '0000-00-00 00:00:00'),
(1130, 758, 14, 'penatibus auctor primis Mauris magna vitae fringilla imperdiet neque tempus ipsum Donec Pellentesque in a tempus orci nunc efficitur Pellentesque et parturient elementum massa purus odio Morbi ullamcorper fringilla fringilla accumsan nisl nisi Donec Nunc congue felis quam tristique justo velit scelerisque sit est interdum Fusce lacinia ', '2019-11-26 10:55:49', '0000-00-00 00:00:00'),
(1131, 759, 14, 'faucibus pellentesque quis elit in congue massa nisl adipiscing risus at vestibulum dolor Donec quis augue euismod fringilla mattis accumsan vestibulum a Lorem parturient finibus sem in id Etiam diam ', '2020-01-27 16:44:00', '0000-00-00 00:00:00'),
(1132, 761, 19, 'ac neque eu elit fringilla eu Cras sapien volutpat ut parturient a id diam lectus ', '2019-07-17 03:02:55', '0000-00-00 00:00:00'),
(1133, 761, 20, 'nunc suscipit dolor non ornare vehicula semper odio magnis Morbi lorem ex interdum dolor purus ipsum risus aliquam dolor varius ipsum orci sem tristique metus mattis Integer Cras magnis justo egestas vel tortor congue at varius pellentesque urna viverra mus accumsan adipiscing tempus lacinia Cras suscipit Nullam ', '2019-12-08 13:39:34', '0000-00-00 00:00:00'),
(1134, 761, 19, 'eros Morbi euismod Integer ac risus Phasellus a tempor et luctus porttitor lorem nisi at vel faucibus Nunc penatibus dignissim convallis amet Orci Nunc pellentesque tempor luctus egestas quis parturient penatibus elit nec dis ', '2019-12-19 17:33:12', '0000-00-00 00:00:00'),
(1135, 761, 20, 'feugiat lorem ligula auctor libero justo gravida arcu ornare vel Vivamus quam felis luctus felis in at tristique ipsum orci lacus ut suscipit maximus rutrum molestie Phasellus velit bibendum velit congue commodo commodo maximus ornare lectus dui vel Phasellus ut Morbi fermentum nec vitae ', '2019-10-04 22:21:52', '0000-00-00 00:00:00'),
(1136, 761, 18, 'eros ornare accumsan laoreet dapibus vitae consequat sapien natoque lacinia et lorem nisi elementum nulla neque non tortor vitae sem ', '2019-11-03 13:36:26', '0000-00-00 00:00:00'),
(1137, 762, 20, 'neque neque ipsum Quisque orci nisi volutpat Nullam varius dui rutrum ac Donec Cras a vestibulum Donec Mauris mi nec Nullam ', '2019-08-26 01:21:36', '0000-00-00 00:00:00'),
(1138, 762, 8, 'eu ipsum iaculis vestibulum dolor varius lobortis mauris scelerisque euismod primis pellentesque laoreet Donec felis lorem eu felis blandit nec condimentum risus mi nulla justo vestibulum consectetur vestibulum Fusce congue sed molestie aliquam a aliquam nunc Vivamus vel arcu posuere urna nec Interdum Quisque natoque Nullam odio ante ridiculus ', '2019-12-09 04:47:14', '0000-00-00 00:00:00'),
(1139, 762, 14, 'odio elit a nisi eu Quisque pulvinar at non Mauris elit quis justo mauris nunc Fusce tincidunt amet id Integer ornare magna fringilla dui eu amet quis tincidunt Morbi fames amet laoreet Vivamus ', '2019-11-17 22:11:15', '0000-00-00 00:00:00'),
(1140, 763, 19, 'faucibus pellentesque eget vehicula a adipiscing Vivamus ut neque tempus Proin ', '2019-12-09 05:45:10', '0000-00-00 00:00:00'),
(1141, 763, 15, 'eu Morbi odio arcu luctus varius ornare eleifend mi felis sed enim vel parturient ', '2020-02-02 13:54:26', '0000-00-00 00:00:00'),
(1142, 763, 20, 'nec eu nisi vitae Donec sit consequat Nullam tempor pellentesque semper volutpat diam orci ipsum tempor dolor sit neque fringilla pulvinar libero nascetur at fermentum sed vestibulum ex condimentum nascetur dolor porttitor faucibus ridiculus nisi arcu in lacinia sit ornare nunc a elit finibus porttitor elit mattis Nunc ante Cras ', '2019-12-14 00:39:59', '0000-00-00 00:00:00'),
(1143, 763, 20, 'parturient enim ultrices arcu ornare magna tortor congue nec ex ultricies eu ', '2019-12-05 20:17:18', '0000-00-00 00:00:00'),
(1144, 764, 17, 'Sed Pellentesque luctus a ac nunc Proin mattis justo dolor neque vel nascetur felis et id tortor lorem risus natoque Vivamus vel ', '2019-12-21 02:53:42', '0000-00-00 00:00:00'),
(1145, 764, 15, 'eget bibendum scelerisque et vel Ut Ut augue ac molestie eros pretium felis iaculis placerat commodo et fringilla fermentum viverra molestie blandit ornare libero tellus viverra massa Fusce interdum augue neque in fringilla dis vel id natoque turpis ipsum in at egestas lorem ', '2019-12-25 00:04:52', '0000-00-00 00:00:00'),
(1146, 764, 16, 'Nullam suscipit congue Quisque mattis id imperdiet ante elit ornare justo Interdum dolor vehicula Cras at est Integer at semper sapien at felis mattis nec enim ', '2019-12-20 22:17:28', '0000-00-00 00:00:00'),
(1147, 765, 13, 'ex lorem id aliquam erat elit fringilla quis at maximus pulvinar dui odio mi Nunc varius dui iaculis laoreet pellentesque nunc interdum ', '2019-12-19 18:01:04', '0000-00-00 00:00:00'),
(1148, 765, 21, 'eget arcu eros pellentesque erat Nam vel dolor tellus facilisis orci convallis volutpat Proin ', '2019-10-13 22:48:43', '0000-00-00 00:00:00'),
(1149, 765, 2, 'nisi sem Cras velit tempor Proin mattis egestas nec vehicula mus parturient leo Proin ornare faucibus nunc gravida elit eu neque consequat vestibulum suscipit enim ipsum In Ut eget odio eu nunc nisi consectetur at sapien convallis interdum at maximus Nunc eget mi pulvinar ', '2020-01-24 14:28:04', '0000-00-00 00:00:00'),
(1150, 765, 17, 'quis Donec Interdum erat in erat Proin varius commodo tincidunt dolor feugiat dui elit Donec vel viverra mi placerat est nec Proin Ut mi fermentum nunc maximus dolor fringilla tempus arcu ', '2019-11-30 03:14:57', '0000-00-00 00:00:00'),
(1151, 766, 19, 'et lorem venenatis Mauris nec Nam orci feugiat amet velit mi auctor Cras sodales fermentum Fusce Morbi eget est ornare tempus Nam dolor nec a ultricies in et amet id gravida metus Proin ridiculus orci Morbi eget mattis magna ', '2019-12-07 12:26:18', '0000-00-00 00:00:00'),
(1152, 767, 19, 'adipiscing nunc a neque Donec vitae maximus consequat non penatibus aliquam tellus nisi consequat nisi dolor vulputate sed eget blandit nec Nullam eget laoreet ornare at elit et quis ', '2019-06-07 22:32:22', '0000-00-00 00:00:00'),
(1153, 767, 19, 'a lorem luctus finibus orci vehicula odio vehicula dolor felis ex malesuada Ut neque nunc condimentum posuere tellus tortor est id ultricies maximus dolor non justo vestibulum gravida tempor pulvinar arcu nisi quis mi faucibus vitae sapien purus justo vel vestibulum vitae risus eget vitae mi Donec nunc dolor odio ', '2019-06-16 06:52:58', '0000-00-00 00:00:00'),
(1154, 767, 13, 'mi posuere dui justo eget neque laoreet In neque Mauris malesuada efficitur Quisque Orci sagittis Orci Proin luctus Lorem nec a dolor odio nec at Donec pharetra tellus id at sem dis gravida vestibulum odio urna est lacinia primis maximus luctus vel elit vel lobortis vel ', '2019-12-12 04:57:52', '0000-00-00 00:00:00'),
(1155, 768, 16, 'magna nisi magna a eget tincidunt varius Ut semper dis vitae dolor ', '2019-09-19 23:04:16', '0000-00-00 00:00:00'),
(1156, 768, 17, 'Donec ornare justo urna Integer lacus pellentesque maximus eu rutrum enim urna ante molestie orci ornare Vivamus sit faucibus Quisque erat eu diam mattis ', '2019-11-26 00:44:42', '0000-00-00 00:00:00'),
(1157, 768, 16, 'mi amet nascetur vestibulum Nunc diam augue non at velit sem vestibulum ', '2019-12-09 08:13:20', '0000-00-00 00:00:00'),
(1158, 768, 17, 'ac malesuada non feugiat Donec pulvinar lobortis erat ornare pulvinar sapien nunc vehicula In posuere nulla mi vel nec Mauris Morbi volutpat nisi ullamcorper ornare semper Morbi risus fringilla vitae felis mus in suscipit feugiat odio nunc fermentum mus finibus quam bibendum amet suscipit rutrum Donec sem metus ', '2019-12-13 21:55:05', '0000-00-00 00:00:00'),
(1159, 768, 17, 'rutrum sit amet scelerisque non ipsum ex magna Vivamus mi Pellentesque neque eget felis a vel ipsum dis elit dui Aenean laoreet consequat primis auctor fringilla vel pellentesque commodo varius erat ante erat Pellentesque ipsum pulvinar egestas maximus pulvinar ullamcorper laoreet accumsan velit ', '2020-01-06 11:25:36', '0000-00-00 00:00:00'),
(1160, 770, 14, 'at varius id Morbi elit vestibulum erat Donec aliquam tellus efficitur id at eget faucibus Pellentesque fermentum nisi montes in montes fermentum eu rhoncus eu elit nisi vehicula dolor lectus diam non ', '2019-11-08 19:55:58', '0000-00-00 00:00:00'),
(1161, 770, 15, 'nascetur ante enim vel nunc nec bibendum vestibulum Proin nisi pulvinar pellentesque interdum Pellentesque ', '2019-10-24 00:12:11', '0000-00-00 00:00:00'),
(1162, 770, 20, 'eget nisi lectus vel sit Nunc arcu ac Pellentesque nec neque mi eu gravida ', '2019-11-11 21:57:54', '0000-00-00 00:00:00'),
(1163, 770, 13, 'Phasellus enim quam Donec est rutrum at est maximus nascetur eros dui eget varius tellus lorem mi odio interdum congue erat luctus auctor sed Morbi fames a Sed placerat vitae libero gravida eros est Proin eleifend eu et pharetra in consequat amet cursus elit lobortis magnis dis Donec sem sem ', '2019-11-25 08:17:32', '0000-00-00 00:00:00'),
(1164, 771, 21, 'et Lorem quis at tristique felis at magna sapien Phasellus justo Donec volutpat ', '2020-01-28 19:54:57', '0000-00-00 00:00:00'),
(1165, 771, 17, 'lorem malesuada nascetur vestibulum fringilla varius efficitur ut Vivamus pulvinar maximus eleifend dolor est eros nec consequat feugiat Vestibulum Nullam ', '2020-01-18 21:05:13', '0000-00-00 00:00:00'),
(1166, 771, 13, 'lobortis tempus magna Aenean Morbi erat sagittis viverra varius erat risus in luctus fringilla lobortis ', '2020-01-21 06:13:04', '0000-00-00 00:00:00'),
(1167, 771, 18, 'Proin aliquam Cras congue convallis nunc condimentum accumsan Cras montes suscipit magna ornare porttitor at elit Quisque magna consequat magna Etiam accumsan laoreet natoque luctus purus amet ', '2020-02-02 19:57:57', '0000-00-00 00:00:00'),
(1168, 772, 20, 'non ut eu diam ac magna non vulputate Proin lacus eget ', '2019-11-20 21:26:22', '0000-00-00 00:00:00'),
(1169, 773, 20, 'congue velit orci malesuada finibus Phasellus Morbi consectetur Nullam justo non feugiat Nunc sapien ex dolor Nunc ', '2019-12-19 18:09:29', '0000-00-00 00:00:00'),
(1170, 773, 20, 'et purus nisl tellus tempor vehicula interdum ex lacus feugiat magna Morbi imperdiet ipsum finibus et eros ipsum ', '2019-12-24 13:13:40', '0000-00-00 00:00:00'),
(1171, 773, 14, 'ipsum a est lectus Donec parturient vehicula non quis vel erat ex dolor neque Donec montes nascetur vel ', '2019-06-28 09:34:51', '0000-00-00 00:00:00'),
(1172, 773, 21, 'commodo fringilla accumsan consequat elit felis dolor ultricies orci id ligula sem pulvinar Pellentesque gravida dolor blandit ante est pulvinar mus consequat Phasellus erat imperdiet maximus Fusce tristique eu arcu neque mi sodales sagittis Mauris vehicula vestibulum scelerisque id tincidunt maximus natoque pretium mi luctus metus maximus montes risus ', '2019-07-26 14:18:48', '0000-00-00 00:00:00'),
(1173, 773, 21, 'Donec lectus vel orci aliquam ac consectetur Quisque quis Mauris nec dapibus pulvinar Fusce Vivamus rutrum Fusce finibus ', '2019-07-16 20:49:41', '0000-00-00 00:00:00'),
(1174, 774, 20, 'non finibus vel odio leo neque luctus Proin sem egestas ut vitae vel ante condimentum maximus vestibulum in ultricies vulputate et sit tempor nec varius Nunc laoreet eu elit tempus accumsan vehicula adipiscing vel accumsan Sed elit mauris laoreet mattis diam at nisi velit gravida nunc eu dui cursus euismod ', '2020-02-01 09:48:22', '0000-00-00 00:00:00');
INSERT INTO `comment` (`id`, `proposal_id`, `author_id`, `content`, `date`, `edited_date`) VALUES
(1175, 774, 20, 'justo Fusce a ipsum fermentum sapien dis Donec diam felis posuere ipsum nisi justo eu Integer sodales fames bibendum purus vehicula in placerat orci sapien Fusce finibus porttitor quis varius lectus eros ut malesuada in tellus vel penatibus Cras Vestibulum sem ', '2020-02-02 10:23:17', '0000-00-00 00:00:00'),
(1176, 774, 20, 'vitae nascetur a quam gravida nisi et est Nunc posuere eget amet Lorem enim eleifend mattis ipsum ac Morbi mi dolor penatibus erat mi sagittis in ridiculus porttitor sed parturient eu vulputate dis ipsum Nam accumsan dapibus aliquam ', '2020-02-02 00:16:27', '0000-00-00 00:00:00'),
(1177, 774, 21, 'cursus Morbi sit nisi molestie justo vel sit Nullam Integer justo iaculis sapien commodo est Pellentesque nec Proin Morbi vel fringilla nisi scelerisque gravida luctus sit commodo scelerisque varius tellus Morbi posuere a nibh amet justo neque Mauris lacinia tortor ultricies quis auctor Etiam pretium ', '2020-02-02 15:25:59', '0000-00-00 00:00:00'),
(1178, 774, 20, 'vehicula dolor nec quis eget odio Suspendisse eget tempor commodo mi dui neque amet posuere blandit ornare mauris scelerisque Fusce ultricies vel vestibulum auctor odio Proin vel ', '2020-02-01 01:11:14', '0000-00-00 00:00:00'),
(1179, 775, 14, 'erat quis efficitur fringilla ac interdum natoque a nisi quis consequat ', '2019-12-16 02:22:01', '0000-00-00 00:00:00'),
(1180, 775, 15, 'nec elit viverra ultrices a posuere justo vel parturient suscipit massa tincidunt odio fermentum Donec ', '2019-12-28 00:20:09', '0000-00-00 00:00:00'),
(1181, 775, 21, 'dolor elit a Fusce at nec fringilla nibh Nullam laoreet Pellentesque nisi pulvinar neque purus volutpat feugiat montes Donec felis augue In lectus quis laoreet in laoreet congue vestibulum cursus vehicula viverra quis nisi sem eget Etiam consectetur enim Donec scelerisque neque in tellus justo ', '2019-12-17 20:27:49', '0000-00-00 00:00:00'),
(1182, 775, 21, 'Proin Donec amet a sapien pulvinar pharetra ultrices tempus gravida ut odio venenatis dolor commodo erat aliquam dui ac velit luctus magnis augue Proin vitae augue dui quis ', '2020-01-03 05:50:38', '0000-00-00 00:00:00'),
(1183, 776, 17, 'ornare ipsum risus eu placerat est vitae est rutrum mauris tempor Mauris malesuada purus blandit sed fames id quis sed varius neque non accumsan parturient diam ut Donec malesuada diam aliquam vel nunc iaculis ', '2020-01-14 03:47:14', '0000-00-00 00:00:00'),
(1184, 777, 15, 'sem Vivamus consequat Etiam Proin nec erat orci et Donec diam elit non pulvinar ac Fusce Ut odio quis orci Morbi nisi ipsum elit ipsum sit auctor Donec diam interdum vel condimentum risus accumsan at luctus vel ultricies est auctor neque sagittis quam odio dolor accumsan tellus sapien eros ', '2020-01-15 07:29:07', '0000-00-00 00:00:00'),
(1185, 778, 13, 'non Vestibulum amet amet velit varius blandit felis ipsum dapibus ', '2020-01-04 02:26:25', '0000-00-00 00:00:00'),
(1186, 778, 16, 'ante aliquam Vivamus lobortis magna vel maximus erat natoque fermentum sapien dui Suspendisse ', '2020-01-24 05:13:37', '0000-00-00 00:00:00'),
(1187, 778, 21, 'laoreet risus at diam nibh Mauris id diam consequat Cras non feugiat laoreet at a molestie consequat justo pharetra sit pellentesque Vivamus in Nunc quis condimentum dolor et ipsum luctus finibus sit non risus in non purus eu nec sem molestie feugiat risus interdum Morbi mi gravida magna venenatis ', '2020-02-02 17:43:56', '0000-00-00 00:00:00'),
(1188, 778, 20, 'interdum risus ac interdum quis egestas scelerisque Donec erat ut porttitor Mauris Sed mi ipsum accumsan mi est lacinia Proin accumsan tristique tempor tortor commodo nisi quis interdum neque accumsan luctus in est varius mus congue fermentum volutpat nec erat finibus eu nisi fringilla neque montes Proin in pulvinar commodo ', '2020-01-17 11:45:09', '0000-00-00 00:00:00'),
(1189, 778, 20, 'dui accumsan eget eu blandit ante Phasellus lectus varius sapien aliquam Donec gravida laoreet tempus arcu nisi eget fringilla orci erat Ut nunc ante venenatis commodo erat ante eget Proin tempor vestibulum id nec ', '2020-01-14 03:20:40', '0000-00-00 00:00:00'),
(1190, 779, 19, 'ac diam amet purus tellus Donec arcu nunc Ut interdum Donec dui Integer laoreet lobortis viverra Proin bibendum Etiam ligula nec suscipit elit amet pulvinar justo pulvinar neque ipsum commodo arcu nisl dapibus sem Donec elit fames tellus ex ', '2020-01-28 12:00:57', '0000-00-00 00:00:00'),
(1191, 779, 13, 'mattis nunc tempus auctor elit dui laoreet justo facilisis Donec Nunc felis Vivamus tellus penatibus venenatis eu tellus nisi adipiscing diam fringilla ligula risus libero Orci varius sapien Fusce quis eget lectus justo ipsum pretium mi dolor quis ante Quisque ipsum dolor accumsan neque est Proin urna vestibulum ', '2020-01-16 13:30:44', '0000-00-00 00:00:00'),
(1192, 779, 15, 'ipsum pulvinar nec est Ut tristique in accumsan malesuada lorem elementum ', '2020-01-12 11:15:15', '0000-00-00 00:00:00'),
(1193, 779, 19, 'ornare Pellentesque non montes tincidunt maximus efficitur Ut blandit sit velit fermentum Mauris pellentesque Fusce tellus at vitae in sem Lorem ut a mi Cras laoreet primis gravida vehicula augue interdum feugiat at massa vitae ', '2020-01-23 23:00:12', '0000-00-00 00:00:00'),
(1194, 780, 14, 'quis quis dui vel posuere luctus Proin et Proin maximus ultricies ', '2020-01-15 14:41:33', '0000-00-00 00:00:00'),
(1195, 781, 19, 'Quisque eu dis Mauris neque est ut velit commodo Proin Donec Lorem id vitae molestie enim Etiam congue quis eget Nunc ante mus Nunc commodo leo neque non purus faucibus enim quis ', '2020-01-30 22:00:23', '0000-00-00 00:00:00'),
(1196, 781, 15, 'augue tempor tempor Proin Nunc nec sem congue a ipsum pulvinar luctus orci tincidunt maximus Cras ', '2019-09-29 15:09:52', '0000-00-00 00:00:00'),
(1197, 781, 21, 'ultricies euismod tellus nisi quis scelerisque maximus dolor condimentum a leo at risus risus suscipit Phasellus sit gravida sit interdum nec ', '2019-12-27 16:21:17', '0000-00-00 00:00:00'),
(1198, 781, 14, 'viverra ultrices imperdiet Cras Fusce tempor Fusce suscipit tortor mi nunc interdum vitae libero efficitur mi tristique nulla molestie in lectus at quam in vehicula neque Quisque laoreet vitae eu id nisi neque porttitor eget odio imperdiet sit vel sapien tempus maximus pellentesque a lacinia justo a varius ', '2019-08-12 08:35:07', '0000-00-00 00:00:00'),
(1199, 782, 21, 'ipsum erat mus Donec ac congue eget condimentum faucibus Nunc Ut maximus Nunc dolor mus mi aliquam Ut nunc justo viverra Suspendisse purus accumsan facilisis ut augue ac Aenean neque et sapien arcu elementum sed nec in vestibulum commodo commodo velit elementum amet laoreet nunc mauris vel ', '2020-01-11 08:22:28', '0000-00-00 00:00:00'),
(1200, 782, 18, 'id Donec varius quam bibendum ex eget diam auctor nunc Aenean Proin elit condimentum magnis tempus vel erat orci et Mauris in risus varius ut facilisis Suspendisse lectus Quisque in malesuada Vestibulum Donec diam fermentum faucibus felis quis molestie vitae in mattis Nullam justo gravida nisi purus Interdum ', '2020-01-28 17:26:14', '0000-00-00 00:00:00'),
(1201, 782, 21, 'dolor Aenean erat nisi fermentum neque in ante pellentesque efficitur sapien lacinia imperdiet Proin est at tempus eu et ', '2020-01-25 14:06:07', '0000-00-00 00:00:00'),
(1202, 783, 16, 'lobortis vehicula leo elit felis a laoreet cursus tempor Mauris sodales molestie feugiat neque maximus sem Vivamus vitae ut auctor mi Phasellus in rhoncus erat ac sed Donec lobortis luctus iaculis luctus ornare Nullam nibh semper Sed molestie augue lorem ', '2019-10-02 16:47:04', '0000-00-00 00:00:00'),
(1203, 783, 16, 'vitae ornare quis euismod laoreet vitae ullamcorper et vestibulum condimentum feugiat eros dapibus primis Nullam lorem scelerisque Integer euismod ', '2019-11-30 10:47:44', '0000-00-00 00:00:00'),
(1204, 783, 18, 'egestas tempor ipsum nisi a viverra dapibus faucibus tortor lobortis lorem accumsan eget ac nibh Suspendisse ipsum vel laoreet Ut Phasellus tempor Pellentesque tempus congue est erat dolor mi nascetur parturient ', '2019-08-15 04:15:06', '0000-00-00 00:00:00'),
(1205, 783, 19, 'porttitor neque magnis rutrum a lobortis quis lacinia vel viverra nisl maximus ac tortor sagittis mi magna diam dis lectus a faucibus vel ', '2019-09-08 18:45:58', '0000-00-00 00:00:00'),
(1206, 784, 21, 'risus justo commodo gravida ipsum Pellentesque Proin Donec ac libero Etiam accumsan magnis ex velit arcu vehicula a egestas ipsum Pellentesque fermentum tincidunt luctus commodo tellus arcu Donec ligula nec In feugiat nunc quis in dui nec consequat ', '2019-08-17 15:53:09', '0000-00-00 00:00:00'),
(1207, 784, 19, 'malesuada Vivamus mus lectus Morbi tempus vestibulum at fermentum elit nunc sem sem Donec orci euismod pulvinar ornare ligula commodo varius quis natoque fringilla at libero quis primis justo feugiat consectetur ', '2019-11-23 16:21:30', '0000-00-00 00:00:00'),
(1208, 784, 11, 'vel sit magna arcu fringilla vel Ut vitae justo at vitae ', '2020-01-14 03:12:58', '0000-00-00 00:00:00'),
(1209, 784, 16, 'consequat enim nisi Sed velit montes nisi scelerisque arcu malesuada neque ante felis purus a dolor varius penatibus vehicula nunc eleifend molestie eros aliquam Fusce risus velit dolor quis maximus quis est montes eget Proin et vel fermentum natoque ultrices ', '2019-08-15 21:36:58', '0000-00-00 00:00:00'),
(1210, 786, 20, 'dolor Pellentesque sit cursus Donec Phasellus consequat accumsan natoque auctor a enim lectus interdum lobortis vitae molestie lobortis lacus penatibus Aenean elit tempus vitae fringilla ', '2019-11-01 13:24:34', '0000-00-00 00:00:00'),
(1211, 786, 1, 'luctus congue diam a pellentesque fringilla at arcu ac nisi ', '2019-09-30 21:09:30', '0000-00-00 00:00:00'),
(1212, 786, 18, 'Suspendisse risus et imperdiet gravida lacinia Nam a eu justo dui arcu Nam ipsum vitae mi Nunc nunc vulputate orci arcu at ornare luctus a Donec nec parturient neque at elit et elit fermentum erat justo a vitae Integer porttitor penatibus ipsum finibus sed Morbi sit pharetra quis ', '2019-09-17 07:33:11', '0000-00-00 00:00:00'),
(1213, 786, 19, 'accumsan faucibus diam non tristique rhoncus nec commodo nisi tellus tincidunt eros ullamcorper vitae maximus sem tincidunt eleifend sapien quis ornare ex vel eget auctor eu nisi enim diam lacus lorem molestie elementum ', '2019-08-17 14:54:25', '0000-00-00 00:00:00'),
(1214, 786, 14, 'erat vehicula ultrices volutpat ridiculus dolor ipsum malesuada tellus et massa fames tortor tincidunt ut blandit eget Morbi Cras ornare orci pulvinar elit malesuada Phasellus consequat iaculis vel eget amet amet aliquam laoreet varius orci at blandit ', '2019-10-15 08:24:14', '0000-00-00 00:00:00'),
(1215, 787, 19, 'elit a vel maximus scelerisque diam quis ridiculus magna sit sit a vulputate Pellentesque Vivamus ligula sem eu condimentum faucibus sapien vel lorem Nullam condimentum vel tellus Proin iaculis Orci Donec molestie adipiscing quam quis egestas neque erat Donec fermentum laoreet ', '2019-11-03 08:15:18', '0000-00-00 00:00:00'),
(1216, 788, 19, 'eros posuere ac augue vestibulum vel Donec pellentesque maximus placerat efficitur natoque mus in risus Cras natoque tempor sed quam Interdum gravida risus massa commodo ullamcorper fringilla luctus nisi dui Mauris amet non commodo lacus mi facilisis luctus consectetur Cras ', '2020-01-05 06:38:27', '0000-00-00 00:00:00'),
(1217, 788, 18, 'lacus amet a risus ornare laoreet non eget sit pellentesque tellus condimentum maximus tellus mus Fusce Donec lectus risus velit nunc neque imperdiet amet iaculis justo nec congue elit nec dapibus suscipit ', '2020-01-18 22:40:56', '0000-00-00 00:00:00'),
(1218, 788, 19, 'nisi quam luctus at urna porttitor est posuere quis varius consequat vel bibendum venenatis pretium nulla vitae eu pellentesque Proin efficitur a Nam eget dolor consequat sapien mattis molestie interdum ac magna tincidunt ante ', '2019-12-17 23:27:58', '0000-00-00 00:00:00'),
(1219, 788, 14, 'consequat congue montes vehicula felis egestas ultricies Orci velit vel Proin nunc et facilisis a tortor vestibulum magnis in ', '2020-01-05 00:00:30', '0000-00-00 00:00:00'),
(1220, 789, 19, 'laoreet turpis faucibus iaculis sem a eu enim Mauris eu justo lacinia mi congue sagittis odio sagittis Mauris euismod Donec libero efficitur penatibus Donec nec odio porttitor dolor aliquam vulputate iaculis felis congue feugiat sem Proin a ipsum dolor elit scelerisque Mauris erat ipsum varius maximus elit ', '2020-01-16 09:04:01', '0000-00-00 00:00:00'),
(1221, 789, 14, 'posuere iaculis non Donec non Fusce bibendum Lorem convallis Interdum egestas arcu faucibus nec in laoreet scelerisque lacus a sem porttitor porttitor at augue vestibulum ', '2020-01-22 22:56:02', '0000-00-00 00:00:00'),
(1222, 789, 14, 'maximus augue ex id purus Donec velit ipsum finibus laoreet scelerisque Vestibulum Mauris ornare Morbi elit egestas congue nulla quis in Nullam nisi nunc pellentesque maximus Etiam Phasellus bibendum nunc fringilla tempor eu mi Vivamus ornare turpis sit Quisque Integer tincidunt ridiculus volutpat et ante non ', '2020-01-05 11:30:16', '0000-00-00 00:00:00'),
(1223, 789, 15, 'ornare lacus eu quis accumsan eget sed semper placerat est lorem Nunc Fusce Pellentesque ', '2019-12-26 16:13:49', '0000-00-00 00:00:00'),
(1224, 789, 19, 'Lorem dapibus a fringilla sed enim facilisis quis id maximus congue feugiat vehicula ', '2020-02-02 17:29:12', '0000-00-00 00:00:00'),
(1225, 790, 21, 'lorem quis sapien Morbi elit Fusce tempus dolor tellus eu Vivamus nulla dolor Sed ipsum eu consequat ipsum ', '2020-01-07 14:51:40', '0000-00-00 00:00:00'),
(1226, 790, 17, 'malesuada nisi vulputate consectetur nec parturient at est Cras tortor varius quis eget maximus eget diam amet fringilla et semper accumsan nibh neque est tincidunt ac Nullam Orci accumsan adipiscing congue pulvinar ornare at Vestibulum ornare Proin pellentesque odio ', '2020-02-01 18:17:24', '0000-00-00 00:00:00'),
(1227, 791, 16, 'mi congue Donec quis odio tempus Donec accumsan feugiat at at Phasellus eget ridiculus sem congue mattis vitae faucibus dolor malesuada lectus dolor id efficitur at nisi tincidunt sem ', '2019-12-13 12:27:55', '0000-00-00 00:00:00'),
(1228, 791, 13, 'sem nunc vel vitae mattis purus dis mi turpis mi in laoreet erat non est finibus non vel non ornare Pellentesque ornare Morbi sit mi erat nec libero congue sed imperdiet vel gravida ipsum condimentum elit vehicula arcu mattis fermentum semper ', '2020-01-08 13:23:02', '0000-00-00 00:00:00'),
(1229, 792, 15, 'accumsan ornare lobortis maximus aliquam nisi risus erat Proin natoque lectus ', '2019-09-23 00:09:27', '0000-00-00 00:00:00'),
(1230, 793, 21, 'tempor natoque pretium lectus metus nisl a erat a est primis lacinia pulvinar congue felis ut dui Phasellus facilisis eu luctus maximus ipsum eros penatibus lorem maximus montes vel ornare accumsan Morbi at in rutrum molestie Nunc feugiat dolor mi lobortis malesuada in erat odio justo ridiculus ', '2019-10-17 18:39:55', '0000-00-00 00:00:00'),
(1231, 793, 13, 'et Mauris maximus sem natoque tempor condimentum bibendum nec auctor ante sed laoreet sem eget luctus Vivamus sodales molestie sed est tempor aliquam dolor Vivamus posuere orci primis aliquam risus ipsum a nunc varius placerat nunc neque dolor tincidunt et Donec Morbi Proin ', '2019-11-03 08:08:04', '0000-00-00 00:00:00'),
(1232, 793, 19, 'interdum id Nullam bibendum vel nisi faucibus Phasellus lorem purus blandit iaculis convallis in rhoncus ultrices pulvinar facilisis mattis sit et maximus pulvinar libero diam erat erat vel odio felis et dolor tempor ipsum varius quis sapien libero sodales fringilla enim Suspendisse consequat gravida mus ', '2020-01-06 21:37:20', '0000-00-00 00:00:00'),
(1233, 793, 13, 'congue sed congue ipsum et orci Donec parturient eu bibendum Donec vitae purus nec vitae pulvinar erat Fusce felis amet feugiat gravida mattis Etiam a Fusce varius vel sagittis Proin ipsum dolor velit semper Vestibulum Pellentesque Fusce ', '2020-01-08 04:03:21', '0000-00-00 00:00:00'),
(1234, 794, 18, 'Donec Morbi elementum et vehicula leo sed Mauris at a adipiscing luctus ultricies ', '2019-12-04 19:11:50', '0000-00-00 00:00:00'),
(1235, 794, 14, 'diam felis Donec eget pulvinar Fusce mi Donec venenatis dolor luctus Vivamus ', '2019-12-21 16:22:26', '0000-00-00 00:00:00'),
(1236, 795, 17, 'ut Proin amet arcu montes consectetur sapien Integer volutpat commodo eu eu velit faucibus Nullam tincidunt pulvinar ornare Aenean sodales facilisis vehicula Donec lectus Nunc vel quis quam ac fermentum arcu parturient dolor est molestie ', '2020-02-01 06:52:03', '0000-00-00 00:00:00'),
(1237, 795, 19, 'blandit nulla interdum vestibulum velit nec nec nunc natoque magna Nunc ornare dolor erat quis Donec dapibus ornare neque elit ', '2020-02-02 17:31:35', '0000-00-00 00:00:00'),
(1238, 795, 14, 'egestas lectus erat condimentum bibendum Suspendisse vel sapien scelerisque eu quis Mauris est suscipit Pellentesque tincidunt suscipit commodo volutpat nisi metus Cras scelerisque sagittis a Nam facilisis id at diam suscipit eu ornare pellentesque malesuada eu ipsum felis scelerisque fermentum egestas ornare et eu in ', '2020-02-01 20:47:37', '0000-00-00 00:00:00'),
(1239, 796, 18, 'egestas augue erat risus massa nisi ac congue tempus enim neque fermentum ', '2019-12-28 22:29:41', '0000-00-00 00:00:00'),
(1240, 796, 18, 'vitae venenatis fringilla odio at eu nulla sem Mauris neque in dui erat Orci non sagittis at tempus risus fermentum a auctor scelerisque odio et varius sit a purus varius enim at fermentum Vivamus enim Vivamus est Fusce pulvinar dui quis purus risus Donec Nunc erat ', '2019-08-13 20:56:30', '0000-00-00 00:00:00'),
(1241, 796, 14, 'montes ultricies facilisis mattis massa at Mauris Pellentesque Nunc purus eu iaculis vel laoreet accumsan quam mi fames mi erat malesuada molestie nulla ', '2019-08-10 17:53:17', '0000-00-00 00:00:00'),
(1242, 796, 19, 'tempor pellentesque sed vitae eu porttitor nisi laoreet Proin eu ridiculus erat fringilla Quisque scelerisque posuere luctus Donec pulvinar Fusce id amet sem eu tincidunt viverra Proin lacinia et pulvinar auctor Integer pulvinar sapien Sed in viverra augue fames in Nullam tincidunt condimentum montes tortor Cras sapien fermentum mattis mus ', '2019-10-14 17:41:29', '0000-00-00 00:00:00'),
(1243, 797, 12, 'nec in nisi varius lectus tempor risus ornare faucibus bibendum parturient dolor nisi Pellentesque risus vitae ', '2019-09-30 21:33:31', '0000-00-00 00:00:00'),
(1244, 797, 17, 'vitae dignissim quis est condimentum egestas sem vel eget varius vestibulum laoreet eu arcu Morbi in nisi maximus sapien fermentum Fusce non mattis Lorem ultrices ', '2019-12-26 20:51:06', '0000-00-00 00:00:00'),
(1245, 798, 16, 'diam eget Vivamus commodo maximus elementum dolor tempus tincidunt nisi Interdum ', '2019-12-17 03:23:14', '0000-00-00 00:00:00'),
(1246, 799, 18, 'mus Cras id commodo condimentum purus massa Donec Nunc facilisis non luctus lorem ornare Mauris Lorem fermentum ipsum a nulla interdum ultricies ac libero fringilla neque laoreet ', '2019-12-31 02:05:35', '0000-00-00 00:00:00'),
(1247, 799, 16, 'neque nisi pulvinar id laoreet fames diam fringilla est vestibulum vel pellentesque quis a justo id interdum sit pellentesque Sed nisi quis ornare ultricies egestas ante urna Vestibulum nascetur feugiat Integer ', '2020-01-31 15:12:13', '0000-00-00 00:00:00'),
(1248, 800, 21, 'nunc odio fringilla Sed tincidunt pulvinar mattis dui id maximus sit vel felis Fusce blandit vestibulum luctus odio at tempor nec ac erat velit sapien orci dui Donec vestibulum pretium sapien congue euismod vel amet sagittis varius sapien mi neque id vitae bibendum commodo Donec maximus quis tincidunt ', '2019-12-12 17:55:25', '0000-00-00 00:00:00'),
(1249, 800, 18, 'Cras a sagittis ac natoque nisi neque scelerisque Nullam laoreet ultrices fermentum vel rutrum imperdiet laoreet Donec diam Etiam condimentum malesuada vel nunc felis at at Fusce ', '2019-09-15 10:34:59', '0000-00-00 00:00:00'),
(1250, 800, 14, 'erat volutpat sapien diam fames ornare Suspendisse in eu elit magna condimentum ultrices dis consequat a euismod condimentum erat at at risus egestas eleifend erat condimentum varius ipsum ac libero Proin egestas varius luctus at augue scelerisque finibus maximus odio ac turpis justo mi Nullam velit scelerisque ', '2019-09-25 04:01:48', '0000-00-00 00:00:00'),
(1251, 802, 13, 'eu sapien rutrum volutpat luctus varius ut sed vel Donec at accumsan pellentesque neque diam pulvinar egestas et placerat scelerisque dolor parturient congue Pellentesque fermentum risus sapien quis accumsan sed arcu purus vel elit volutpat purus eu ex vel vitae Fusce Orci nec et commodo erat nec Cras Nunc ', '2020-01-30 09:52:08', '0000-00-00 00:00:00'),
(1252, 802, 15, 'dolor id laoreet justo dis dolor penatibus nisi at dui elit vitae fringilla velit rutrum molestie tincidunt ultrices viverra neque vestibulum accumsan rhoncus in diam ac ', '2020-01-23 20:19:05', '0000-00-00 00:00:00'),
(1253, 802, 20, 'risus justo bibendum tristique lobortis fringilla Nunc interdum orci interdum Ut fringilla ipsum orci vel Cras et ullamcorper Phasellus Fusce varius penatibus sit congue tortor quis gravida dui fermentum Fusce libero molestie lectus nisi ', '2019-12-31 10:35:59', '0000-00-00 00:00:00'),
(1254, 802, 17, 'in vitae nibh tellus erat Proin lacus facilisis felis lacinia facilisis sed non commodo nisi massa justo Nullam at Nunc in amet nascetur condimentum commodo metus lacinia urna faucibus sit auctor Sed Donec ac mattis sodales consequat Nunc sem interdum placerat congue faucibus ', '2019-12-04 14:13:59', '0000-00-00 00:00:00'),
(1255, 802, 16, 'amet bibendum nisi egestas et urna maximus sed Pellentesque molestie nulla mattis magnis mattis justo lobortis lacinia congue gravida nisi eu Nunc Quisque pulvinar mi ex nascetur ', '2020-01-05 07:57:19', '0000-00-00 00:00:00');

-- --------------------------------------------------------

--
-- Structure de la table `enabled_social_media`
--

CREATE TABLE `enabled_social_media` (
  `social_media_name` varchar(32) COLLATE utf8mb4_unicode_ci NOT NULL,
  `is_enabled` bit(1) NOT NULL
) ENGINE=InnoDB DEFAULT CHARSET=utf8mb4 COLLATE=utf8mb4_unicode_ci;

--
-- Déchargement des données de la table `enabled_social_media`
--

INSERT INTO `enabled_social_media` (`social_media_name`, `is_enabled`) VALUES
('facebook', b'1'),
('linkedin', b'1'),
('twitter', b'1');

-- --------------------------------------------------------

--
-- Structure de la table `file`
--

CREATE TABLE `file` (
  `id` int(10) UNSIGNED NOT NULL,
  `proposal_id` int(10) UNSIGNED NOT NULL,
  `path` varchar(255) COLLATE utf8mb4_unicode_ci NOT NULL
) ENGINE=InnoDB DEFAULT CHARSET=utf8mb4 COLLATE=utf8mb4_unicode_ci;

-- --------------------------------------------------------

--
-- Structure de la table `proposal`
--

CREATE TABLE `proposal` (
  `id` int(10) UNSIGNED NOT NULL,
  `title` varchar(255) COLLATE utf8mb4_unicode_ci NOT NULL,
  `date` datetime NOT NULL,
  `submitter_id` int(10) UNSIGNED NOT NULL,
  `social_media` varchar(255) COLLATE utf8mb4_unicode_ci DEFAULT NULL COMMENT 'social medias where the proposal will be published',
  `status` varchar(20) COLLATE utf8mb4_unicode_ci NOT NULL
) ENGINE=InnoDB DEFAULT CHARSET=utf8mb4 COLLATE=utf8mb4_unicode_ci;

--
-- Déchargement des données de la table `proposal`
--

INSERT INTO `proposal` (`id`, `title`, `date`, `submitter_id`, `social_media`, `status`) VALUES
(703, 'lorem Proin tellus Sed et dis Donec vitae condimentum lectus tincidunt blandit justo dolor vel fermentum ', '2019-08-21 12:26:33', 14, NULL, 'rejected'),
(704, 'consectetur lectus nisi egestas id a sem natoque at varius consequat risus eu vitae vestibulum Morbi auctor ornare ', '2019-12-16 19:31:07', 20, NULL, 'rejected'),
(705, 'Nunc nulla interdum vehicula egestas nec fringilla justo non eget pulvinar nunc Proin eget a metus ', '2019-06-11 17:38:13', 21, NULL, 'rejected'),
(706, 'Proin laoreet sagittis erat quis et ornare varius ornare magna arcu feugiat luctus Pellentesque augue ', '2019-09-01 18:48:27', 10, NULL, 'rejected'),
(707, 'at orci erat lobortis felis amet felis imperdiet magna vel ', '2019-09-10 05:41:02', 10, NULL, 'pending'),
(708, 'porttitor amet at sem maximus amet Pellentesque varius neque odio viverra malesuada lorem ', '2019-10-10 12:51:56', 3, NULL, 'pending'),
(709, 'amet magnis ultricies Mauris auctor velit scelerisque nunc lobortis nisl Ut consequat volutpat bibendum nisi ', '2019-07-22 07:09:05', 10, 'twitter', 'published'),
(710, 'dignissim viverra Lorem at Pellentesque vel luctus vel interdum elementum ', '2019-10-02 04:43:52', 2, NULL, 'pending'),
(711, 'laoreet Proin varius justo viverra sapien sed sit nulla vitae auctor vel nec ', '2019-12-27 18:33:29', 7, NULL, 'rejected'),
(712, 'tellus pellentesque odio efficitur mi Nullam ac condimentum mi lorem Mauris et tempor vehicula ipsum volutpat nec ', '2019-09-30 14:42:34', 17, NULL, 'pending'),
(713, 'nibh magna in erat risus Vestibulum ante dolor nulla montes fames nulla mi nisi nisi ', '2019-11-30 10:59:08', 21, NULL, 'rejected'),
(714, 'laoreet lorem erat interdum Proin mattis montes volutpat vehicula magnis ipsum egestas aliquam commodo ultrices faucibus Cras velit ', '2019-12-21 03:40:12', 18, NULL, 'rejected'),
(715, 'mi elementum orci sapien fermentum egestas Vestibulum Orci urna a tempor dolor in ', '2020-01-08 07:30:00', 10, NULL, 'rejected'),
(716, 'eget penatibus tincidunt nec nisi tempor massa malesuada molestie enim natoque rutrum quis dis facilisis maximus tristique quam posuere Vestibulum ', '2019-10-09 12:38:54', 18, NULL, 'pending'),
(717, 'sit congue a erat non orci pulvinar ipsum quis ultricies ', '2020-01-23 15:52:06', 20, 'twitter', 'published'),
(718, 'amet vehicula Fusce lacinia lectus consequat risus at fringilla sed et Nam nisl ', '2019-06-11 15:19:11', 7, NULL, 'pending'),
(719, 'ridiculus ac eget orci risus Donec dolor commodo tempor libero turpis pulvinar cursus elit elit a Proin congue quis vestibulum ', '2019-09-02 17:31:31', 12, 'twitter', 'published'),
(720, 'viverra purus non Fusce elit vel justo fermentum lectus Fusce aliquam est odio quis volutpat euismod ', '2020-01-29 21:46:59', 8, NULL, 'pending'),
(721, 'ligula pulvinar scelerisque nec porttitor nunc id laoreet leo diam vel venenatis vitae scelerisque erat lobortis vel Fusce ', '2019-06-13 04:03:56', 17, NULL, 'pending'),
(722, 'molestie leo gravida quam nibh a Donec Nunc Cras ridiculus dolor sit Nunc nunc fringilla ', '2019-09-15 22:12:07', 13, 'twitter', 'published'),
(723, 'at varius varius in consequat lacinia tempus urna faucibus in tempor vel vehicula neque dolor eget arcu viverra at mi ', '2019-09-14 22:02:52', 11, NULL, 'rejected'),
(724, 'ligula ante Ut consequat ridiculus mi risus molestie Fusce penatibus amet natoque tincidunt quis pretium adipiscing ultricies ', '2019-12-25 23:24:11', 17, 'twitter', 'published'),
(725, 'eget Phasellus quis mi egestas a sem nisi at a imperdiet id faucibus amet Morbi fermentum suscipit laoreet ', '2019-12-06 14:32:57', 17, NULL, 'rejected'),
(726, 'arcu Pellentesque blandit orci tellus magna facilisis elit lorem vehicula diam fringilla eros vitae sapien mattis at vulputate Aenean justo ', '2019-10-13 01:57:35', 12, NULL, 'pending'),
(727, 'ac dolor condimentum erat sapien tempor erat neque blandit non fringilla nec dolor et quis erat pulvinar ', '2019-07-04 20:09:21', 19, 'twitter', 'published'),
(728, 'in ornare molestie vel dis Donec varius in velit natoque fermentum enim varius volutpat sem adipiscing laoreet risus ', '2019-12-24 05:46:15', 16, 'twitter', 'published'),
(729, 'purus Mauris augue ex enim rutrum ex adipiscing maximus ', '2019-09-30 19:53:49', 21, 'twitter', 'published'),
(730, 'pellentesque varius accumsan interdum quam suscipit odio tempor placerat Etiam ', '2019-07-06 03:50:33', 18, NULL, 'pending'),
(731, 'velit pulvinar ornare imperdiet at euismod posuere odio magna fermentum at ', '2019-10-16 23:00:59', 6, NULL, 'rejected'),
(732, 'odio quis congue diam molestie parturient odio massa luctus vestibulum et sit elementum orci dolor finibus ', '2019-09-08 07:07:02', 17, NULL, 'pending'),
(733, 'Donec vestibulum quis egestas arcu quis vitae luctus Phasellus vel libero vel sem ', '2019-08-07 23:46:49', 15, NULL, 'rejected'),
(734, 'Fusce Pellentesque vitae eros cursus eu tincidunt lectus eget dolor a malesuada tincidunt ', '2019-09-17 13:02:32', 16, NULL, 'pending'),
(735, 'ridiculus aliquam Nullam dis nec venenatis at posuere erat nisi id Fusce elit et tincidunt rutrum laoreet nisl ', '2019-11-28 13:20:28', 18, NULL, 'rejected'),
(736, 'odio justo maximus vel a laoreet at leo dui Sed lacinia Fusce neque ', '2019-07-20 03:56:19', 16, 'twitter', 'published'),
(737, 'faucibus ut at at dolor neque interdum porttitor Pellentesque nisi neque laoreet maximus iaculis malesuada lobortis risus ', '2019-06-27 22:39:18', 1, NULL, 'pending'),
(738, 'Fusce eros Ut vitae est metus bibendum odio eget mauris laoreet faucibus luctus ', '2019-10-05 17:44:06', 21, 'twitter', 'published'),
(739, 'consequat Cras vestibulum commodo quis eget risus molestie Mauris dui lectus ornare ', '2020-01-24 13:39:02', 10, NULL, 'pending'),
(740, 'vitae fringilla Vivamus in elit adipiscing condimentum bibendum scelerisque diam elit metus vitae odio pellentesque ', '2019-08-07 18:35:13', 1, NULL, 'rejected'),
(741, 'est tellus accumsan bibendum tempus sit feugiat a vehicula ultrices vitae pulvinar malesuada nisi interdum vestibulum pulvinar ', '2019-06-14 15:15:57', 7, NULL, 'rejected'),
(742, 'diam mattis ac gravida congue bibendum maximus non nec gravida suscipit nulla ', '2020-01-05 03:42:52', 12, 'twitter', 'published'),
(743, 'Etiam risus Proin accumsan pharetra ridiculus aliquam fringilla lacinia condimentum nascetur magnis ', '2019-06-15 08:45:08', 5, 'twitter', 'published'),
(744, 'nec tempus accumsan Vestibulum feugiat fringilla congue scelerisque convallis volutpat arcu tincidunt sapien risus maximus Quisque Integer ', '2019-08-29 08:46:58', 16, 'twitter', 'published'),
(745, 'odio nisl ipsum quis Donec Nullam ultricies maximus ', '2019-11-09 18:20:47', 17, 'twitter', 'published'),
(746, 'vel nisi lacinia eu montes vel blandit neque ', '2019-08-09 07:31:07', 7, NULL, 'rejected'),
(747, 'finibus faucibus Sed fermentum a commodo augue penatibus vehicula ', '2019-09-30 17:40:23', 5, NULL, 'pending'),
(748, 'faucibus cursus Lorem ultricies quis dis consectetur tellus ', '2019-12-02 00:07:49', 21, NULL, 'pending'),
(749, 'venenatis fermentum scelerisque arcu risus massa mi sit consequat consequat diam diam ut nulla diam scelerisque Fusce et ', '2019-12-16 13:07:38', 3, NULL, 'pending'),
(750, 'convallis condimentum sapien odio in egestas Vivamus Aenean Ut cursus feugiat nec porttitor tempus faucibus congue ', '2019-09-15 00:03:13', 10, 'twitter', 'published'),
(751, 'risus non efficitur magna vel enim luctus dignissim luctus amet nisl ridiculus vehicula ante in accumsan tortor maximus ante cursus ', '2019-06-21 05:50:22', 21, NULL, 'rejected'),
(752, 'Integer consequat amet at ornare velit est Integer nulla at amet nibh risus bibendum condimentum amet sit maximus vitae ', '2019-06-07 05:56:53', 6, NULL, 'rejected'),
(753, 'in Fusce molestie faucibus nibh consectetur faucibus Pellentesque Ut ', '2020-01-02 14:06:04', 14, 'twitter', 'published'),
(754, 'nisi laoreet eget erat pharetra justo nulla mauris nisi condimentum libero Vivamus dui Nam ', '2019-09-25 18:01:48', 11, NULL, 'rejected'),
(755, 'dolor Orci Quisque a purus faucibus dolor Pellentesque eu tempus lacinia vel et est odio penatibus ', '2019-11-02 03:37:51', 12, NULL, 'rejected'),
(756, 'molestie amet nisi nascetur interdum euismod dapibus fermentum fringilla maximus ac ante turpis odio ', '2019-12-19 00:29:13', 3, NULL, 'pending'),
(757, 'a malesuada tellus Nunc fringilla commodo Mauris a varius neque malesuada Vivamus at ', '2019-08-22 07:19:00', 7, NULL, 'pending'),
(758, 'posuere erat quis augue tempor Pellentesque dapibus gravida vel nec penatibus at sagittis nisi Quisque dui varius congue ', '2019-10-22 18:29:40', 8, 'twitter', 'published'),
(759, 'laoreet eget in odio nec Vivamus ornare id faucibus Quisque fermentum a ', '2020-01-26 23:06:47', 8, 'twitter', 'published'),
(760, 'posuere a Vivamus euismod arcu a eget felis Nunc arcu eleifend molestie ultrices ', '2019-09-06 00:52:35', 13, NULL, 'pending'),
(761, 'sagittis ultricies vestibulum interdum mauris ipsum Vestibulum Vestibulum sagittis non commodo elit adipiscing eu vitae iaculis eget Phasellus metus ', '2019-06-08 22:04:52', 12, 'twitter', 'published'),
(762, 'Cras lacus eros Fusce molestie egestas molestie a vel at sagittis at et nec in nec augue ', '2019-07-27 03:29:31', 8, 'twitter', 'published'),
(763, 'a parturient justo maximus Donec nec pulvinar interdum suscipit Quisque porttitor a quam ', '2019-06-29 12:40:39', 3, 'twitter', 'published'),
(764, 'pellentesque Donec a sed id Nullam varius Pellentesque ornare egestas vestibulum fermentum at gravida Nunc non parturient ', '2019-10-21 16:37:46', 15, NULL, 'pending'),
(765, 'nunc efficitur eu felis eget felis elit velit interdum erat tempus at at ', '2019-06-22 22:39:38', 2, NULL, 'rejected'),
(766, 'Donec accumsan erat pharetra eget vel ac gravida molestie dolor natoque commodo est sagittis ornare ', '2019-11-27 03:20:16', 2, NULL, 'pending'),
(767, 'consectetur vehicula Proin Ut et eget condimentum Nullam viverra mauris luctus nisi orci Donec ', '2019-06-01 22:39:36', 18, NULL, 'pending'),
(768, 'sagittis dui massa fermentum varius Orci vestibulum sed natoque consectetur a vehicula Cras non et molestie porttitor sit vehicula orci ', '2019-08-31 13:25:38', 3, NULL, 'rejected'),
(769, 'Orci fermentum mi amet nunc ridiculus mi Morbi arcu velit ut erat vel ', '2020-01-18 05:12:05', 16, 'twitter', 'published'),
(770, 'Mauris erat Nunc Nullam malesuada elit quis Pellentesque Vivamus ', '2019-08-16 07:05:41', 3, 'twitter', 'published'),
(771, 'et risus vestibulum risus lacus Nullam iaculis Proin pulvinar Ut finibus egestas urna mi sed venenatis mattis maximus nascetur nec ', '2020-01-12 17:01:33', 18, 'twitter', 'published'),
(772, 'Morbi est fermentum maximus metus Donec luctus efficitur eu sit Pellentesque ', '2019-11-10 22:23:49', 4, NULL, 'pending'),
(773, 'sem vel In lacinia commodo libero tempor iaculis mattis risus non diam ', '2019-06-20 04:35:55', 19, NULL, 'rejected'),
(774, 'aliquam ex Orci eu eu at augue Fusce vestibulum pulvinar bibendum accumsan Cras Nunc ornare purus tempor lobortis ', '2020-01-31 23:00:30', 20, NULL, 'pending'),
(775, 'elit vitae est ex quis elit posuere faucibus sed condimentum vitae ', '2019-12-05 01:16:59', 1, NULL, 'rejected'),
(776, 'pulvinar justo sem tempus nisi lectus dis consectetur dolor at varius justo lobortis consequat ipsum condimentum mus pellentesque ', '2020-01-05 23:18:19', 3, NULL, 'rejected'),
(777, 'feugiat nunc molestie fermentum elit mattis sapien enim vitae molestie ', '2019-06-16 05:07:15', 13, 'twitter', 'published'),
(778, 'Sed ultricies ac felis sem interdum lorem tincidunt neque Donec quis faucibus dapibus Donec montes in neque faucibus id egestas ', '2019-10-29 07:45:05', 21, 'twitter', 'published'),
(779, 'Nullam Quisque congue Quisque sem tortor id mi ultrices tellus ', '2019-12-31 10:16:56', 17, NULL, 'rejected'),
(780, 'leo nulla vel quis nisi libero Orci dis facilisis Fusce nec vestibulum nisi dolor tortor ornare purus ', '2019-11-19 18:57:16', 17, NULL, 'pending'),
(781, 'purus congue dapibus penatibus diam penatibus nec vestibulum Nullam ', '2019-08-11 03:45:38', 15, NULL, 'rejected'),
(782, 'sapien tristique primis quis maximus Nullam arcu lacus sed ac nec velit Fusce gravida congue nisi vel Nam iaculis ', '2020-01-06 23:16:11', 21, NULL, 'rejected'),
(783, 'aliquam in a viverra laoreet mauris faucibus amet varius dis non interdum congue odio fermentum odio metus at ', '2019-08-14 17:11:28', 19, NULL, 'pending'),
(784, 'Orci augue aliquam erat eu et ornare nec odio non euismod pulvinar a congue rhoncus tellus Interdum condimentum ', '2019-06-24 06:36:13', 11, NULL, 'pending'),
(785, 'sed varius sit eget Ut pulvinar laoreet tempus ', '2019-12-25 20:18:02', 9, NULL, 'rejected'),
(786, 'Proin nulla vel feugiat augue Nullam elementum tortor ac eros ornare dui sagittis pulvinar Vivamus neque varius dui finibus ', '2019-07-12 23:36:17', 1, NULL, 'rejected'),
(787, 'risus amet porttitor ipsum laoreet vel id est massa ornare nisi velit amet augue luctus ', '2019-07-04 10:39:11', 18, 'twitter', 'published'),
(788, 'risus Proin erat adipiscing pellentesque congue Orci quis quis Nullam montes Mauris blandit quam quam vel Donec Cras risus ', '2019-12-12 16:37:46', 18, NULL, 'rejected'),
(789, 'ac accumsan Vestibulum tincidunt et odio suscipit semper accumsan accumsan ante tincidunt Cras ', '2019-12-08 19:41:13', 4, 'twitter', 'published'),
(790, 'porttitor diam Donec amet nec tempus augue quis luctus laoreet ', '2019-12-26 23:01:38', 6, 'twitter', 'published'),
(791, 'scelerisque et neque tempor amet lorem purus ornare scelerisque vestibulum vitae pretium blandit sit Donec justo nunc Ut vehicula ', '2019-12-09 13:31:16', 8, NULL, 'rejected'),
(792, 'quis tellus velit Phasellus primis ornare pharetra Quisque elit diam varius malesuada ', '2019-06-12 21:11:09', 13, NULL, 'rejected'),
(793, 'est diam quis accumsan tempor nisl ipsum purus rhoncus a fringilla in at ut ', '2019-07-05 07:03:29', 10, 'twitter', 'published'),
(794, 'sed velit egestas elit pulvinar finibus sapien luctus ornare urna interdum ', '2019-12-03 14:19:58', 2, NULL, 'rejected'),
(795, 'placerat nisi vehicula ex Phasellus eu Morbi amet ut Lorem turpis eu laoreet Ut dapibus maximus feugiat lacus ', '2020-01-31 14:07:46', 6, 'twitter', 'published'),
(796, 'tincidunt quis sit accumsan malesuada pellentesque aliquam eu faucibus id nisi massa eget ', '2019-07-10 20:50:10', 4, NULL, 'pending'),
(797, 'pulvinar quis finibus luctus vitae non elementum auctor ante ', '2019-09-05 08:16:32', 12, NULL, 'pending'),
(798, 'molestie aliquam dis quis dolor tempus aliquam ipsum sagittis fringilla sapien quis eget molestie mauris vitae ', '2019-12-11 16:07:34', 10, NULL, 'pending'),
(799, 'quis quam nec suscipit aliquam Ut pellentesque ut dolor sapien elit fermentum eu vel nec magnis ', '2019-12-25 01:53:14', 12, 'twitter', 'published'),
(800, 'Donec tellus lobortis in at vitae tempus pharetra tristique nec ', '2019-07-09 02:31:50', 6, NULL, 'pending'),
(801, 'Pellentesque mi molestie pulvinar eget aliquam quis neque vel eget ', '2019-10-19 11:18:20', 1, 'twitter', 'published'),
(802, 'nec varius erat tempor efficitur felis molestie ac Donec egestas tempus nec vel volutpat facilisis id pellentesque interdum ', '2019-11-28 14:10:07', 4, NULL, 'rejected');

-- --------------------------------------------------------

--
-- Structure de la table `proposal_content_history`
--

CREATE TABLE `proposal_content_history` (
  `id` int(10) UNSIGNED NOT NULL,
  `proposal_id` int(10) UNSIGNED NOT NULL,
  `date` datetime NOT NULL,
  `content` text COLLATE utf8mb4_unicode_ci NOT NULL
) ENGINE=InnoDB DEFAULT CHARSET=utf8mb4 COLLATE=utf8mb4_unicode_ci;

--
-- Déchargement des données de la table `proposal_content_history`
--

INSERT INTO `proposal_content_history` (`id`, `proposal_id`, `date`, `content`) VALUES
(201, 703, '2019-08-21 12:26:33', 'lacus id massa ultrices feugiat nunc est natoque Ut libero Nullam ex maximus mus Aenean vel maximus varius dolor quis ultrices fringilla Sed erat euismod auctor Fusce Donec pharetra elementum vel arcu nec Nunc in erat eu sem ac Fusce blandit tempor urna in fames mi at ullamcorper risus pulvinar dolor faucibus quis eget vel finibus ornare mattis mi quis ante Lorem arcu condimentum gravida ornare pellentesque sapien libero nec montes quis dui quis felis varius dolor ex varius commodo nisi tempor penatibus amet lacus libero auctor eu orci nec erat varius mi sapien faucibus ornare erat Suspendisse a at malesuada est scelerisque ligula vel molestie at elit laoreet mi tortor scelerisque eu elit amet eget purus mi iaculis posuere pellentesque Mauris a est magnis feugiat erat ullamcorper iaculis accumsan interdum mi dui mattis non odio Fusce Ut eget vitae Ut risus consequat amet elementum quis molestie Orci placerat purus in gravida risus sapien Donec laoreet nec Phasellus non parturient sit magnis risus blandit nisi amet at a neque commodo vehicula molestie nascetur diam condimentum congue maximus sit neque neque malesuada accumsan Vivamus porttitor malesuada bibendum nisi ante vehicula eu viverra nibh vitae et a Donec erat accumsan tempus eu fringilla Donec eget ipsum laoreet molestie lorem Pellentesque elit id porttitor velit in magnis In laoreet Morbi bibendum lacinia dolor erat a varius luctus diam purus a mus ultrices faucibus dui montes maximus mi ipsum erat augue maximus lacus iaculis vel nunc aliquam Nunc pretium quis erat neque accumsan neque congue quis lobortis est at egestas vestibulum diam scelerisque luctus ullamcorper sagittis at Fusce eu malesuada id pulvinar eget pulvinar vel a mauris laoreet nunc Donec elit ante eget maximus sit id ac eget id eu Proin augue purus massa Lorem mi nunc lectus sit libero sit magnis nec velit vestibulum placerat Orci maximus est mus nibh vel lobortis nisi amet tempus risus Donec ac ut pulvinar vehicula auctor urna tempus metus et Fusce eget id vitae scelerisque condimentum consequat pulvinar nec nisi porttitor eu amet molestie Morbi blandit neque at Orci accumsan id malesuada nec vulputate sit at blandit et nisi maximus accumsan faucibus sit eu vestibulum Orci at ex mus rhoncus interdum elit aliquam nisi congue Cras pulvinar tempus non Donec purus risus sapien sit rutrum felis gravida diam felis nisi risus montes faucibus neque vestibulum purus suscipit vel vel facilisis porttitor pharetra Quisque dui elit eu condimentum at tempus fermentum vel arcu varius luctus fringilla auctor Cras nisi sodales mauris risus nec Nunc luctus Nunc nisi massa justo nunc in justo nisi ultricies amet vitae ultricies interdum pulvinar pellentesque tincidunt nec ultricies nisi viverra at varius egestas odio iaculis vel id faucibus interdum erat egestas neque Etiam tellus magnis Proin at iaculis est interdum Ut Donec nec tempus neque Orci Orci nulla luctus fames Proin fermentum a nec vitae tristique eget dolor '),
(202, 704, '2019-12-16 19:31:07', 'nascetur laoreet Morbi eros Nullam amet bibendum maximus nisi elit ligula faucibus aliquam odio Vivamus aliquam at nisi sapien Mauris erat Mauris et lorem vel feugiat congue Nam iaculis Aenean in sed ex risus elementum feugiat risus nunc feugiat risus magna dolor Nullam tristique amet ultricies Nunc natoque feugiat vestibulum aliquam maximus interdum porttitor mi ipsum lectus maximus mi nisi a vitae adipiscing sodales Nullam quis tincidunt vel magna faucibus nec in quis amet neque Vestibulum et nec tellus quis in lectus elit tortor risus posuere velit sed neque Pellentesque accumsan tempor justo accumsan mi ut at sapien mattis pulvinar massa ipsum commodo vel aliquam dapibus Ut ut placerat vulputate elit Donec efficitur at volutpat Orci sit vel dis amet vel Orci elit nisi a urna a Pellentesque sapien varius pulvinar vehicula dui at lacus dui nec magna sem orci viverra laoreet pretium faucibus tempor gravida commodo vitae lacinia scelerisque Donec consectetur tincidunt consectetur nascetur dis elit varius massa ridiculus porttitor laoreet vestibulum id congue nisl non ac tincidunt Lorem Donec ipsum elit lobortis mattis Vivamus id neque mauris ridiculus natoque Morbi velit dignissim et volutpat quis libero volutpat est odio varius velit Vestibulum tempor mi ac condimentum Cras vitae massa in montes enim Quisque rutrum Cras nulla risus Proin pellentesque elementum neque metus rhoncus turpis Orci maximus velit maximus volutpat eu justo elit sit a Fusce lorem quis varius feugiat lobortis risus vitae ornare tellus bibendum lacus Vivamus id mattis non vel mi dui faucibus faucibus dis tincidunt at lobortis diam vel Fusce mattis at augue sit in augue placerat nunc Pellentesque et lacinia justo magna libero nec quam Fusce massa natoque arcu ipsum odio vestibulum tincidunt malesuada enim '),
(203, 705, '2019-06-11 17:38:13', 'sapien lobortis erat est Phasellus volutpat feugiat faucibus massa tincidunt Pellentesque in tellus mauris at lacus tristique arcu orci a mattis pellentesque quis est suscipit efficitur faucibus luctus mauris orci nibh nibh Pellentesque vehicula neque Donec ligula blandit in dolor justo mi Donec volutpat non non consectetur augue vitae malesuada molestie amet volutpat pellentesque est Proin Nunc nisi Ut a urna in tempus orci egestas sodales Nunc maximus gravida lacinia magnis amet Fusce erat tempor lobortis Nullam Morbi arcu at justo accumsan ac elit cursus tortor et magna fermentum erat Vivamus luctus quis tempus Nunc consectetur fermentum nec Donec ipsum rhoncus molestie porttitor diam sit ante mus nec nec id Integer Pellentesque mattis consequat feugiat luctus nisi sit erat varius dignissim eu tortor rhoncus sapien scelerisque pellentesque vehicula ac vehicula pellentesque nunc nibh ornare erat lobortis bibendum elementum Proin massa eu Donec ligula ex Donec '),
(204, 706, '2019-09-01 18:48:27', 'nisl libero faucibus dui Ut et eu dui mauris sem tincidunt tempor Donec nisi ultrices elit Nullam vestibulum sem et erat molestie odio interdum at luctus maximus molestie rhoncus sem dolor et Vivamus vehicula a metus eget accumsan velit felis quis accumsan natoque justo Cras Donec orci Quisque aliquam eget vel diam ante odio Nullam feugiat Ut parturient commodo justo orci Mauris quis montes pellentesque vel tempor quis sed consequat nec maximus maximus at mi mattis pharetra augue in interdum eu sapien vehicula Vestibulum Cras sapien a accumsan vehicula eros arcu fermentum vel sed suscipit quam turpis orci sit purus justo Morbi Nam pulvinar blandit eu auctor suscipit enim erat facilisis quis volutpat Nunc auctor interdum diam magna condimentum laoreet et dui rhoncus nisi odio dolor odio fermentum dapibus et magnis nascetur vitae non fames pulvinar Suspendisse justo vestibulum suscipit consequat Donec ut eu justo Donec feugiat ornare sed penatibus consectetur nisi Ut feugiat Donec '),
(205, 707, '2019-09-10 05:41:02', 'varius dapibus congue non Nunc nisi sem fermentum dapibus ornare Ut varius sodales accumsan Orci commodo amet elit feugiat iaculis dolor laoreet aliquam quis congue sem mauris nunc tortor dapibus arcu lobortis in erat magna dui bibendum at enim et eu a a pulvinar luctus sagittis urna dignissim ac amet augue id eget nec amet vel at eu Nullam nisi tempus condimentum at euismod Morbi neque rhoncus elit pellentesque nisi feugiat Pellentesque sem nisi vel ullamcorper tristique lacus ex elementum eget Lorem sem Quisque eget Vivamus condimentum eget Donec non eget et parturient sit rhoncus Orci dolor tempus et dolor congue egestas in metus vel a finibus posuere Integer natoque ipsum sed odio justo vehicula Donec montes odio facilisis elit accumsan faucibus faucibus mi pellentesque sed vestibulum adipiscing ultricies egestas Donec eleifend Donec et nec egestas faucibus bibendum tellus a accumsan ultricies sapien Nullam eget ante montes eget metus eget quis condimentum luctus vel ut purus a erat at Donec laoreet tortor et velit volutpat nisi congue ex Donec dapibus purus est congue eros eu blandit iaculis vehicula in arcu fringilla malesuada tempus pellentesque eget varius fermentum at ut ultricies in congue dignissim quis Fusce arcu neque fringilla auctor blandit ridiculus ac Proin pulvinar sit fermentum eu amet orci molestie nisi justo Mauris lorem orci ligula Proin Proin ipsum commodo ultricies at accumsan sem sit pulvinar a at ante purus vel elit in Ut facilisis et imperdiet nibh erat lorem eu Lorem scelerisque dolor facilisis Mauris Nam Donec pulvinar Proin molestie Phasellus luctus interdum nec pellentesque placerat eget commodo lacinia accumsan tellus vestibulum vestibulum in mattis id In et a eleifend eros volutpat ultrices suscipit mi efficitur ac amet interdum at posuere iaculis nunc luctus urna euismod accumsan odio arcu natoque elementum elementum tempor Ut et amet maximus sed posuere Etiam Vivamus quis sodales lectus at placerat interdum ornare ut et odio ex Morbi Donec id pulvinar non diam est sagittis vitae Donec erat a eget risus diam lacinia ut blandit eget dolor maximus tellus Ut dui orci odio Sed commodo nunc justo Mauris ridiculus amet odio blandit arcu nascetur tempor quis magna ut bibendum Fusce Quisque ut mus felis feugiat id commodo sodales vel blandit justo vitae Nullam Fusce lorem ipsum augue velit luctus justo vel in elit amet id gravida eget Donec Donec luctus magna ac luctus ipsum Nunc odio risus dolor arcu facilisis molestie lacus sed sit fermentum ante viverra ex Nullam scelerisque iaculis in bibendum risus nisi Integer Morbi tempus nisi luctus ipsum gravida penatibus vestibulum bibendum id vulputate eu in gravida facilisis interdum Nunc laoreet fringilla a sem Nullam pharetra elit Ut natoque sed Nullam at est elementum consectetur varius felis consequat eros mus justo elit felis molestie pellentesque varius congue luctus Pellentesque quis libero ante vehicula Donec malesuada lorem vitae Aenean in dui ac '),
(206, 708, '2019-10-10 12:51:56', 'sagittis lectus blandit Nullam interdum ligula Suspendisse sed Nam Donec vel risus Nunc nascetur montes Cras Nunc nulla volutpat et auctor Pellentesque ac nec facilisis faucibus in ac ipsum at quis nec sem accumsan erat est aliquam justo nisi Donec ultricies Pellentesque commodo tempor nec pretium Proin vitae quis urna faucibus risus faucibus Donec laoreet egestas scelerisque ullamcorper sapien erat efficitur et justo quis nisi maximus Suspendisse urna sodales et eget luctus mus consequat Nam vel Donec tempus enim in elit sem Phasellus tempus fermentum sit Ut Donec a sagittis Pellentesque neque risus id at Integer dolor lacinia sem Morbi interdum Cras commodo bibendum molestie nascetur ipsum augue magna luctus risus dis dolor lacinia neque ultrices tempus Pellentesque finibus sapien condimentum et vel Nunc quis vitae consequat dignissim convallis feugiat lacinia congue quam fringilla ornare scelerisque scelerisque id urna diam nibh neque Interdum velit amet ante Orci nec lacinia odio dapibus molestie pharetra Quisque odio consequat augue in non Integer mattis orci nunc semper neque nec laoreet ac Lorem porttitor sem at ac vel ultricies erat id consectetur nec erat eu ante non Donec quam nisi iaculis egestas accumsan Morbi Nullam penatibus quis varius feugiat quam interdum eu Proin cursus lacinia porttitor molestie varius in Aenean lacinia odio Cras a molestie laoreet libero justo quis ultrices Donec tempus luctus Ut Fusce sapien risus Ut libero non elit nec varius pellentesque elit consequat accumsan ridiculus laoreet risus scelerisque malesuada mi quis Cras eu suscipit neque tellus Nunc tempus magnis laoreet lobortis quis neque nisl finibus tempor est egestas Donec bibendum molestie viverra sed ornare Cras eget Pellentesque lorem Proin elementum sed feugiat ridiculus in id scelerisque neque natoque vitae Fusce condimentum non velit amet In Donec convallis egestas luctus turpis non faucibus dignissim nec sapien eu Vestibulum risus nec vel '),
(207, 709, '2019-07-22 07:09:05', 'at dolor eu Fusce egestas neque Quisque nunc malesuada sapien nec eleifend accumsan lectus sit blandit ut ornare Donec nec cursus molestie quis vehicula malesuada velit Fusce Fusce in Interdum maximus at nisi justo lorem a est orci pulvinar rhoncus nulla metus luctus ex ex vitae ipsum sit non maximus maximus pulvinar vestibulum diam eget suscipit egestas vestibulum magna eros feugiat non tincidunt et pellentesque gravida ultrices odio bibendum est quis erat ultrices at id Nullam varius mi in risus vestibulum Morbi Donec nisi odio lorem et sit non dis eu penatibus purus luctus vitae Sed id tincidunt lacinia massa Orci fermentum neque vulputate erat ante maximus euismod pulvinar tellus luctus Nullam Interdum et in a blandit nascetur tempor ornare congue egestas dignissim Proin lobortis mauris vitae Proin sit vitae consequat pulvinar interdum scelerisque Mauris Donec in lacinia vitae congue aliquam quam laoreet nisl tellus laoreet mi augue nunc mattis et sapien euismod tortor amet sit accumsan ex nec adipiscing nec Quisque nisi quis vehicula nisi luctus quis maximus ipsum elementum ut vehicula in at odio Ut malesuada molestie velit mi vehicula facilisis enim varius Fusce nisi at arcu interdum luctus et lacinia a tortor vitae diam egestas auctor vitae ultricies ante odio Aenean accumsan nec lorem magna accumsan iaculis sagittis et vel posuere at Donec turpis egestas odio Etiam Orci luctus in odio nunc in nec quis justo auctor viverra eget tincidunt in parturient mi sodales tempor aliquam Pellentesque arcu ipsum risus ligula commodo ac enim nulla Proin egestas leo Orci nunc et Donec Donec quis justo leo at Proin vel bibendum velit ultrices interdum dolor accumsan massa purus sed parturient et dui Aenean luctus nisi ultrices pulvinar tincidunt neque Mauris id vitae non in maximus Lorem vitae justo nec dapibus iaculis lorem pulvinar nisl venenatis mi ligula placerat dolor vehicula eu faucibus fringilla Donec sagittis eu elit ultricies Donec interdum eget tempus commodo enim malesuada lorem Nullam magnis at arcu varius posuere lacus bibendum blandit molestie dolor tempus mi bibendum neque at eget tempus scelerisque fringilla dapibus tortor amet Suspendisse Suspendisse erat maximus quis egestas accumsan Cras a vitae vitae ante nisi '),
(208, 710, '2019-10-02 04:43:52', 'gravida quis lectus in tempus et mauris orci a Donec et Proin blandit magna malesuada Nunc quis lacus vel ex tincidunt est a tincidunt neque interdum mi dolor sed finibus Sed Fusce consequat luctus consequat quam semper nisl sit nec libero penatibus luctus erat scelerisque et congue enim vel lobortis et magna Vivamus urna libero dolor rutrum ultrices a mi est sem quis risus condimentum leo risus ipsum euismod justo odio enim in tincidunt vehicula erat sagittis id rutrum vehicula maximus tempus Mauris mi luctus erat congue Lorem vel ornare eros non pulvinar sit interdum ante eget neque tincidunt justo magna lectus Morbi nunc nec Etiam viverra Sed nec congue vehicula lacus Pellentesque dolor venenatis Nullam massa eros malesuada mus Nullam non elit risus Nunc neque libero Fusce erat maximus Proin blandit neque laoreet fermentum mi vitae montes ac mauris ultrices fames quis orci tempor mattis amet Pellentesque laoreet egestas mattis convallis fermentum leo sapien elementum eu blandit magna nec natoque at vel amet Fusce nisi accumsan natoque libero quis montes blandit nulla dignissim tempor volutpat interdum nisi sapien lacus risus laoreet a ultrices venenatis erat neque Nullam mus a nibh cursus Cras pulvinar rutrum eu luctus justo augue maximus lectus mattis pulvinar ligula Integer natoque Lorem commodo neque arcu ex a odio Aenean posuere erat arcu elit nulla euismod sit dui non viverra auctor at Donec massa iaculis eros convallis dis ut at sapien laoreet eget vehicula nunc quis amet justo ultricies a fermentum sit ultrices pellentesque vel sodales tempus erat dis a euismod porttitor pulvinar a et est quis amet lobortis luctus in leo eget sed auctor tortor diam molestie vel ornare mattis vitae iaculis purus Mauris at molestie odio interdum Suspendisse sit nisi mi suscipit nec libero blandit Donec dui ac purus Vivamus maximus ipsum interdum tempor odio mi Orci magna ligula odio eu nisi erat iaculis pulvinar Lorem magna neque in dui faucibus et nisi fringilla accumsan magna accumsan vitae condimentum consectetur egestas sed eget diam a commodo magna sem diam aliquam nisl nisl et justo sem sem Morbi mi interdum a nunc fermentum ultrices Ut accumsan condimentum elit Etiam posuere primis natoque tellus mi quis tempus suscipit amet fames maximus '),
(209, 711, '2019-12-27 18:33:29', 'magna Cras Cras Donec ex odio dui mauris Morbi vitae elit tempus sem Quisque risus in vel lacinia justo amet Pellentesque venenatis imperdiet vitae at rhoncus tincidunt ex Integer nisi montes lobortis mauris maximus at montes eros Sed et neque tempus quis condimentum in varius elementum natoque ultricies Morbi et tincidunt neque penatibus erat ultricies ridiculus vel neque Nullam consectetur Mauris at velit augue Mauris Quisque nec sagittis Morbi maximus consequat commodo sagittis mattis tempor lobortis non et arcu dapibus nisi gravida risus tincidunt cursus viverra ante sapien Nullam Fusce lobortis fermentum Proin pellentesque luctus vel nec dapibus nec fringilla velit feugiat odio tempus dapibus nibh congue interdum justo vel interdum neque nisi velit nibh ullamcorper erat vel eu non at placerat ex ante Etiam mi elit eu bibendum erat vehicula elit sed sagittis dui lorem Donec sem nunc efficitur eu sed nibh lacinia mauris massa feugiat sem ipsum augue lorem Donec est justo tempor in neque non condimentum quis dis cursus condimentum feugiat dapibus non mi luctus feugiat posuere quis pulvinar quis a ultrices mattis tempor maximus ut sem malesuada vehicula non diam enim urna euismod dapibus quis fames elit eros elit neque risus sit erat malesuada quam tincidunt elit natoque nulla velit dis Donec pellentesque eros diam pellentesque pellentesque maximus ipsum Nunc consequat nisi at tempor amet Vivamus sed mi accumsan neque at neque magnis fermentum at maximus maximus elit consequat lacinia velit sapien fringilla dignissim Integer diam Phasellus at egestas parturient a quis est id erat risus porttitor id tincidunt sit sem a id Mauris Quisque diam ultricies dui tempor a mus Ut neque nascetur facilisis ultrices neque faucibus non Orci maximus vestibulum euismod malesuada tincidunt at a vehicula finibus est odio et vel laoreet Aenean malesuada orci viverra a mi vestibulum faucibus in finibus diam lorem volutpat euismod urna pulvinar viverra risus ipsum nec eget non quis augue Cras mattis sapien vitae sit volutpat faucibus Vivamus sit rutrum nisi Mauris montes quam vestibulum faucibus a ante dui nisi felis Quisque interdum odio Cras luctus luctus urna lacinia semper mi Donec dolor id Nunc interdum Nunc neque '),
(210, 712, '2019-09-30 14:42:34', 'scelerisque ut In vel penatibus Nunc dolor malesuada nisi odio Phasellus Proin ante rutrum In pellentesque sem vitae fringilla mi justo Pellentesque vel eget gravida Donec erat vehicula feugiat odio ut non quis Nullam laoreet Integer penatibus est odio Donec id at nec Quisque Fusce ipsum Nullam tincidunt lacus amet maximus nec mi Pellentesque ultrices porttitor accumsan blandit consequat fringilla sapien sit augue mi ac venenatis neque dis est ante scelerisque vestibulum laoreet nisl Mauris faucibus ligula ipsum erat faucibus scelerisque egestas mus Nullam vel quis mauris at eu elit lacinia purus ac sapien ex efficitur bibendum ipsum nec non posuere Donec pulvinar erat feugiat est accumsan at erat accumsan consequat malesuada Vivamus Quisque varius in id penatibus gravida pellentesque nisi justo Donec interdum risus iaculis vehicula at In Nunc finibus at mus nec nascetur ac massa tincidunt Donec eu nec in dolor augue quis faucibus penatibus iaculis odio consectetur leo Donec fringilla non Donec nec et feugiat elit diam quis odio ligula ornare Mauris ac non mus a Donec elit volutpat pharetra laoreet vulputate Cras facilisis mi sed felis convallis amet elit et sit Proin erat a a neque elementum vitae purus sem ultricies a Fusce sit lacinia augue id vel diam at vel Fusce tortor tempor lacinia quis tincidunt a magna odio lectus quis vehicula ornare non justo nunc Pellentesque Morbi consectetur elit risus Donec nunc elit vel velit in consectetur tincidunt molestie quis condimentum risus non felis sem quam Cras ante dapibus Orci varius nec at vehicula pulvinar Morbi ut Donec eu eu Fusce Morbi congue magna penatibus orci ornare elit neque et vestibulum nisi nisi nec nunc porttitor eget vitae vel ex lobortis Ut lectus dis sit maximus Proin Proin Pellentesque euismod ipsum volutpat sit Ut euismod vel at tincidunt '),
(211, 713, '2019-11-30 10:59:08', 'lobortis ultrices nulla Etiam dolor id velit suscipit diam elit Ut lorem metus Mauris quam iaculis tristique Mauris volutpat fringilla in ex Nullam risus eget montes at lorem mus ligula condimentum magna varius suscipit amet erat lacinia ullamcorper ac tempus consectetur magna et amet accumsan pellentesque Ut pulvinar nec quis auctor elit condimentum tincidunt arcu in Nullam id justo maximus id nisi adipiscing varius varius non nibh nec mauris lorem neque risus convallis pulvinar justo Phasellus ornare et euismod in Phasellus maximus et Mauris neque Fusce luctus vitae Nunc eu ut congue Integer vestibulum lacus nunc ex nisi vestibulum justo vitae ullamcorper mi gravida velit commodo accumsan varius fermentum ultricies pulvinar parturient leo fringilla et at sagittis fermentum sed condimentum vitae ut magna eu felis porttitor scelerisque Ut condimentum nisi eu in fermentum risus justo urna id vel risus lobortis laoreet nec Donec urna tellus ac tincidunt semper pretium suscipit porttitor bibendum erat mattis nisi velit molestie neque luctus nec justo Donec magna justo Vivamus Pellentesque risus Mauris ut vehicula Orci dignissim at faucibus orci nisi augue viverra elit Orci id sed quis nec congue Proin placerat velit eget ipsum feugiat pellentesque at erat non pulvinar nisi et scelerisque interdum fermentum Ut '),
(212, 714, '2019-12-21 03:40:12', 'vel id massa tincidunt vestibulum Pellentesque blandit massa Interdum viverra ipsum elit scelerisque laoreet pulvinar erat quis Etiam fringilla quis eget Morbi tempor lorem quis penatibus laoreet tellus nisi sit ornare Donec Nullam massa commodo Sed lacinia vestibulum mi Mauris vitae odio molestie sapien accumsan sit in in iaculis eu condimentum tempor ultricies risus consequat erat Nullam accumsan dolor Morbi Morbi in sapien euismod parturient In ante erat elit aliquam Integer interdum pharetra gravida elit mus maximus Fusce elit Nunc varius accumsan massa at eget et ipsum in Donec varius lectus risus magna tempor Nunc commodo Orci vitae in luctus ornare maximus ridiculus tincidunt Donec Cras maximus non at quis rhoncus purus vehicula nec sem amet lobortis Fusce lorem elit ridiculus fermentum Pellentesque Donec bibendum quis et id pellentesque nulla velit neque neque maximus Vivamus Donec Mauris '),
(213, 715, '2020-01-08 07:30:00', 'varius mi Pellentesque arcu Fusce Lorem varius auctor luctus urna facilisis Vestibulum lacus eget lectus massa finibus a natoque ut Fusce et et commodo nulla nisi nisi nisi faucibus mattis sodales quis varius In arcu vehicula Fusce dapibus maximus eu eget non sem feugiat ultricies aliquam Nullam neque velit interdum nec leo Vivamus vel varius Cras Donec ante diam id erat molestie erat ultrices lectus consequat maximus enim natoque orci tellus laoreet justo Ut volutpat quis a volutpat finibus erat volutpat neque condimentum a Nam nunc pharetra magna scelerisque quis Quisque vehicula tortor pharetra quis fringilla imperdiet a euismod ultrices euismod maximus et quis varius nec eget maximus nisl lectus nec quis mi laoreet molestie pellentesque purus in velit lacus volutpat Mauris Morbi ridiculus eros non dui Pellentesque euismod at odio suscipit vitae bibendum fringilla magnis gravida velit dis gravida gravida fermentum tempus at quis pharetra sapien parturient Orci lorem in Donec gravida erat interdum Donec malesuada viverra arcu in facilisis viverra Mauris egestas fringilla ultricies nunc neque ipsum scelerisque ipsum ac dolor tempor enim tincidunt molestie Orci ut rutrum vitae quis nunc quis tincidunt Donec congue vel ante risus neque erat interdum eu lorem Pellentesque orci quis ipsum Fusce tempus ipsum bibendum at in nec at interdum vehicula ipsum nulla quis a pulvinar maximus ornare a sem semper laoreet odio Suspendisse risus Donec Ut euismod enim vitae in maximus porttitor justo pellentesque vitae faucibus neque natoque congue tempor ipsum Interdum erat Pellentesque risus Orci '),
(214, 716, '2019-10-09 12:38:54', 'gravida a mattis augue tincidunt tincidunt finibus interdum maximus consequat dolor id varius elit Nullam pulvinar in Donec Donec Etiam vehicula quis malesuada euismod ipsum Nullam vel vitae accumsan Lorem vel fermentum interdum eu commodo elementum gravida Vivamus orci justo a a nisi at Orci ridiculus penatibus orci arcu erat mi vitae Ut vitae placerat odio elit elit in aliquam augue vestibulum fermentum arcu sapien id tempor varius eu odio sit enim ornare sagittis erat mi Mauris Proin Fusce ipsum maximus mus in purus Nam sapien purus luctus porttitor porttitor eget libero metus pulvinar massa odio erat volutpat tempor mi commodo justo vehicula a mattis a in Fusce amet amet libero Quisque sed eu ornare nascetur mattis Integer tempor eros in vehicula Donec neque facilisis a tortor amet nec velit ridiculus tempor efficitur montes pulvinar eget diam mattis laoreet dis ipsum facilisis dui lacus malesuada in ridiculus justo volutpat non fermentum eu Mauris in non felis dui Lorem semper est Quisque maximus Donec Aenean sed montes ex quis dolor Etiam enim diam neque nunc vestibulum nisi ex aliquam ridiculus quis volutpat ornare et felis justo faucibus Nullam Interdum penatibus feugiat elit non eleifend sem ut pulvinar at Proin elementum Interdum risus ipsum posuere maximus imperdiet imperdiet rhoncus orci Ut fringilla penatibus non gravida at sem sapien nec neque a Lorem tellus in elit tellus at lacinia ornare Proin a eu eget imperdiet nunc consequat Donec accumsan dolor Interdum ligula dolor ante ipsum posuere condimentum ultrices gravida pulvinar erat lorem accumsan et justo nibh tempor pellentesque felis fringilla suscipit quis nec laoreet faucibus orci accumsan lobortis sed Proin blandit vel elit pellentesque congue Cras metus augue scelerisque elit sagittis in nibh tellus auctor tortor euismod a felis pellentesque velit pellentesque varius dis ornare vel eu fermentum commodo Nullam Fusce '),
(215, 717, '2020-01-23 15:52:06', 'congue congue imperdiet elementum pulvinar Donec purus Mauris pulvinar lorem quis fermentum purus Fusce facilisis velit ipsum vehicula sem tellus in dui Mauris tempor ullamcorper a In sed justo Proin Proin id maximus et in ultricies in Nullam in mauris erat tempus molestie vel elementum vel eu tempus at quis id natoque In erat in suscipit fermentum vehicula et ac Mauris nisi malesuada maximus nisi viverra consequat placerat sem magnis diam sit accumsan Quisque at risus maximus varius fames accumsan Cras Quisque quis pulvinar magna condimentum a nec Fusce dolor varius iaculis mattis a neque natoque ligula natoque molestie vitae nisi quis a in maximus Quisque erat felis sem fringilla facilisis mi odio Proin Mauris sit Donec odio maximus maximus Orci lobortis lectus commodo dapibus pharetra sem congue sem tellus nec nisi Fusce quis bibendum Nunc nec tincidunt faucibus id Proin lectus non dui urna diam posuere est id commodo amet vitae mattis accumsan interdum ac Orci vitae Donec Fusce non lobortis accumsan erat luctus eu ornare imperdiet in nisi et erat pretium purus Morbi erat eros a velit lacus a quis Vestibulum ante euismod consequat eu pulvinar eget risus molestie parturient neque eu id fermentum tempus natoque sagittis arcu fringilla nec et nisi euismod facilisis at eget sapien a mi vel ultrices diam a egestas iaculis volutpat pulvinar pretium pellentesque egestas est egestas arcu Mauris accumsan purus volutpat faucibus Suspendisse a mi eu sagittis lobortis neque vestibulum lorem vehicula scelerisque mus Proin sagittis bibendum nunc maximus vel Nunc dolor luctus lacus sit Nullam accumsan mauris gravida nisi et dolor Donec Fusce Nullam a egestas lorem placerat Lorem neque Proin est feugiat odio ante in vel nunc massa nunc ornare risus ultrices egestas blandit elit auctor mi orci Vivamus pulvinar nulla sapien justo dolor fringilla nisi eros quis a vitae in arcu Donec malesuada Donec amet diam sodales nec faucibus elit Suspendisse pulvinar diam pulvinar ipsum Orci tincidunt mus iaculis neque Vivamus nisi varius Donec nibh aliquam dis auctor arcu id eget dolor arcu Vivamus sit non laoreet consequat erat libero est neque congue pellentesque eros Orci non Nullam tellus fermentum egestas fringilla vitae lorem sapien efficitur mi tellus tincidunt mattis in mi sodales pellentesque ornare nec est nascetur Donec posuere ornare amet ipsum condimentum ridiculus maximus dapibus vel amet luctus dolor vel vehicula sed sit dapibus tincidunt eu varius vitae tortor ullamcorper dolor non facilisis posuere mi est Donec elementum turpis vitae adipiscing at quis vulputate Donec aliquam Cras libero iaculis eu in vel Nunc finibus massa Donec odio euismod laoreet ridiculus suscipit in tempor risus feugiat massa congue in elit tortor ipsum egestas nisi nisi Sed congue odio elit vehicula ante placerat condimentum vel '),
(216, 718, '2019-06-11 15:19:11', 'fames fermentum Fusce nisl id pulvinar lobortis nunc laoreet sit vel felis amet Orci tristique vestibulum commodo a tristique risus dolor nisi libero vitae Cras vestibulum Morbi viverra at felis massa pellentesque Nunc congue vel mi risus malesuada varius gravida dapibus semper Phasellus risus vel nisl vehicula sed Nunc in imperdiet massa ridiculus a nunc a egestas dignissim quam sodales enim maximus elementum tincidunt Ut urna elit rhoncus quis luctus consequat condimentum metus at Integer orci vitae consequat vitae nisi Aenean eu fermentum a mus nisi Phasellus arcu at consequat vitae mattis vehicula nisi laoreet sed at dapibus scelerisque dis pretium et pulvinar dolor eget mus commodo lacus parturient posuere non Phasellus velit Fusce tempor congue magnis amet id gravida ornare Phasellus Donec commodo sagittis Proin et eget augue nascetur sapien consequat nec Fusce risus mi erat lobortis in fringilla dolor ante consequat urna aliquam in Mauris maximus Donec sem pulvinar justo amet arcu neque enim eget Fusce pharetra tempus malesuada parturient elementum lacinia Etiam Integer ut fringilla convallis quis varius Proin Nullam vel Lorem ante a Nunc vel montes Donec Interdum Quisque bibendum ante Donec semper felis porttitor lorem Pellentesque commodo justo posuere sed Ut sodales Donec ac in vitae quis et efficitur est tellus volutpat consectetur ornare nulla efficitur Proin mi mus mi congue ex at orci eu dolor tincidunt dui rutrum a congue id interdum et eget sodales elit sagittis quis maximus in faucibus pulvinar quam viverra pulvinar libero id dui efficitur Quisque dolor maximus fringilla velit dolor gravida consequat eget dapibus dui odio nisi Pellentesque Morbi quam ipsum elit eu arcu in vel Fusce laoreet ipsum mi Interdum Donec vitae egestas lacinia dapibus penatibus turpis at convallis nisi sit laoreet sit sem vehicula nisi vitae condimentum condimentum volutpat quis odio enim aliquam magna pretium sed ac tortor Fusce Nunc ornare ullamcorper in dui Donec Proin Fusce commodo at odio eu vel nec et id pulvinar sem elit Proin est lacus lacinia quis diam feugiat bibendum ut Donec at laoreet volutpat Morbi pulvinar varius vel gravida pharetra montes '),
(217, 719, '2019-09-02 17:31:31', 'vel Proin sit elit Ut tellus odio odio nascetur risus erat cursus luctus luctus eu lacinia Fusce mattis lobortis vehicula id tempor parturient gravida eros urna odio vel molestie commodo erat vehicula leo amet Fusce porttitor sed metus mauris a vel nunc malesuada ut dolor gravida laoreet ut a iaculis dis penatibus Donec pulvinar pulvinar at Ut diam feugiat fermentum et egestas condimentum erat eget fringilla erat vitae vehicula mi magnis massa dolor sapien in Nullam quis sit a nisi massa molestie interdum augue mi luctus a Fusce fermentum nec quis sit luctus Fusce suscipit Donec in tempus ante gravida bibendum nisi Donec libero elementum Mauris Cras orci mi interdum Morbi massa tellus ridiculus ultrices Nullam ante scelerisque sem est tortor nascetur pulvinar a nunc a a vitae Vivamus viverra ultricies pellentesque nisi Integer ridiculus et in pulvinar ultrices lectus fringilla arcu tellus maximus a mattis quis sit a Quisque congue arcu Donec erat id ridiculus molestie vulputate magna eget mi Orci erat Ut magna non ipsum semper vulputate ante vel neque urna vehicula a tempor mi dolor rhoncus Donec velit nascetur justo in Cras sem auctor sapien nascetur vitae vehicula nunc eros Mauris feugiat elit urna libero tellus nec et eu neque a rhoncus Nullam vestibulum ullamcorper tristique bibendum quis vel rhoncus pulvinar nisi magnis a at in justo maximus sed et faucibus Pellentesque ac congue fames pharetra '),
(218, 720, '2020-01-29 21:46:59', 'tortor lorem turpis sagittis sit condimentum ornare montes est vitae molestie quis et ornare Nunc Proin Ut faucibus ex at malesuada at Orci molestie sit est vel feugiat Donec risus neque porttitor Phasellus nisi Vivamus orci egestas Fusce vel at auctor lorem bibendum accumsan congue ac lorem quis natoque in vestibulum mus turpis quis feugiat Mauris Nam rutrum et Orci augue sit scelerisque feugiat mattis elementum condimentum ipsum a felis nunc ornare condimentum Morbi venenatis interdum mi nisi odio varius at fringilla justo primis Fusce Pellentesque vel Nam purus mattis id ridiculus interdum nec neque Quisque Fusce dui auctor cursus quis eget commodo erat nisi luctus ante congue parturient leo Integer Fusce congue in arcu a vel consequat malesuada ultrices Proin augue felis varius ante molestie massa tellus nec mus egestas orci vehicula erat eu vel velit Fusce tincidunt mi at neque vel est mattis non varius sagittis Interdum accumsan quis Nunc malesuada dapibus tincidunt Nunc vel pretium Ut Fusce tincidunt mattis adipiscing vel sed adipiscing at risus tortor pellentesque at dui at mus tellus sagittis erat blandit dolor nulla risus suscipit nunc elit eros vestibulum in dolor vestibulum Fusce Pellentesque ante varius at ac neque accumsan Mauris nisi eget Interdum '),
(219, 721, '2019-06-13 04:03:56', 'porttitor Vivamus metus suscipit ipsum varius euismod lorem non Phasellus massa ante Fusce luctus elit ridiculus erat dolor fringilla nisl Donec odio pulvinar feugiat mi blandit erat In erat nec diam posuere Nunc amet et ipsum rutrum ipsum pretium purus nulla nisi leo amet posuere erat arcu odio Donec pellentesque quis magnis Proin ultrices porttitor maximus in magna eget Integer lacus ridiculus molestie porttitor mattis pulvinar Donec arcu augue dolor at Orci elit lacinia nascetur montes nec pellentesque molestie tellus eget nec justo vel libero lorem elit tempus bibendum Phasellus condimentum In lacinia penatibus odio dui vestibulum posuere Nullam congue porttitor non Donec accumsan libero ipsum leo Donec Proin arcu pellentesque parturient Ut libero Morbi dis quis ornare Pellentesque ac varius primis a et diam velit sit sit Mauris mauris Ut erat Nunc Integer quis parturient mi sapien molestie sem purus diam fermentum suscipit malesuada Morbi posuere porttitor massa porttitor at diam ac molestie luctus auctor neque eros risus dolor pulvinar eget Sed congue Pellentesque nisi Phasellus faucibus et enim at sagittis ipsum elementum Donec erat augue Morbi molestie ut id parturient quis libero Mauris ornare vel varius varius pellentesque nisi gravida ipsum quis blandit arcu quis molestie tempor lectus pulvinar venenatis dis Proin viverra dui Vivamus Cras est Proin tincidunt risus erat nunc Cras sem felis Nunc elementum vel tortor sit est consequat nisi pellentesque sem ante ante Mauris vel imperdiet orci et erat nec egestas parturient mauris Proin Nunc et lectus justo condimentum mattis vulputate accumsan pulvinar lobortis '),
(220, 722, '2019-09-15 22:12:07', 'nec arcu Donec amet bibendum ipsum fringilla mus diam libero arcu facilisis eget in porttitor sem gravida Donec commodo ipsum dolor at maximus eu parturient ipsum nascetur tincidunt tempus est eu Cras egestas arcu sagittis mi feugiat augue non lorem mattis nec tortor viverra varius eleifend montes maximus nec tempus suscipit amet vel ut Fusce mi augue euismod nulla vitae luctus laoreet orci rutrum eget bibendum in nisi ligula porttitor lacinia congue facilisis ultricies ipsum dui lacus libero Orci at imperdiet ultrices ornare odio gravida orci nisi maximus tempus non vitae magnis a et consequat auctor ante lorem id bibendum in purus Mauris mi luctus Ut sem odio eget mi non parturient nec orci Nullam cursus volutpat erat Nullam Proin justo Morbi faucibus vel gravida Nullam semper at lectus vitae ornare leo maximus mattis nec risus laoreet feugiat volutpat enim nec laoreet tempor quis est magna dolor ut eleifend diam mi Proin elit scelerisque laoreet commodo montes et Nunc congue tincidunt Mauris arcu luctus maximus Interdum maximus porttitor vehicula risus nec at amet in Mauris vitae Donec vitae Mauris porttitor eu In penatibus viverra nisi orci erat turpis commodo finibus at nisl ac pulvinar fringilla odio Morbi nec '),
(221, 723, '2019-09-14 22:02:52', 'est malesuada eu arcu interdum bibendum euismod tincidunt arcu bibendum diam tincidunt vitae vel vulputate vestibulum dolor in Fusce sit Fusce vulputate elit Pellentesque finibus dui quis Nunc ornare nunc Donec tincidunt molestie malesuada justo lacinia quis non est velit erat Vestibulum metus lorem fringilla tellus Vivamus porttitor condimentum congue eu congue neque lobortis ipsum sem quis condimentum lobortis et varius nisi elementum felis varius tincidunt molestie risus risus odio vel natoque lobortis Quisque dui sit amet fermentum Nam nascetur sapien Proin Donec sed et vehicula elementum non nisi semper Quisque augue quis nibh est risus risus efficitur arcu eget egestas orci non ipsum sem iaculis lorem tempor consectetur laoreet lectus elit a lacus lacus nec elit nunc vel lectus erat vestibulum sagittis porttitor gravida vitae orci sem Sed risus odio velit pulvinar parturient Orci Cras faucibus justo nunc arcu molestie erat Fusce Mauris risus vulputate quis Aenean gravida lorem eget feugiat tempor neque eget ipsum fermentum condimentum vel Sed quis nisi efficitur iaculis vel Fusce elit vulputate nulla venenatis adipiscing ac turpis tellus nisi enim arcu vestibulum luctus iaculis at molestie eget iaculis diam mi justo at accumsan Morbi ante vel ipsum varius lorem dapibus nisi varius Donec magna vitae Morbi quis risus iaculis neque tempor Donec pulvinar consequat Donec maximus vitae elementum at elit dolor Fusce eu vestibulum Cras Phasellus ipsum Mauris dolor eget elit suscipit tortor massa congue consequat facilisis ultricies nec Mauris faucibus consectetur vel Fusce neque at elementum augue enim accumsan dapibus Mauris sem erat vestibulum faucibus quis lacinia sapien faucibus Mauris laoreet dui sit varius lobortis purus laoreet Morbi vel Orci consequat laoreet ultricies tellus erat lorem dui pulvinar arcu blandit maximus tempor vel montes vestibulum tincidunt maximus consectetur at Nullam ex nunc dui fringilla risus molestie interdum iaculis Integer Proin lobortis quis semper bibendum parturient nulla fringilla Donec sapien felis pulvinar maximus eu Nullam Etiam Ut primis ultrices tortor at Vivamus tellus nisl eget vitae in Donec dis lorem ipsum '),
(222, 724, '2019-12-25 23:24:11', 'Sed non a et accumsan quis tempor id risus rutrum mi eros lacus Integer tempus dolor est elementum quam est viverra vel luctus dolor condimentum libero eget ornare iaculis sed pulvinar dui ipsum congue magna Etiam aliquam Lorem elit Mauris Donec efficitur Nunc at nisi sapien commodo ornare a risus nisl Integer eget vulputate vitae mi diam nisi et ultrices urna accumsan risus nisi Vivamus maximus maximus arcu nisi non libero erat neque mi tincidunt facilisis Orci consectetur elit vehicula ac felis risus odio luctus Fusce vitae Fusce dui gravida quis porttitor Proin nec pulvinar fermentum at quam risus sed varius Interdum varius dolor Mauris purus vehicula justo non vestibulum commodo penatibus euismod vestibulum a pellentesque vitae leo magnis sed euismod sit sit nibh eleifend Quisque scelerisque auctor rutrum erat tincidunt Nam nascetur accumsan Proin vel at lobortis commodo Etiam orci congue lectus risus amet a non placerat urna sed vel et orci nisi ornare nisi egestas elementum lobortis mus tellus finibus vel varius efficitur dolor aliquam vel fringilla dolor sit Pellentesque non nisi amet et interdum nec nec felis vehicula dolor nisi risus justo eget auctor accumsan turpis luctus luctus sed interdum at varius Proin pharetra sapien posuere vel a mattis amet neque fringilla lorem eu nisi non vehicula varius Donec Nunc felis a eu dis tincidunt quis Orci Fusce non maximus eu scelerisque odio suscipit Donec eget dui nisl vestibulum condimentum ante diam Phasellus sit sit vitae dolor neque Morbi purus pulvinar ante commodo quam amet nisi at felis Donec neque elementum ipsum non ullamcorper non vel porttitor lectus ultricies maximus fermentum id nisi Integer rhoncus Phasellus sagittis Fusce In elit Suspendisse maximus sem velit ac semper accumsan odio dolor '),
(223, 725, '2019-12-06 14:32:57', 'libero vestibulum arcu eget vel varius ac interdum quis ac felis efficitur amet Integer vulputate consectetur magnis efficitur fringilla egestas maximus feugiat Donec volutpat elit at ac justo tempor elementum consectetur Donec Fusce non facilisis nascetur non mi adipiscing vehicula augue velit Vivamus finibus ac elementum fringilla orci Proin nec odio congue Proin sit aliquam est erat Proin sit bibendum tempor placerat pellentesque tincidunt in elit risus faucibus varius Donec luctus lorem accumsan nascetur nascetur Fusce lobortis maximus at scelerisque bibendum sed placerat Mauris maximus purus turpis euismod laoreet a arcu et Quisque placerat tempor vulputate a ultrices nec ornare ullamcorper Nullam vitae mus Orci arcu risus est vel est commodo congue amet pharetra eget accumsan sapien euismod Cras est maximus justo nec Cras pellentesque eros diam pellentesque tempus diam augue finibus orci Donec quam primis in fermentum ultricies tempus eget diam dolor elementum pulvinar augue adipiscing nec Etiam id vel sapien Aenean penatibus fringilla Integer dolor malesuada magnis est nisi nascetur a justo malesuada Nunc ac Cras Cras vehicula maximus velit dis parturient est finibus condimentum eget at erat elit Nullam ac vel eu urna vehicula ipsum consectetur neque elit diam maximus eget ornare id tempor eros ut Mauris felis nisi lorem Phasellus id placerat arcu id Lorem fermentum consequat eget tempor lectus vulputate dapibus Donec Morbi luctus gravida dolor eget vulputate ultricies ac enim parturient sodales commodo ultricies Etiam dolor eu erat Donec vestibulum primis elit orci quis diam justo placerat malesuada augue semper amet eleifend odio sapien justo nisi risus lacinia ac erat vel mus '),
(224, 726, '2019-10-13 01:57:35', 'tempus facilisis in at quis pellentesque nec malesuada non Vivamus nunc vitae at Donec lorem accumsan et pulvinar mattis maximus eu mattis Fusce Pellentesque consequat lobortis Cras iaculis Morbi at sed Donec nascetur nunc fringilla congue interdum aliquam egestas congue Donec risus odio montes ac tellus eget mus tempor Vivamus pulvinar ex dui dui condimentum parturient et ipsum sed non condimentum est Donec quis ultrices id parturient feugiat odio Fusce congue consequat in faucibus eu iaculis ante nulla vitae sit vitae sed molestie venenatis a a vestibulum elit mi Fusce nascetur sed maximus scelerisque tincidunt diam Lorem elit sed arcu nisi Pellentesque vitae id consectetur Quisque commodo nibh aliquam massa amet facilisis non dapibus In libero adipiscing In est varius elementum Lorem malesuada varius nisi sit ipsum vel Phasellus elementum egestas tincidunt varius viverra non placerat nulla Vivamus odio magnis pulvinar id pulvinar Sed vitae vel quis montes vel sem purus malesuada Fusce sed bibendum eget nisi nisi Mauris non mauris quis fringilla mi posuere dis vitae bibendum tellus consectetur molestie erat a Phasellus congue mi pulvinar ultricies Pellentesque accumsan posuere convallis vitae odio neque est eget tortor nec dui neque fringilla aliquam magna felis auctor quis tempus feugiat magnis convallis quam posuere Mauris tellus tempor elit vitae eu eu malesuada vestibulum fermentum eu id enim posuere Pellentesque id laoreet mi faucibus risus in laoreet sed ac nec bibendum neque auctor felis ac nulla Nullam justo maximus risus risus risus vitae sem vel congue neque mi Nullam ipsum orci felis Nunc Fusce gravida erat Fusce tristique fringilla sit velit et tortor mus elementum quis fringilla tempor ultrices eget posuere posuere Pellentesque Vivamus sem vel lacinia tellus Vestibulum Morbi sodales at tempor In feugiat magna arcu nisl maximus at urna auctor laoreet at est iaculis est vel vel Nunc sagittis congue neque odio mauris augue quis natoque sed eget dui est Fusce viverra vestibulum in placerat ac faucibus diam fringilla nec parturient congue Quisque pulvinar leo laoreet aliquam semper in placerat tempor Pellentesque Interdum quis magna quis montes lacus ac eget libero In eu neque nec et luctus Nullam egestas sed mattis ex pellentesque quis maximus nisi elit vitae molestie pulvinar nibh eget venenatis a Quisque penatibus Proin Morbi at finibus quam Donec nisi vulputate a in et ut eget odio id consequat vel eget quis pellentesque rutrum luctus sapien diam maximus vehicula tempor mattis ut pulvinar ut maximus luctus vehicula neque condimentum vehicula Morbi Fusce mi faucibus molestie tempor quis ac nisi nascetur at pulvinar vel dis laoreet Suspendisse feugiat nisi risus vel feugiat felis quis Sed maximus Donec quis elit nec a a lobortis congue interdum sit ullamcorper Fusce mus eget mi mi vel justo id mattis est fermentum sodales Donec elit a diam vel odio Cras lacus '),
(225, 727, '2019-07-04 20:09:21', 'mi efficitur tempus massa accumsan aliquam laoreet nascetur quis quam eros augue lacus justo dolor est mi tellus euismod Fusce ex a risus tellus penatibus efficitur luctus suscipit egestas volutpat tincidunt mattis natoque interdum nisi ipsum nec quis laoreet Nullam vel ante neque mus tempus non a rhoncus vel arcu quis vestibulum suscipit tellus dui sem tellus congue in magnis nisi nisi Nam accumsan elit rhoncus dolor eu vel malesuada sapien fames fringilla arcu varius vehicula arcu fringilla erat elit vitae nisi dolor blandit nulla maximus quis dui fringilla blandit Morbi ornare malesuada a eget dis lacinia accumsan ultricies sit nisi diam vestibulum eleifend maximus Fusce Vivamus bibendum imperdiet accumsan nec eget vitae Donec pellentesque vel magna Pellentesque urna magna diam erat Donec vel montes pulvinar lacinia quis fames mattis eu ornare quis cursus molestie ullamcorper lacus risus pellentesque accumsan tellus ipsum elit arcu sapien dui elementum turpis egestas at congue ornare quis enim euismod Nullam accumsan vestibulum dapibus Morbi Proin vel luctus amet orci amet accumsan ut nisi gravida nulla mus ligula a eget volutpat parturient dapibus pulvinar Nullam tellus accumsan feugiat malesuada porttitor lacinia at consequat semper rutrum vel nisi tincidunt nunc Nullam nisl nisi quis maximus elementum mauris diam Quisque id Integer accumsan ipsum mattis Nunc scelerisque mi odio amet varius vitae porttitor maximus eu molestie rhoncus sit nisi sit dolor Donec pulvinar ipsum ornare commodo luctus sem vitae accumsan Nunc quis sed ac nisi feugiat orci pulvinar lectus congue ridiculus quis dolor Donec arcu eget sapien eget in nunc sapien Morbi eget gravida egestas commodo molestie sit nisi ornare lorem maximus eros pellentesque quam accumsan ante id at faucibus neque laoreet a Fusce ipsum odio imperdiet gravida Morbi accumsan ante fringilla libero erat Mauris tortor interdum ultrices erat Nullam eget justo pellentesque nunc eget '),
(226, 728, '2019-12-24 05:46:15', 'porttitor eget Nullam varius placerat urna Vivamus pulvinar nunc blandit neque dapibus purus tristique vehicula justo vitae fermentum vel vestibulum eu Cras neque arcu massa euismod vehicula odio purus viverra enim accumsan dui quis magnis mauris tempus dapibus pulvinar in congue dapibus Donec faucibus maximus Sed condimentum mi odio sed imperdiet cursus nascetur Pellentesque Vivamus lorem condimentum purus pellentesque nascetur ultricies Vivamus In orci ac egestas diam vestibulum metus Ut tincidunt quis Vivamus urna Nunc commodo interdum luctus ipsum accumsan tempor scelerisque aliquam dolor mattis finibus magnis in dapibus sodales imperdiet sit suscipit Nam tempor penatibus nisi urna ipsum libero faucibus vel urna elit congue Nam dapibus velit nisi Nullam vitae Etiam a magnis Nunc lacinia Donec Fusce lobortis metus neque a malesuada sit est vulputate molestie est Donec congue Aenean lacus magna ante augue eu quam condimentum augue justo congue at finibus Vivamus elit commodo tempor maximus sed Fusce Donec et Proin ');
INSERT INTO `proposal_content_history` (`id`, `proposal_id`, `date`, `content`) VALUES
(227, 729, '2019-09-30 19:53:49', 'tellus Donec tincidunt pulvinar odio in odio vel dolor ac maximus vel a Proin Nunc elit risus nec montes in ante tincidunt Vivamus euismod Proin egestas sed at enim iaculis molestie mi mi eget in Interdum eleifend augue Phasellus mattis egestas enim ridiculus finibus augue Mauris magnis odio consequat Lorem scelerisque Nam luctus accumsan et pulvinar at et pulvinar vitae feugiat posuere maximus ut laoreet purus erat urna felis Integer arcu ultricies nisi dis facilisis maximus eu Nullam tempus suscipit neque tellus Donec pulvinar eget ultrices tortor primis ante nec Proin vehicula risus sit pellentesque gravida scelerisque in a dui mattis Orci nisi vitae diam est nec dolor condimentum in ex sapien pulvinar laoreet Sed dapibus Integer sem felis nunc ante montes tempus suscipit auctor a imperdiet iaculis mus mi pulvinar Mauris dignissim nisl vestibulum diam tempus eget maximus velit sit velit molestie sed consectetur orci mi nisi sem quis sed consequat In nisi faucibus cursus Fusce posuere sem dui Nunc Vivamus ipsum odio Proin molestie ex Donec a ipsum suscipit dolor dui sem nascetur amet ultricies mi scelerisque Pellentesque nibh ipsum nec rutrum bibendum tellus neque vehicula lacus ridiculus ipsum Vivamus in nec vehicula vestibulum augue dui ultrices ac velit libero Lorem ac scelerisque ipsum amet in parturient Mauris commodo pellentesque massa magnis at Vivamus ac accumsan est feugiat accumsan maximus mi malesuada Fusce vehicula lacinia Ut porttitor accumsan mi risus orci bibendum luctus Fusce enim et tellus sem tellus faucibus vestibulum tincidunt blandit in Interdum nec risus varius consequat dui luctus feugiat ornare auctor penatibus dolor sapien mus pulvinar magna ac viverra finibus mi dolor in lacus mattis suscipit lorem at nascetur facilisis accumsan dui dis felis malesuada neque gravida ante laoreet posuere ornare vestibulum nisl ipsum magnis Phasellus fermentum rutrum quam eleifend odio Mauris justo quam orci tellus penatibus lobortis dui non ipsum Integer parturient iaculis Suspendisse accumsan risus dui malesuada mi maximus quis dui luctus pellentesque a nec nulla arcu placerat sed libero a diam nisi sem leo sit montes Pellentesque felis amet a neque interdum quis erat dui Orci ipsum tristique ultrices tincidunt venenatis felis vitae purus lacus augue interdum magna erat tellus laoreet non nisi neque ante montes primis neque velit Fusce lectus vel eget non lobortis Interdum libero laoreet diam aliquam lacus venenatis dignissim est eu porttitor Proin fermentum neque ipsum at Donec ultrices ut Morbi non Donec facilisis vestibulum vestibulum nibh nascetur neque venenatis accumsan condimentum sem viverra dapibus vel Morbi vehicula sem sapien mi Donec a tellus id feugiat quam eu eu eu mattis Mauris finibus non accumsan sagittis pellentesque maximus Nunc Morbi elit amet quis dolor nec dapibus aliquam est Ut ultricies quis elit semper nisi diam convallis elit dolor vehicula elit vestibulum luctus Orci laoreet varius '),
(228, 730, '2019-07-06 03:50:33', 'id at vitae nulla eleifend pellentesque eget mi Pellentesque sem et dui molestie faucibus ultrices mus Donec tincidunt justo accumsan vel at cursus nisi lectus Ut vestibulum eget egestas congue lacus tincidunt turpis molestie Donec quis mus porttitor augue ipsum Mauris Lorem at auctor Nullam velit nisi libero ornare ornare suscipit non vel at at in magna tortor vel lobortis velit turpis pulvinar quis libero sagittis at venenatis sit Pellentesque orci in est eu odio Donec Donec quis ac amet nec arcu sapien natoque nulla nec Interdum fames fringilla luctus pulvinar a Donec accumsan Nullam ac tempor pulvinar ex sit Fusce vitae posuere Quisque Donec diam felis ipsum primis amet quam Morbi luctus augue tortor tortor tellus lorem vestibulum Fusce luctus tincidunt Interdum vel nunc non in gravida eget in nec eu nascetur orci et justo dui vel lobortis quam iaculis lectus fermentum vitae ipsum quis ullamcorper sagittis pulvinar urna maximus eget eu ac Nunc Donec id Fusce et vel lorem eget urna pellentesque bibendum eu Vivamus maximus nisi rhoncus diam in vehicula maximus quis et velit malesuada Pellentesque sed luctus eros felis purus tempor malesuada nisl ut maximus ac nulla ridiculus diam dapibus quis fermentum vitae odio ipsum purus ac malesuada at est diam suscipit Fusce velit vel lacinia eu Ut pulvinar feugiat Suspendisse eleifend Cras risus egestas imperdiet et egestas Nullam dis purus eget Morbi vulputate luctus interdum risus nisi at quis vitae elit at a id lectus interdum diam euismod sit tellus mi aliquam Phasellus Phasellus at cursus elit accumsan risus justo commodo mattis mi euismod a et sed maximus facilisis elit posuere montes varius Fusce Nullam vel non rhoncus vestibulum sapien quis libero est metus augue ridiculus non sem Ut in massa laoreet nec arcu aliquam ac ultricies blandit sit ante est justo felis bibendum Cras a eget nec tortor Pellentesque maximus Nam ornare Nam non varius Quisque ut varius parturient at eget arcu mi arcu erat Vestibulum gravida faucibus interdum dapibus penatibus quis Donec Quisque libero laoreet a ante molestie erat commodo rutrum efficitur parturient accumsan odio sed eu tellus vehicula luctus vehicula in erat '),
(229, 731, '2019-10-16 23:00:59', 'mi Nunc Ut sed vel sit Donec eu mus at commodo ultrices nunc Integer maximus condimentum non interdum accumsan nisi tempor Nullam diam vitae ridiculus eu augue congue eleifend faucibus id Phasellus Fusce neque porttitor a urna et accumsan eget sem penatibus orci auctor dapibus Donec orci id tempus a ultrices finibus varius volutpat mus efficitur ipsum Fusce Vivamus at vehicula pharetra tristique interdum nec suscipit mi Donec ipsum et accumsan pulvinar Interdum maximus mattis nec ac ac vitae laoreet tempus non accumsan consectetur blandit malesuada accumsan dis viverra finibus ipsum erat cursus lobortis ipsum nec felis faucibus neque vehicula Pellentesque nibh Integer nisi nisi vitae imperdiet nisi diam Fusce risus penatibus pulvinar erat Lorem est nulla consectetur quis nisi eget pellentesque porttitor parturient congue nisi Donec pulvinar vel Orci vel sit Vivamus Vivamus '),
(230, 732, '2019-09-08 07:07:02', 'at malesuada interdum sit vel iaculis suscipit ex arcu arcu mi dolor ipsum non Mauris eget vitae commodo vehicula sit eu ullamcorper tempor Etiam arcu augue accumsan lacinia a consequat mattis felis vestibulum eget erat magnis vitae enim gravida vel quis Lorem sed at ridiculus molestie et tellus Cras nisi ultricies nisi consectetur nisi Nunc Suspendisse commodo penatibus Ut vitae justo vestibulum pharetra molestie dui Mauris placerat sit gravida natoque dolor cursus quis Ut quis Mauris at Nunc luctus est a at lacus ipsum lorem dapibus congue erat sit scelerisque Cras fringilla amet adipiscing odio nec at lacinia velit Donec eu Proin fames volutpat facilisis odio molestie et dignissim In fringilla posuere ornare natoque quis commodo scelerisque montes nec feugiat lacinia Interdum nisi enim ultrices faucibus purus nulla ultrices arcu mattis at tempus eu luctus vel in natoque ipsum ornare quis nisi Morbi Interdum auctor a nulla a accumsan nunc est odio vestibulum eleifend sed mi quis ultrices gravida augue interdum laoreet Mauris libero maximus primis in maximus auctor mus non urna mi parturient sapien odio Nunc tellus natoque Fusce quis dui accumsan facilisis risus ipsum risus arcu ligula mattis aliquam auctor Donec enim nunc et bibendum justo laoreet Pellentesque malesuada quis arcu ut mi sit egestas eros maximus purus ac molestie massa eget interdum fermentum ante lacus Cras ornare quis mattis a erat laoreet eget interdum sit scelerisque bibendum vel tincidunt eu Fusce eget varius ac ac elit molestie sit dolor nunc sed aliquam sem enim gravida non quis eget varius mus posuere erat Mauris tempus dui eu non neque tempor vel elit libero tempor in lobortis mattis gravida varius orci Quisque at mattis odio Pellentesque ac nec neque ut laoreet fermentum non nec odio in Phasellus odio vestibulum semper faucibus justo ante nisi diam Interdum in vitae posuere Donec dolor sed elit laoreet pulvinar gravida maximus laoreet nec ridiculus magna luctus Nunc vel consequat vestibulum sem vel Nullam vehicula laoreet scelerisque et egestas in penatibus posuere orci finibus risus enim erat sit Cras tincidunt placerat parturient vel lobortis elit maximus Phasellus et orci pulvinar lacinia nascetur egestas Phasellus sem accumsan erat nec nec laoreet pulvinar nisi tempor magna nec est mus dolor felis in lacus faucibus vitae pulvinar diam nec mi et arcu ut tellus ipsum vel eget vitae penatibus ac massa Ut in magna maximus lorem vel accumsan vel dolor accumsan gravida varius id pulvinar arcu orci at eget at tincidunt laoreet molestie quis montes varius nunc accumsan mus congue quam congue ac fringilla augue imperdiet elit vitae varius magnis maximus quis scelerisque at at Phasellus at congue magna ac enim quis lorem lacus eros vitae sit fringilla quis augue arcu Donec mi commodo in magna Integer porttitor elit vel turpis in varius lacus risus nisi venenatis tortor amet nibh Ut Cras rhoncus erat semper eu luctus accumsan et nulla orci nec viverra '),
(231, 733, '2019-08-07 23:46:49', 'fringilla congue iaculis quis elementum interdum iaculis nec luctus eu scelerisque id eros ante auctor vel ut tellus in vulputate pellentesque vestibulum ullamcorper Quisque a ultricies gravida erat laoreet elit finibus id at vel ornare vitae Donec malesuada eros accumsan congue augue ultrices id Ut scelerisque magna at tortor ipsum amet diam Nullam at Fusce adipiscing adipiscing lectus primis non quis porttitor interdum consequat quis ipsum vitae nec commodo nec nec malesuada volutpat Orci convallis dolor faucibus at cursus ultrices scelerisque Interdum id elit sem nisi lacus ultrices neque congue finibus gravida purus vitae ut mattis sagittis ante consequat laoreet id magnis suscipit dolor massa quis fames massa amet lobortis Phasellus maximus dis in sapien euismod arcu arcu ornare Pellentesque nisi nec mus eros nec et Ut diam erat ornare neque et eu finibus leo Lorem vehicula gravida egestas interdum ac dolor vestibulum Etiam Mauris ultricies eget quis ridiculus turpis libero Donec lectus laoreet purus In ante amet nec lacinia in vitae risus tempor Ut nunc quis vel Lorem maximus vehicula dapibus vel erat tempor facilisis condimentum condimentum ante fermentum sit at erat est erat gravida mi nec Fusce purus posuere consequat id ultricies at ac justo erat accumsan commodo Nullam consequat porttitor Donec justo Donec tortor Mauris nunc elit massa libero in dignissim fames augue tempor ante volutpat justo pellentesque justo facilisis congue fringilla eget tempus Donec consectetur Proin id finibus in ridiculus Mauris et gravida pellentesque nisi et ridiculus maximus scelerisque Nunc posuere ultricies laoreet Donec at primis at at erat in massa Phasellus dis pellentesque augue ornare diam fermentum at quis condimentum vel imperdiet arcu Morbi amet molestie maximus iaculis et Fusce Fusce natoque Phasellus ac erat erat risus augue luctus lacinia fringilla Mauris ornare commodo malesuada consequat sapien magnis at Nullam congue eget massa Morbi Donec ipsum ex erat at arcu interdum nisi vel elit libero sed vel blandit vitae risus euismod sapien tellus ante mattis lorem Suspendisse laoreet quis penatibus tortor in sem finibus neque ipsum vehicula quis at efficitur viverra odio neque odio iaculis maximus varius vehicula consectetur Morbi eget risus eleifend congue neque nec mi Proin ornare at faucibus vel amet in dolor amet at Vivamus a quis nec lorem Proin vitae accumsan congue posuere vel odio Lorem sit Ut id Nunc gravida eget ut in elit amet Fusce sed felis Nullam quis tristique egestas quis ornare in pretium vehicula condimentum tempor ante pellentesque nec scelerisque cursus Nunc malesuada magna purus gravida natoque nisi mus egestas Nullam gravida velit ex Proin tortor mi Proin ipsum Donec vitae blandit consequat vehicula rutrum orci facilisis nunc vitae maximus enim ipsum tellus est nec Orci augue eleifend nisi laoreet convallis ac arcu eget Proin ornare vehicula consequat turpis mauris at gravida tempus eget ridiculus sem et odio ridiculus nunc '),
(232, 734, '2019-09-17 13:02:32', 'ornare in sagittis id magnis lacinia rutrum maximus sapien Integer parturient in in vitae quam purus Morbi Cras Suspendisse Morbi luctus aliquam amet tincidunt dolor semper neque arcu ridiculus ut mattis vulputate Donec at a consequat a Donec iaculis viverra at pulvinar eu adipiscing risus fermentum auctor Pellentesque auctor et non accumsan lobortis sit velit lorem bibendum commodo eu tincidunt et lobortis bibendum urna bibendum gravida arcu arcu in lacus eu congue Orci neque tristique amet vel pulvinar velit fermentum ultrices eu feugiat mattis elit quis non velit neque luctus ex risus tempor malesuada non lectus tincidunt non Donec velit Pellentesque leo pulvinar quis nisi facilisis quis quis accumsan varius sit nulla Phasellus augue faucibus molestie fames primis aliquam viverra ipsum faucibus interdum sem ultricies elementum urna Integer cursus ultricies urna id at penatibus Interdum sem vitae facilisis auctor diam ut varius justo libero Nullam elementum at sagittis Ut Vivamus consequat maximus id Quisque ac Donec Cras non arcu nisi imperdiet elit ridiculus justo congue risus arcu ridiculus euismod aliquam tortor tempus accumsan varius natoque ridiculus tincidunt vel ut eu et mattis Fusce lacus risus et odio feugiat commodo finibus a fames tincidunt vehicula justo ac vel id elementum at tellus Nullam ex tempus malesuada Suspendisse quis maximus Nullam dignissim orci pretium consequat parturient vehicula at erat Etiam a quis at risus pulvinar In ultricies pulvinar nunc nunc Donec est '),
(233, 735, '2019-11-28 13:20:28', 'tempus vulputate consectetur tempor neque dolor ornare dapibus Nullam Morbi Nullam ipsum maximus ipsum maximus in pellentesque leo in Nunc at sit penatibus Etiam mattis nunc molestie augue eleifend laoreet erat nunc urna et sem Fusce quis Ut pulvinar tortor dui Nunc in nec et sem blandit pellentesque In odio risus suscipit rutrum finibus quis scelerisque fringilla diam iaculis Nullam a Mauris nulla lacus euismod primis scelerisque eget felis tempor dolor nisi dolor mus Pellentesque a scelerisque Donec vitae dui ante Donec amet fringilla accumsan varius arcu interdum in nisl gravida nisi justo felis ante molestie Vivamus mattis amet id Interdum pulvinar viverra metus elit natoque consequat luctus consectetur condimentum nunc eu vehicula Donec velit libero Sed et interdum magna eu egestas posuere at Orci Nullam a at accumsan eu quis interdum Nunc quis erat tincidunt Donec vehicula sagittis a Orci luctus scelerisque sit sit mauris varius sem molestie pellentesque in rhoncus odio est egestas id Quisque vel scelerisque consequat justo odio nec diam Cras congue vitae dapibus risus in elit Pellentesque Integer augue accumsan eu semper vitae ipsum congue mi diam tincidunt mi Nullam tellus aliquam nisi at magnis a fringilla Nunc Proin maximus tincidunt amet parturient arcu Vestibulum nunc odio sit Proin erat Fusce laoreet justo Fusce Nunc Interdum tempus vitae augue urna mi posuere commodo nascetur eu elit maximus congue et mattis eu dolor nec maximus orci congue vehicula egestas cursus fringilla Donec ex Pellentesque erat quis pharetra Phasellus congue eget id Morbi Donec ante placerat at consectetur vestibulum sit penatibus sed consequat bibendum penatibus porttitor et mi pulvinar turpis magnis blandit pellentesque Pellentesque vehicula pellentesque Fusce ultricies lorem gravida sit dolor non risus nec pellentesque faucibus erat Vivamus ut viverra luctus at ante quam tristique egestas orci sit tortor justo amet tristique euismod ipsum pellentesque vel at tempor odio mauris penatibus rhoncus augue at natoque In neque dolor laoreet nulla vitae ornare fermentum diam tempus Donec vitae dapibus rutrum Orci Donec molestie porttitor Nullam Mauris interdum arcu mi augue augue pulvinar vitae lacus natoque et odio Vestibulum in eget Pellentesque eros eros lobortis erat Fusce viverra justo egestas Interdum Interdum est Fusce Cras turpis vulputate diam Donec eu pulvinar malesuada parturient ac ridiculus id arcu ipsum eget varius gravida id massa maximus pellentesque efficitur molestie Donec odio venenatis a mus efficitur dapibus penatibus urna iaculis erat Nullam justo pretium dis Vivamus ipsum risus vitae Suspendisse justo sagittis Fusce odio id a Interdum tempus tortor primis quis feugiat penatibus dolor fermentum convallis luctus tincidunt et placerat erat posuere diam vel magna velit maximus Pellentesque Fusce nisi ornare non fringilla et congue malesuada pulvinar in erat facilisis arcu laoreet vitae ullamcorper vestibulum nunc eget quam ipsum Mauris dolor vel sed accumsan scelerisque montes ut tempor facilisis vestibulum amet Proin varius at scelerisque risus arcu velit porttitor malesuada elementum Interdum Donec faucibus lectus iaculis mattis sit at elit varius laoreet tellus nisi dui congue dolor congue eget diam dui erat '),
(234, 736, '2019-07-20 03:56:19', 'varius tincidunt egestas nec mauris nunc Integer fringilla laoreet quam laoreet accumsan Donec erat consectetur leo volutpat felis faucibus nascetur sit vehicula nisi vitae ornare ligula sapien Aenean volutpat varius non Phasellus ex ridiculus neque quis lectus scelerisque vitae justo Ut Fusce tortor Nunc dolor in vestibulum euismod dui sodales nisi Sed elementum varius magnis quam massa sed tincidunt penatibus tempus lorem vel scelerisque nec odio vitae accumsan congue Proin fringilla risus scelerisque accumsan Nam amet in gravida posuere molestie Nullam Morbi feugiat neque justo non pulvinar congue molestie faucibus in vitae Donec blandit ultricies nisi felis ornare blandit Nullam montes Lorem elit felis nisi ipsum justo quis ultrices Quisque auctor tincidunt arcu porttitor nisi vel Mauris ac in Fusce varius vitae nibh tempus arcu Nullam non arcu Ut dis nulla et justo suscipit a neque ac nisi risus nec dis vel arcu nec egestas pretium maximus molestie vel dapibus et vehicula molestie arcu feugiat magnis maximus ac ante ornare nec mattis commodo in tempus est ipsum a justo ridiculus montes molestie Donec maximus accumsan Vestibulum Ut vitae gravida risus Donec nec volutpat parturient felis lobortis et ac aliquam ultricies vehicula mattis tincidunt in Fusce convallis magnis Nam sit facilisis luctus pellentesque Morbi amet In quis condimentum ac dui tempus congue Fusce eget lobortis eu bibendum Cras quis arcu mi odio mauris Pellentesque Pellentesque vitae Donec quis scelerisque ultricies tellus quis faucibus nec accumsan nec pellentesque ac Interdum facilisis ornare non In eu diam congue ipsum congue suscipit eu sit ut In nec at elit sit odio justo parturient ornare mi pellentesque primis vitae euismod Phasellus mi at nibh varius Quisque Integer eros parturient Sed maximus ac maximus dolor laoreet ipsum ante vel nisi vel tellus vel ullamcorper Proin parturient Vivamus nisi laoreet dapibus ornare neque sit venenatis a purus amet tempor facilisis neque in scelerisque massa molestie diam blandit Vivamus vestibulum a lacus feugiat vehicula sit faucibus egestas nisi pharetra vehicula viverra montes congue lorem consequat commodo Pellentesque justo pellentesque sit Donec libero id at suscipit parturient tincidunt Orci dolor vitae ridiculus erat lectus congue luctus in elementum egestas ornare lobortis et non quis adipiscing eget orci maximus elit Morbi Donec in nec et mattis ut ac augue tempus at nisi erat quis tempor vitae arcu vel eu commodo Pellentesque purus dolor penatibus nibh diam blandit laoreet a gravida est montes faucibus faucibus Nunc rhoncus sit erat vel risus nec eu amet pellentesque et auctor elementum sapien porttitor in eget pretium posuere varius volutpat finibus mauris malesuada cursus tellus Donec sit gravida sem eget eget eleifend fames enim mus consectetur est felis semper risus elit erat commodo ornare penatibus eu justo ipsum natoque at Fusce montes mi Orci posuere amet eget '),
(235, 737, '2019-06-27 22:39:18', 'nec natoque Pellentesque odio eget ex justo egestas mus Cras Donec Pellentesque euismod sit eleifend a lacus suscipit Mauris quis varius ut tempus sagittis sem laoreet sit fringilla leo auctor vulputate Nunc vitae tempus malesuada quis semper lacinia Aenean malesuada amet egestas ultrices viverra varius quis lacus Donec nulla dis commodo sem nec ornare euismod varius a Morbi est scelerisque nascetur vel nisi urna accumsan sapien arcu vestibulum Donec Morbi quis id non eget consectetur magna augue pulvinar in eu at varius montes Integer vehicula tempus posuere quis vel ornare aliquam sagittis blandit Vivamus scelerisque neque ipsum a ipsum tincidunt condimentum vulputate mi Donec maximus ipsum nec lectus a eu vitae ex Integer vehicula viverra Suspendisse ac dapibus vel risus scelerisque at quis congue Etiam Pellentesque arcu eleifend scelerisque ultricies a ridiculus odio Nullam nec viverra rutrum laoreet neque maximus Donec volutpat nisi quam magna sapien pulvinar nisi Lorem ex Pellentesque quam Vestibulum eget eu pretium magnis euismod enim laoreet Cras Mauris fringilla Nullam et purus ex Interdum Donec fringilla justo in eu est iaculis luctus egestas ullamcorper urna adipiscing dui convallis Sed at Nullam erat a erat ipsum justo molestie interdum vestibulum sed quis magna interdum Phasellus amet nisi sagittis sed congue sem tellus odio dolor amet sed id arcu porttitor vulputate Donec Cras magna nulla odio nec mus ipsum quis eget dapibus ex est luctus egestas accumsan at metus volutpat justo nunc Proin Cras arcu Donec vestibulum arcu pulvinar dui ut elit laoreet tellus erat ante in natoque luctus sagittis scelerisque auctor amet vitae magna consequat augue sapien Pellentesque neque Nunc diam mi finibus non vehicula et lectus sit magnis turpis Cras amet accumsan risus Fusce varius Cras pretium in ultricies at natoque bibendum a mi Ut sit Quisque ac sapien lacinia nisi consectetur '),
(236, 738, '2019-10-05 17:44:06', 'Suspendisse non ut erat tellus accumsan magnis eget mattis varius penatibus amet ipsum ante pellentesque parturient amet nascetur et aliquam varius lacus In libero mi Fusce ridiculus elit erat nisi malesuada justo eget luctus ac dui pellentesque Fusce tempor varius augue Etiam amet enim elit eget nibh molestie pulvinar vitae Fusce ornare nec sodales erat purus aliquam erat Nunc nisi magna Donec ipsum ligula et nec Nunc vehicula dui sit ultricies mi pharetra risus porttitor mi neque amet Aenean blandit ipsum commodo odio non Morbi libero Donec accumsan sed Integer pellentesque maximus montes et neque Vivamus lorem nec justo fames dolor dui posuere et nec ac euismod quis tempor ridiculus sagittis erat aliquam varius Nullam bibendum tincidunt Nunc venenatis ornare erat Donec facilisis laoreet neque vel est tincidunt eget Vestibulum tortor arcu dis congue fames mi elit pulvinar Donec Morbi a at In non aliquam dis Integer dapibus Morbi odio risus a non dis magna elit turpis enim in ipsum vitae luctus a Fusce vel Quisque primis accumsan non nisi penatibus lectus fames Fusce lobortis eros pulvinar elit varius Mauris tincidunt Donec Donec quis amet penatibus posuere sagittis tempus tellus id Orci pharetra ipsum pellentesque laoreet accumsan faucibus Proin dui dolor vel odio sit fringilla dignissim dolor interdum consectetur at turpis magnis nec nisi arcu ligula erat ac Nunc luctus molestie fringilla ornare Integer maximus malesuada ac sapien sagittis tempor eros augue dis at velit sed est sit Orci maximus nascetur elementum quis ac erat a ac eget ac mattis mi posuere suscipit vel vestibulum auctor justo varius Mauris pellentesque condimentum montes '),
(237, 739, '2020-01-24 13:39:02', 'gravida ligula diam sapien nunc Orci fermentum magnis euismod nisi fermentum sapien eu pulvinar a luctus varius id posuere amet convallis iaculis faucibus velit vehicula id quam elit mi consequat varius mus pulvinar luctus pretium est libero scelerisque suscipit Pellentesque enim in Fusce odio justo vestibulum varius neque magna ac varius id ornare Quisque luctus placerat mus Nam in a ornare a magna porttitor dui id Donec Aenean interdum non augue ac lectus tincidunt quis nisi eget lobortis eget lacinia et at fringilla in rhoncus tincidunt risus tempus vel ac tristique eget interdum congue Fusce neque neque in maximus odio et Etiam risus ipsum quis suscipit arcu lorem consequat sagittis quam in dignissim at odio nisi justo scelerisque quis luctus id risus Donec nisi fames nunc ridiculus risus magnis Fusce nisi vel Ut aliquam dis ornare luctus dolor tempus amet condimentum blandit volutpat vulputate dui iaculis nulla tempus elit odio imperdiet consequat maximus '),
(238, 740, '2019-08-07 18:35:13', 'Nullam interdum Interdum Etiam vitae vel Nam tellus Donec tortor eu feugiat vitae amet vitae nec vitae congue elementum Nunc maximus iaculis dis nibh lectus turpis lacus Proin mattis in Aenean augue nisi magnis mauris metus nec mi mi a tincidunt eget magnis urna ullamcorper Cras Integer posuere varius eu elit odio elementum gravida nec Integer cursus ornare tincidunt fringilla maximus nunc amet odio vehicula fringilla sit vel vitae faucibus Fusce feugiat felis eget Etiam neque vitae faucibus gravida justo cursus maximus maximus quis Etiam quis sit pharetra Phasellus venenatis sed quis commodo est suscipit luctus Morbi quis varius felis volutpat euismod tempus Fusce molestie quam mi sapien laoreet penatibus suscipit velit rutrum sit Orci accumsan Morbi odio ultrices risus semper convallis Donec congue Vivamus dui adipiscing et blandit et condimentum Nunc neque Suspendisse fringilla ligula varius fringilla justo at at suscipit Cras lorem Integer varius varius placerat odio justo justo Donec ornare elit malesuada eget quis ac est magnis Donec Mauris malesuada metus sapien ligula magna pulvinar tincidunt at sit Suspendisse tincidunt vitae magna mattis sit pulvinar fermentum Integer luctus nec sem scelerisque Nullam justo nisi arcu vestibulum quis ipsum dolor erat laoreet quis egestas diam vel purus Donec Ut malesuada erat mi natoque Orci tortor elementum at quis id orci tempor ultrices nec erat Donec faucibus vel Ut at sed quis Fusce Vivamus varius dis magnis penatibus eu egestas vitae in Proin dolor ornare Nunc maximus sem tempus vitae sed parturient lacinia neque velit vel faucibus at non augue scelerisque blandit risus consectetur ac bibendum felis id ornare montes sem consectetur risus vitae eu dolor quis et dolor quis montes nunc tempor montes velit eu Donec risus ac cursus sapien montes vel feugiat ipsum Fusce velit urna elit congue molestie odio natoque montes lobortis condimentum auctor interdum Sed erat odio tortor ante non commodo dolor fermentum ac a pellentesque Donec ipsum eros sit velit posuere pharetra dis Interdum dui quis sit justo tortor euismod fermentum gravida aliquam interdum sagittis posuere erat In interdum vestibulum varius maximus lacinia non eget consequat mi dui Mauris Donec gravida quis vel congue bibendum iaculis non Nunc quis fermentum quam dolor magnis nascetur Nunc tincidunt eros et neque Lorem vitae ridiculus nisl mattis condimentum Donec pulvinar vitae odio elit at tempus vitae parturient cursus accumsan erat diam ac nec Cras leo primis quis blandit eget lorem luctus odio Phasellus luctus at nunc quis mi Vivamus cursus non finibus lectus lacus consectetur justo et accumsan ac erat montes eu sapien turpis scelerisque Donec in Pellentesque nisi vel lobortis vel risus Mauris ac non sapien vestibulum Donec lacus luctus rhoncus at Quisque sapien ipsum quis Nunc '),
(239, 741, '2019-06-14 15:15:57', 'vitae commodo Etiam gravida velit scelerisque mus Nullam dolor tempor a tincidunt eros non dolor vitae luctus condimentum nulla elementum faucibus quis nisi gravida commodo mus mauris vitae vel eu in Nunc velit congue eleifend in in odio odio lacinia ultrices Fusce at erat posuere vel odio posuere nisi in nec a sit eget quam et id at tortor vehicula odio maximus ac volutpat in ridiculus vitae Phasellus tincidunt in accumsan eu non volutpat lacus Nullam tempus congue purus Fusce mattis a quis at elementum euismod Nunc est molestie non mi at diam diam non aliquam vestibulum laoreet at condimentum primis pulvinar ultrices Donec odio condimentum a neque vestibulum sodales Vivamus tempor finibus Donec sit tempor iaculis suscipit pulvinar diam et ultricies Donec vel at odio Morbi Nullam ultrices accumsan sapien adipiscing in natoque neque sapien metus laoreet dolor mi lacinia sem efficitur luctus sapien at parturient et montes Vestibulum ipsum laoreet vel vitae odio Nullam erat Fusce amet turpis egestas dapibus quis urna Donec viverra egestas montes malesuada lacus Mauris volutpat laoreet risus in montes maximus elit maximus ipsum magna est Sed Etiam ac risus quis Quisque tincidunt accumsan et et Interdum in gravida Pellentesque quam arcu in neque dapibus quis Pellentesque dis non '),
(240, 742, '2020-01-05 03:42:52', 'nisi vestibulum non risus turpis vel ut velit magnis enim tortor quis sodales justo et ornare maximus sem Donec est leo ipsum orci eu nunc dolor magna Cras lacinia tincidunt volutpat dolor nulla arcu Morbi id felis consequat a parturient auctor montes mi eu eget tincidunt nulla id vel malesuada blandit maximus sit tempus vehicula Mauris malesuada sed enim diam accumsan orci natoque justo eget nunc nec augue bibendum nisi Morbi tellus tincidunt libero volutpat egestas tempus augue risus nunc Quisque tincidunt nisi Donec iaculis nisi et eu enim tempor congue parturient varius dolor et Morbi magna varius arcu ligula viverra et quis amet erat commodo arcu ex mauris ornare amet risus at odio Morbi Vestibulum faucibus ac risus Mauris Orci et ultrices quam faucibus eget lacus vel gravida in maximus sapien faucibus erat Pellentesque lacinia nunc et auctor at Orci et montes erat justo risus velit ultrices in purus volutpat dolor eget iaculis sit lobortis ipsum elementum fringilla enim ridiculus diam Aenean feugiat amet dolor sit lobortis pulvinar vel nulla rutrum laoreet penatibus egestas lobortis luctus purus efficitur felis maximus eu eget metus Vivamus quis sit ornare a dis laoreet non lacinia magna cursus arcu diam iaculis diam accumsan odio est felis Nullam Donec fringilla nascetur at commodo fringilla eget sagittis quis laoreet Lorem neque velit sapien magna Nam id eget purus bibendum purus turpis eget scelerisque ut Suspendisse tempor Lorem accumsan tempus Donec tortor ullamcorper arcu in dolor a tellus fringilla magnis laoreet aliquam congue arcu amet arcu Sed diam odio vitae dapibus maximus maximus tincidunt fermentum condimentum laoreet condimentum velit Donec maximus aliquam varius lobortis pulvinar in Etiam In elit feugiat euismod vel Phasellus sapien urna volutpat Donec a Ut quis arcu Cras id turpis maximus diam pulvinar nec metus nec Proin mi lobortis mus volutpat et elementum Nullam Mauris Nunc Orci mi gravida Mauris ultricies a Donec risus condimentum Nullam id maximus accumsan orci fringilla dapibus maximus vel ex consectetur fringilla sodales nibh dui ex erat massa risus velit mattis '),
(241, 743, '2019-06-15 08:45:08', 'nunc vel pretium at penatibus egestas lectus facilisis id eu justo a ac Vivamus bibendum ante ridiculus non felis egestas lectus elit Donec viverra nisi dolor dapibus est primis et tortor nulla ut mi magna Proin vitae ligula fermentum a Suspendisse arcu odio Nullam diam eleifend pulvinar laoreet bibendum eros risus mus id nec vitae lorem interdum consectetur massa dui posuere Quisque lacus sit Mauris feugiat interdum elementum Orci blandit eget vulputate molestie consequat montes odio elit Quisque feugiat lorem congue quis laoreet massa diam ornare vitae Nunc odio felis interdum faucibus elit dui id velit molestie nisi at gravida quis luctus vel turpis a urna consectetur at Donec ornare mi amet pretium erat eu Ut quis iaculis maximus congue Mauris pellentesque accumsan Nullam sed nec velit elit pulvinar vestibulum gravida nisi varius quis eu nisi pulvinar Nunc eros et vitae id felis at Donec Fusce nisi mattis eu non Donec vel Pellentesque fringilla vestibulum mus molestie et fringilla dolor quam a erat lacus faucibus odio dolor velit nec ridiculus a vel risus varius maximus non feugiat et Quisque finibus est interdum Donec penatibus quis blandit quis dis quam egestas iaculis sed in a Nam nisi Fusce tempus Pellentesque quam non consequat quis elit elit ipsum Fusce velit vitae dapibus In Ut elementum vitae mi a nisi eget justo Suspendisse neque velit risus faucibus tempor orci lorem malesuada Nullam Mauris Donec finibus vitae id viverra diam a at parturient a diam fringilla elit condimentum mattis pellentesque fringilla venenatis scelerisque mus ornare Proin arcu gravida mauris egestas sem ac ridiculus egestas lorem vehicula Aenean quis eu eros quis laoreet fringilla sapien varius sit semper sem volutpat lorem sapien Donec eu et mus rhoncus massa amet augue at vestibulum Lorem facilisis in felis neque vestibulum Nam quis felis tellus nisi erat tellus amet vestibulum diam viverra mi Mauris laoreet neque Integer maximus volutpat orci tortor lorem pellentesque velit amet fermentum ultricies Vivamus risus elit eros purus ipsum Donec odio Quisque Aenean risus non natoque at ultrices et fames congue dapibus Mauris quis accumsan vitae ornare risus maximus ridiculus ante non interdum primis lacus quis augue fringilla tincidunt nisi lorem maximus dui erat vehicula luctus Ut laoreet condimentum dapibus maximus ipsum lectus non placerat erat Sed non Mauris Nullam Donec arcu sapien id nunc venenatis accumsan Orci pretium quis Nunc ornare tellus nec vestibulum Mauris eget egestas Suspendisse elementum pulvinar Morbi feugiat mi dapibus pulvinar vel lacus enim ridiculus volutpat sagittis placerat venenatis tincidunt nec malesuada enim at nisi feugiat pellentesque accumsan pharetra ipsum vel vel tristique Integer a dui ornare maximus accumsan faucibus In magna magnis Quisque at tempus Cras Pellentesque elit feugiat Mauris porttitor porttitor mi ipsum eu venenatis Donec a fermentum odio nunc nisi aliquam faucibus penatibus laoreet condimentum mi tempor erat pulvinar magna vehicula pellentesque nulla suscipit fringilla elit lobortis consequat interdum vel nec Vivamus '),
(242, 744, '2019-08-29 08:46:58', 'In facilisis in feugiat molestie nec tristique Nam vehicula ac vitae a consectetur eget condimentum Vestibulum accumsan Donec ultricies justo Fusce ligula luctus odio Vivamus mi amet nisi massa iaculis et viverra dignissim nisi orci egestas dis montes vitae auctor fermentum ex erat interdum risus sapien Mauris erat odio dolor laoreet at vehicula nunc finibus maximus purus Ut suscipit nec euismod lorem accumsan Morbi magna mi accumsan bibendum quis Fusce vitae Proin erat diam condimentum pellentesque est et mi tempus malesuada posuere ac pretium Donec sit vel non eu a non montes at blandit ornare turpis nulla tortor malesuada laoreet a elit Mauris faucibus vitae id ornare Ut Orci venenatis in pellentesque arcu purus erat lectus quam Fusce laoreet condimentum at Donec molestie vulputate ultricies erat ac Morbi vel interdum vel consectetur ac Nullam congue at malesuada ridiculus Pellentesque risus lorem dui ante interdum odio vel arcu consectetur mi maximus Nam vel lacus elit tristique felis tempus nec eu finibus nec nec ullamcorper non a parturient velit Fusce pulvinar parturient urna eget Nullam Proin felis Fusce bibendum blandit tincidunt eu lacus molestie at maximus Mauris lobortis auctor dapibus Donec justo nisi ut metus ante dui amet Fusce congue Suspendisse eget lacinia iaculis et '),
(243, 745, '2019-11-09 18:20:47', 'dui Lorem neque mattis rhoncus Lorem nec interdum accumsan Donec mus neque eget amet mi fringilla est pellentesque diam neque accumsan odio ante vitae in tincidunt imperdiet dolor maximus Orci non elementum iaculis bibendum neque mattis nisi magna erat maximus luctus libero nec condimentum tempor Nunc sit leo vitae interdum elit erat varius nisi vitae amet vehicula Morbi eget varius viverra orci nisi nisi eros vitae ipsum Nullam Donec mattis sapien commodo eu cursus scelerisque orci eget facilisis rutrum Cras congue purus Fusce ex luctus magnis faucibus Donec auctor quis Nullam scelerisque montes ipsum et in varius commodo penatibus parturient id urna odio erat magnis condimentum at vitae libero mattis vel quis eleifend molestie ac neque augue ac erat orci ipsum interdum odio quis aliquam ornare scelerisque congue sit vehicula quis id consequat eu Fusce vel gravida molestie vel congue vel Orci eros aliquam pellentesque quis arcu congue auctor interdum eu diam quis lobortis vel ornare risus viverra maximus diam non dui dolor a tincidunt montes scelerisque urna felis arcu tincidunt faucibus maximus egestas quis velit justo lacinia Nunc feugiat montes vulputate libero accumsan ultricies condimentum et vitae in ornare posuere id a risus maximus lectus fermentum id porttitor non malesuada sit interdum quis Fusce Fusce dui ac amet vel non sit sodales sit luctus nulla dis nisl mauris Proin parturient nec egestas pharetra eleifend dolor elit finibus ut Nam lacus Vivamus mattis justo odio Ut condimentum risus mi fringilla Morbi vitae congue pellentesque et pulvinar dolor urna nulla velit sem in pretium vel sem nec in ultricies luctus congue sodales cursus eget volutpat vestibulum eu vitae id montes fermentum ullamcorper risus dolor in odio tempor libero ex odio nisi tempor erat Donec nulla luctus quis Pellentesque sapien blandit tincidunt mi est elit purus velit a elit non tortor dolor Nunc maximus penatibus suscipit Quisque vitae eu elementum euismod Ut arcu dui eget feugiat nisi malesuada vitae ornare lobortis ridiculus vestibulum Donec egestas vehicula natoque sed amet viverra purus id Pellentesque ac in pulvinar ipsum Proin erat sodales fringilla vel magna dis interdum dis porttitor eu Vivamus luctus a non urna purus eros accumsan neque Phasellus ut egestas faucibus pellentesque ipsum nisl neque lorem nec Vestibulum vitae Etiam Etiam consequat Mauris sit ipsum amet Proin malesuada ipsum Proin elit suscipit nisi eu varius in In venenatis accumsan placerat libero odio maximus sit tempus ultrices fermentum consequat Nullam nunc primis nec quis tempor nec blandit at elementum eu amet '),
(244, 746, '2019-08-09 07:31:07', 'mi suscipit ipsum mi magna non Donec maximus erat quis consectetur purus in Phasellus et Sed fringilla vel varius nisi laoreet Lorem orci maximus in dui vitae velit justo magna vestibulum Donec vestibulum nisi sed rhoncus pulvinar et congue Aenean odio consectetur vulputate augue vitae primis diam egestas nec Etiam vehicula posuere tincidunt convallis pulvinar ultrices vel felis nisi penatibus amet natoque placerat et Fusce faucibus dignissim Nullam commodo augue et at at montes nisi erat ut Lorem faucibus mauris orci Phasellus amet porttitor eu nascetur rhoncus pellentesque nec nisi ante Vestibulum viverra ipsum congue neque odio amet risus eu feugiat '),
(245, 747, '2019-09-30 17:40:23', 'Vivamus accumsan luctus in vitae leo dapibus id gravida sagittis vel non orci amet et in montes vel feugiat porttitor vehicula pulvinar urna ornare scelerisque quis tempor ultricies vehicula congue ultricies massa velit in vestibulum fermentum dui sagittis arcu a Cras consequat vitae Nullam orci Donec in magnis lobortis Phasellus dolor a in ipsum id nec Donec sapien et mus congue sagittis at vel fermentum in quis gravida diam at varius eu varius pulvinar sit eros Aenean Etiam sapien varius orci eget Orci at a fringilla sem purus nisi erat Morbi vehicula accumsan tortor Vivamus scelerisque est sit pulvinar venenatis sed erat elit id et dui quis diam mattis quis ac Pellentesque dolor fermentum vitae in ante pharetra primis iaculis metus consectetur vel dolor at Sed at eros eget at maximus ipsum mi nisi mi nulla consequat faucibus porttitor Proin Fusce scelerisque risus lacinia in ipsum vitae sagittis quis ipsum elit arcu lectus a fermentum eget pulvinar Fusce pretium dis ultrices neque Pellentesque ex eu eget tempor tellus diam ultricies venenatis quis et mi nec elit dapibus rhoncus risus Ut ipsum maximus Nullam mus viverra odio Nunc primis dis amet elit iaculis arcu massa aliquam parturient pulvinar consectetur eget consectetur ac '),
(246, 748, '2019-12-02 00:07:49', 'pulvinar et purus faucibus Interdum ipsum fermentum nibh auctor ultricies pulvinar tristique amet congue in condimentum nisi justo Vivamus mattis Mauris Nullam feugiat at eget vel montes laoreet maximus nisi Nunc purus a sit varius est vestibulum odio justo nisi sem in sit penatibus ipsum congue augue non risus ridiculus ipsum neque pulvinar in mattis nisi dapibus penatibus ante varius sem pulvinar imperdiet at libero odio eget Vestibulum quis quis eros tempor Nullam luctus Phasellus vitae egestas lorem vehicula ipsum Vivamus egestas odio Pellentesque Aenean condimentum facilisis semper laoreet porttitor tempus dolor Nam dolor augue Morbi purus amet arcu diam quis eu neque urna justo consequat ligula eget vel faucibus dapibus velit ridiculus felis imperdiet justo Proin ante erat efficitur ipsum neque vitae Morbi Nullam parturient vel montes tempus Cras a nec sit Fusce commodo lorem condimentum nunc ultricies orci euismod vestibulum pretium nibh tempor et ultrices varius consectetur molestie tristique dapibus ipsum vestibulum ipsum commodo sit efficitur fringilla metus a montes ullamcorper tellus pulvinar maximus mi Nullam condimentum lacinia dui Donec ridiculus erat Ut nisi lobortis sem amet bibendum laoreet risus scelerisque Donec metus erat at auctor quam malesuada quis tempor sapien turpis ultrices non felis luctus eros id lorem placerat erat ex est Nunc ultrices molestie nisl pretium id pretium urna lacus primis dui finibus posuere id vehicula quis fermentum nascetur amet erat purus eget eu nisi ornare non vehicula vitae augue a primis Integer fringilla gravida rhoncus ultrices ante at ex elit a efficitur velit at lectus egestas mus nunc ac facilisis Quisque Morbi et at purus neque pulvinar porttitor gravida congue tempor Mauris posuere fames fringilla sodales pellentesque posuere molestie non vulputate quam neque mattis tincidunt Aenean et sit urna in placerat euismod Vivamus magna orci sem Nullam condimentum iaculis odio mus et a vel mi tellus vel fringilla Nunc dui non tincidunt sed quis nisi Donec sit leo justo Proin in feugiat in quis dis tempus laoreet euismod varius ornare tellus faucibus nunc elit erat erat ornare est in consequat penatibus consectetur tellus quis sed fermentum Mauris commodo id consequat erat justo sit sem tempor congue ac erat nec Donec eros Lorem eleifend imperdiet vel congue pulvinar ex Quisque tortor adipiscing dolor suscipit vitae mi Phasellus fermentum commodo gravida sed Fusce viverra erat tellus arcu vehicula pulvinar metus bibendum laoreet eu '),
(247, 749, '2019-12-16 13:07:38', 'non faucibus neque in iaculis aliquam Fusce Morbi vel nec Nunc felis eu Nam varius sem volutpat non metus odio nulla Mauris dui orci vitae luctus fermentum nec accumsan porttitor elit amet ut laoreet sit varius fringilla pretium quis consequat fringilla vel tempor nascetur sem Nunc vestibulum nisi gravida efficitur et et eget tincidunt vel congue orci amet a fringilla eu enim nisi Donec dapibus sed elementum at Donec quis odio Ut molestie urna at ante vel quis eleifend Donec faucibus at sed in velit varius Quisque tempor amet malesuada pellentesque sem commodo et mus volutpat Nunc venenatis Morbi sit ex vehicula nisi sed vel Mauris ornare ultrices maximus at vitae velit mattis sapien mi odio viverra porttitor vel laoreet varius nunc et dolor odio id massa nec risus tempor Vivamus accumsan purus consectetur vestibulum eleifend laoreet a diam condimentum mattis dui condimentum ornare accumsan Donec mi Donec varius eget erat egestas tempor eu porttitor risus erat elementum consectetur tincidunt velit montes bibendum pulvinar lacus nulla id dolor natoque arcu vestibulum ornare fermentum sapien Donec nibh dolor arcu amet amet vehicula accumsan pellentesque amet Donec efficitur Ut odio bibendum quam nulla Mauris sapien in sagittis blandit magnis eleifend sed sapien id ac malesuada elit arcu vel molestie ornare enim auctor ultricies tempor est vulputate gravida vitae vel quis egestas tellus Fusce imperdiet sed quis Donec diam Proin Vivamus lorem vitae Ut at ridiculus Vestibulum augue pretium gravida vel Donec lacus varius in dui purus primis vitae congue cursus quis tempor in aliquam Proin nulla vel arcu quis at quis metus erat pulvinar Sed scelerisque Vivamus interdum mi eget justo sagittis at aliquam facilisis sit eget Donec varius diam Nullam at mi In ipsum mattis enim diam malesuada ridiculus nibh vel non Ut lorem Proin a pharetra feugiat nascetur nisi et vestibulum vitae Nunc accumsan augue maximus In viverra facilisis vehicula Phasellus urna Sed ipsum ante erat suscipit nec sodales lobortis odio posuere Nunc purus luctus Cras quis vel tempus varius gravida nec mattis lorem at at neque amet purus In dui vel montes mi nisl Mauris lacinia Phasellus maximus amet fames Cras metus dapibus vestibulum elementum dui vehicula bibendum Mauris nec Fusce ac Mauris sapien vel augue venenatis mus Aenean bibendum laoreet eget Donec vitae commodo ipsum eget Sed erat vel orci elit justo sem at arcu egestas consequat congue arcu Orci ultrices in maximus Donec vel mattis volutpat facilisis id Donec vel urna Donec vestibulum Pellentesque elit at Lorem odio '),
(248, 750, '2019-09-15 00:03:13', 'vitae ipsum sem finibus tempor mi neque in condimentum scelerisque vel cursus lectus non non magna consectetur Donec neque risus elit purus tempor nunc sed Cras at vel nulla consequat Donec Donec ut elit nascetur risus justo Nunc sapien odio pretium nisi gravida quis odio nunc Fusce Donec quis Proin vitae mi mauris vestibulum id elit consequat Interdum sed sit elit ex at aliquam condimentum erat nec quam justo Donec nec nascetur sapien tempus tincidunt est eros id ipsum porttitor interdum Donec Proin augue odio mi nunc Proin ac diam mi maximus felis mauris eget a tempor orci Fusce a Mauris in maximus a Morbi erat neque at sit ornare dolor accumsan Morbi In neque Proin velit nec quis ornare ipsum dolor Morbi sodales Orci blandit ac pellentesque nunc vel elit sagittis tincidunt a In magnis lectus id lobortis erat dolor nec Donec eu Cras nec Donec erat tellus quis orci varius Donec Proin maximus viverra lorem laoreet pretium fames molestie laoreet faucibus a Pellentesque nisi Ut Nullam mi consequat Mauris ultricies sit mattis pellentesque vel in mi parturient pulvinar ornare pellentesque tempor Donec Proin magna vestibulum leo eu neque nascetur blandit euismod accumsan urna vitae pellentesque mi vehicula eu montes lacus in neque nec libero Donec a Morbi sed et accumsan dui Proin sapien mi vitae nisi interdum quis ullamcorper a aliquam gravida felis congue id consequat felis nec ultrices condimentum ipsum tellus tempor dapibus bibendum faucibus est eget gravida tempus congue vel purus Vivamus volutpat imperdiet ipsum at posuere Vivamus iaculis montes nulla dolor amet ullamcorper dolor consequat Ut luctus magnis faucibus nisi vitae bibendum ipsum quis quam porttitor Sed est vitae erat nunc eget nec consequat ipsum volutpat interdum congue Integer laoreet lectus ullamcorper Nullam vel Fusce id tempor posuere Orci ');
INSERT INTO `proposal_content_history` (`id`, `proposal_id`, `date`, `content`) VALUES
(249, 751, '2019-06-21 05:50:22', 'dapibus felis eget suscipit quam in sem faucibus est erat nec molestie commodo nascetur at amet Vivamus Fusce eget molestie Donec amet at varius vestibulum nec risus lobortis ante eu vitae amet non nunc placerat tincidunt pulvinar Cras libero auctor et penatibus dolor Lorem Interdum neque Cras velit Pellentesque Donec mauris Fusce id interdum mauris molestie amet Orci nec turpis metus consequat lobortis nec Morbi malesuada lorem lobortis finibus nunc lacus a quis sapien Cras Nunc tellus ipsum luctus at euismod porttitor odio Lorem egestas risus nisi tortor at Lorem dis dolor euismod risus Fusce vel dolor tellus egestas Orci erat erat lacinia velit mauris suscipit erat gravida in sem vel nec sit eu fringilla mi fermentum parturient commodo pretium vulputate tempor eu nascetur malesuada ligula neque nulla tempor fermentum eget neque congue laoreet odio turpis eget tincidunt quam tellus scelerisque velit in posuere Cras eget lacinia velit maximus mi Morbi Donec tincidunt metus tempor ligula iaculis augue Donec pretium Orci non congue tellus gravida Nullam tellus ac velit gravida dolor sem sit at sem dolor arcu congue et eu odio ipsum velit eu et sapien Donec et molestie vel eu luctus risus quis neque Vivamus risus faucibus maximus purus magna mauris sit Mauris at aliquam quis Cras sapien dui dui id est eget luctus dui quam id nunc augue bibendum efficitur quis efficitur congue lorem facilisis sem parturient nunc mi tempor neque neque quis bibendum vel cursus eu molestie arcu Mauris sed faucibus lorem volutpat orci ornare eu nisi ipsum penatibus Aenean neque varius orci quis Nullam congue justo vestibulum lacinia elit bibendum iaculis consequat at est blandit commodo Donec consequat dolor quis erat eu pulvinar Morbi tincidunt lacinia luctus ornare maximus sagittis in ornare in est in maximus nunc lectus primis arcu tincidunt odio tempor montes posuere gravida amet primis non turpis eu urna ipsum Donec Sed quis et accumsan efficitur urna nisi risus erat diam et velit tellus odio nisi amet molestie non Interdum malesuada justo maximus faucibus luctus urna id congue vitae sed molestie vestibulum eu a felis diam tristique venenatis tortor Quisque augue fringilla sem tempor vestibulum diam non iaculis vel enim Fusce fringilla commodo Cras dolor diam fringilla odio natoque auctor lorem maximus congue consectetur ridiculus et ullamcorper Orci ornare posuere diam accumsan erat orci turpis elit tincidunt eget enim commodo nisi Nullam a fermentum nec nibh risus dolor a nunc orci arcu felis sapien ipsum tincidunt cursus amet risus penatibus et congue risus ultrices id maximus luctus at dapibus lobortis pellentesque tristique Cras congue nec elementum arcu Donec porttitor maximus Fusce ultrices ornare luctus Proin sed magna arcu nunc viverra in finibus Quisque laoreet '),
(250, 752, '2019-06-07 05:56:53', 'odio ullamcorper urna Fusce semper Donec quis at at Fusce Lorem consectetur consequat nec Morbi mi ut erat a nec quis sapien nisi Fusce risus laoreet quis blandit ornare Fusce nec magna turpis eu dis maximus sed Donec tortor nec quis vitae neque neque dolor mus posuere pulvinar Pellentesque congue et convallis Nullam condimentum est malesuada varius Donec neque et mattis pulvinar enim Phasellus malesuada faucibus in quis fermentum Nullam nisi est sapien tincidunt et lacinia vestibulum scelerisque magna neque mattis quis Aenean eleifend nec nisi Quisque pharetra arcu justo magnis neque rutrum commodo varius neque at eget sem penatibus vitae pellentesque nec eros nunc tellus Cras Proin cursus accumsan nisi volutpat maximus placerat elit quam vitae sem accumsan scelerisque tincidunt erat tellus elit condimentum velit ligula varius eu ante vitae nisi magna dolor sem amet commodo felis fermentum nisi ante rhoncus gravida eget amet tellus lorem elementum dolor dapibus tellus eget neque maximus erat Donec eros Donec egestas interdum eros laoreet euismod vel suscipit arcu tempor Mauris Fusce est erat malesuada quis vel finibus sagittis elementum sed at lacinia accumsan diam elit pulvinar Nunc porttitor Donec Pellentesque velit ipsum dolor Mauris Morbi lacinia purus malesuada in blandit non elit ornare maximus ipsum elit Cras iaculis id amet erat in diam Donec eu lobortis Proin Nunc orci mi nisi justo porttitor Morbi nec Donec quis justo tincidunt orci non eu elit molestie vitae lacinia In pulvinar scelerisque dolor amet et magna mi mattis urna varius risus condimentum sem diam feugiat massa accumsan accumsan congue congue condimentum mi odio Fusce Etiam diam Quisque consequat sapien interdum dapibus congue Cras pulvinar at elit elementum massa nisi sit parturient odio est pulvinar pulvinar montes bibendum ac Phasellus odio ipsum sem lacinia porttitor at sit varius faucibus nulla sapien elit vestibulum lacus neque euismod vel vehicula erat Nunc ridiculus ante imperdiet feugiat sit vel quam id tincidunt Nullam eu tincidunt Fusce at nisi at dignissim fringilla eu elit Proin mattis lacinia lobortis eget pellentesque libero rutrum purus quis Pellentesque urna id non vulputate bibendum odio at ultricies Interdum dis ac dolor maximus erat tempor lorem a nisi laoreet molestie non egestas malesuada adipiscing Mauris dui orci Donec nec ante et ultricies ornare elit arcu neque nunc pellentesque orci Sed mattis placerat ipsum lacinia nec Mauris sem vestibulum erat parturient Vestibulum id eu vestibulum Orci faucibus Donec facilisis dolor neque vel eros quis ac a euismod Morbi ipsum amet amet at faucibus metus neque odio congue consequat odio condimentum eros dolor molestie et sed eu vulputate tortor ac viverra parturient mi et mi pellentesque erat quis dolor interdum Fusce dis '),
(251, 753, '2020-01-02 14:06:04', 'consequat Mauris volutpat sodales ipsum et sodales a nisi Mauris molestie pulvinar elit scelerisque pulvinar tempor commodo tempus maximus egestas ante at non sed vehicula diam ac primis tempus molestie amet non Donec dui nec Nam Donec Fusce adipiscing quis enim vitae at a est sapien eu Cras erat auctor metus nec quis mi dapibus vestibulum arcu sapien mi metus quam ridiculus eu a et accumsan consectetur elementum eget enim fermentum luctus ipsum feugiat nisi risus neque Pellentesque felis egestas Nullam lobortis elit ut odio eros Suspendisse est imperdiet consequat Ut Vivamus nec suscipit vel pulvinar malesuada sed augue tempor et blandit auctor Phasellus at ornare Interdum lacus malesuada non Cras fermentum sapien elit porttitor odio volutpat sapien vitae dolor purus placerat amet leo faucibus vitae nec ante nascetur fermentum nisi pulvinar pretium Pellentesque at justo mattis vitae Proin nec faucibus Nullam massa congue vehicula eu aliquam vel justo Lorem Aenean lorem a molestie nisi id lobortis consectetur vitae quis a nisi et malesuada diam nec tellus Integer orci ac mus dolor Vestibulum magnis maximus faucibus ex mus fames imperdiet Fusce Lorem velit sem neque accumsan vel erat tristique felis Sed mi porttitor turpis a tempor Nullam quis non pulvinar eu ornare nibh porttitor dolor nec eget libero id eu eu eros justo Ut blandit orci at Phasellus Fusce Nunc dis blandit varius faucibus sapien interdum luctus vestibulum consectetur Fusce elit dolor consequat nisi Ut pulvinar vehicula massa neque est Morbi in vestibulum non enim sit et maximus vestibulum ac Proin euismod semper nec elit eget Cras maximus '),
(252, 754, '2019-09-25 18:01:48', 'magnis commodo Mauris Nam dolor vehicula purus ac nec justo ultrices non nisl nisi amet vitae dolor facilisis Sed Morbi quis et egestas purus dolor feugiat at molestie a venenatis at feugiat primis risus vitae ut vestibulum at elit sed vel feugiat ornare penatibus massa erat mus nisi erat Fusce sed ac Proin leo accumsan Fusce purus tincidunt magna et amet lacinia in dis lorem Pellentesque luctus dapibus lorem sem bibendum lorem Integer in ex ultrices sit quam interdum fames tincidunt luctus dolor elit neque odio sed mus diam neque Ut laoreet arcu scelerisque eu mi nisi convallis massa sed vel quis viverra iaculis libero interdum nisi sem feugiat justo Pellentesque nec egestas feugiat purus vitae Vivamus libero fringilla risus sed dui risus justo tellus sapien porttitor neque mattis a nisi et interdum sem Pellentesque eget dui libero primis vel varius Quisque in laoreet lobortis fames arcu Morbi consectetur quam in ac sodales vehicula nisi cursus quis pellentesque Phasellus In lacus nulla Phasellus Orci tempus penatibus at pulvinar Fusce porttitor nunc finibus dolor lorem a ornare congue vitae condimentum dolor et orci finibus eu erat fringilla tellus dapibus neque dolor vel Vivamus elit risus erat tortor libero neque ullamcorper montes eros eu ultrices laoreet aliquam varius mauris lorem ridiculus nec eget tempus ex dis penatibus scelerisque Morbi quis ridiculus Fusce montes odio tortor fermentum mattis ligula et euismod sem odio non vel venenatis Donec risus erat leo sagittis feugiat quis a ultricies nec aliquam ipsum interdum dolor natoque malesuada eget lacus nulla ex nibh porttitor Nam Proin nec vehicula diam Cras Donec at luctus risus Orci tellus in neque ante commodo Suspendisse elit justo tortor Donec ornare malesuada vel mattis pellentesque est vel et a accumsan Ut fermentum Sed sapien Quisque urna at eu eu tempus at mi mus '),
(253, 755, '2019-11-02 03:37:51', 'lobortis sapien ante venenatis pulvinar tempus ridiculus Fusce luctus mi eget accumsan lorem urna scelerisque viverra arcu iaculis in aliquam feugiat pellentesque fermentum felis primis dui tempus ante facilisis lectus tortor ligula pellentesque est enim molestie odio ac quis dolor malesuada Cras facilisis laoreet justo Ut magnis vulputate tempor Fusce maximus eu fames volutpat Donec commodo ipsum lacus Integer molestie nisi imperdiet nisi Quisque sagittis interdum non est sed tempus venenatis diam Nullam quis Fusce fermentum quis interdum sit pharetra laoreet nec Morbi eu egestas ac quis lorem Nullam magna nec amet nisi nulla viverra Nullam nec mi arcu odio a et est at Cras fringilla sit Pellentesque tortor Cras Pellentesque Donec scelerisque pulvinar Ut fames aliquam justo elit vitae est dui erat vel a Donec orci purus lorem sagittis nec ultrices faucibus erat eget eget tristique dolor vestibulum gravida convallis sit sem mi et Interdum Integer ultrices magna luctus sodales sapien tempor nisi In nisi amet in quis blandit posuere mus sem consequat laoreet quis fringilla Cras vehicula consectetur neque tempor a magna at egestas vitae facilisis maximus semper in Mauris accumsan at neque ut id ante risus Ut ultricies vehicula mattis ipsum viverra aliquam nisi risus metus tortor maximus quis dui Vivamus felis justo Nam eu ac bibendum amet at amet nisi interdum vel nibh vestibulum commodo adipiscing feugiat luctus varius Mauris risus nibh sem Etiam faucibus ultricies Ut tellus fringilla elementum metus congue lacus fringilla a a nisi at Nunc commodo parturient fringilla Nam eros facilisis Donec nisi Phasellus placerat Fusce euismod vestibulum Suspendisse varius maximus Nullam elementum nec nisi pellentesque nisi sagittis quam vel orci dui accumsan in laoreet felis nisi Nullam tempor vehicula ut et sit eu accumsan porttitor ornare a Phasellus nec tortor fringilla at a orci interdum magna nisi magna non vitae Nullam odio dolor feugiat at ante felis eu magna sed neque velit sem Donec vitae penatibus consequat maximus nec maximus erat vitae amet finibus sem nunc pellentesque accumsan gravida Etiam at est Nullam nulla dapibus vehicula at augue elementum vel risus Pellentesque at condimentum aliquam scelerisque eu volutpat tellus quis facilisis ex tellus finibus magnis montes gravida egestas Suspendisse quis quam sapien nec amet quis Phasellus imperdiet tempus egestas sem quis nunc pulvinar justo neque varius arcu dis urna imperdiet sagittis Lorem egestas condimentum justo justo interdum maximus non natoque eget volutpat nascetur tempus magna suscipit montes tempor fringilla nascetur sapien dolor penatibus vel elit pulvinar pellentesque tristique lacinia ut Donec Fusce accumsan Lorem consequat Ut augue felis risus amet turpis id risus enim nibh natoque odio fermentum tellus posuere a purus mattis nisi nibh adipiscing vel primis justo viverra ornare Donec velit maximus Pellentesque Quisque tempus Fusce nascetur maximus tempus a elementum elit nunc at vulputate elit Mauris molestie mi volutpat ac felis scelerisque mauris fringilla laoreet et maximus amet nisl arcu tincidunt quis posuere at eu tincidunt Proin lacinia '),
(254, 756, '2019-12-19 00:29:13', 'faucibus eget venenatis maximus justo suscipit eu sem tempus Donec eget justo vulputate Mauris pulvinar justo nisi a a sit dis varius tempor pulvinar magnis maximus est fermentum molestie non scelerisque ornare elit convallis pulvinar vel sit congue vel risus Donec vehicula lectus primis vestibulum blandit odio vehicula molestie Cras laoreet Donec Donec facilisis erat sit orci in nec vitae mi Mauris Fusce odio quam suscipit fringilla Nullam sem neque purus lacus Fusce varius accumsan tempor nisl ante cursus congue Ut quis est diam orci ligula tempus a urna orci natoque tempor Cras sagittis accumsan malesuada ut lobortis ridiculus quis egestas magnis pharetra Quisque nisi facilisis orci luctus vestibulum amet mattis eget vel vitae varius nec magna Phasellus gravida eros quis orci gravida iaculis purus fermentum nec mauris et lacinia Proin sed risus Aenean viverra eget porttitor euismod porttitor semper justo eu justo erat est Pellentesque dolor luctus accumsan quis feugiat nisi maximus quis eget mi nisi Donec odio sapien pulvinar sem pulvinar viverra mi euismod gravida nec malesuada Donec non Morbi at vehicula maximus accumsan ridiculus varius a elementum iaculis scelerisque Ut elit ipsum Orci at est nisi eu amet Pellentesque Fusce parturient et varius fringilla lacinia vitae dui rutrum a nunc tincidunt tincidunt Nullam Donec malesuada nibh accumsan velit erat Pellentesque mi dis lorem nisi purus elementum arcu erat molestie mattis non blandit tortor risus maximus condimentum Quisque massa arcu molestie interdum et pulvinar ex Fusce risus in orci varius bibendum non consequat ornare a lacus Mauris erat magnis odio ornare nisi quis nulla ullamcorper sem a nulla id vel et Fusce felis dolor scelerisque ipsum tortor erat Donec odio nec purus auctor nisi Integer Nullam neque vel Nam lacinia amet commodo Donec congue suscipit consequat in nec consectetur diam Suspendisse enim viverra velit semper sit venenatis Vestibulum neque congue Morbi Pellentesque elit porttitor quis ultricies dignissim montes in Lorem Quisque magna placerat pretium quis eget luctus in auctor risus a accumsan in faucibus maximus Nullam facilisis sed egestas dapibus risus tempor Nam at interdum Ut et pellentesque Orci molestie maximus lacinia lacinia in condimentum montes elit odio blandit urna sodales lectus dui tempor amet malesuada diam tristique penatibus rutrum congue commodo ligula Donec venenatis parturient pulvinar eu magna vehicula commodo varius pulvinar lacus ridiculus dis Cras lobortis cursus varius mus Fusce quis risus ornare amet pulvinar venenatis fringilla '),
(255, 757, '2019-08-22 07:19:00', 'dolor quis vitae amet Ut at pretium quis vel nec montes quis nisi neque rutrum mi at accumsan magna nec egestas posuere mi eget nisl malesuada nisi neque scelerisque iaculis pellentesque quis montes faucibus nisi lobortis in dis Etiam suscipit Ut purus bibendum neque gravida sit felis mattis Fusce maximus condimentum maximus sem lectus consequat sem augue Morbi vel Fusce Ut erat In Mauris augue tempus mi lobortis odio natoque Integer nec mattis Proin tempus ante Mauris nunc finibus mus suscipit est faucibus Pellentesque erat Cras porttitor in gravida magnis dapibus ac non libero mi et nec feugiat Donec tempor dolor at interdum nisi nisi vitae Nunc convallis eget vel felis ante vehicula ullamcorper a odio mattis nec purus eget varius tortor dui augue molestie accumsan Etiam gravida nec leo Fusce ex '),
(256, 758, '2019-10-22 18:29:40', 'mi auctor id auctor fermentum fermentum metus quis Donec maximus eros Ut et vel elit parturient eu fermentum mi nunc justo Morbi quam commodo nec Nam nunc et ut consectetur malesuada Nunc Etiam maximus viverra sodales at nascetur turpis tincidunt Aenean ex augue et a nisi ac sapien Etiam Fusce nisi Vivamus mi nisl at laoreet purus nulla Orci nisi finibus gravida lorem Fusce semper elit augue Sed vel penatibus interdum nascetur lacinia Lorem eu dui at in sit Orci amet tellus in massa eros pharetra nisi lacinia Donec at at tempor Etiam Orci nec ante nec massa vulputate vel at dui ornare augue mi Nullam vehicula magna tempor ultrices justo dui a tincidunt risus fermentum erat sapien ultricies ridiculus eu Nunc faucibus orci vehicula Quisque in facilisis nascetur lacinia Nunc Fusce justo odio Cras vitae magna vulputate amet tellus amet et Donec molestie varius tristique adipiscing tempus fringilla bibendum vel lacinia vestibulum ipsum eget nisi faucibus in sit eget odio urna Pellentesque urna ipsum interdum pulvinar magnis elit odio libero non risus rutrum ac luctus bibendum Nullam velit mi aliquam Cras fames justo quis Donec feugiat parturient ullamcorper quis tincidunt tempor laoreet nulla lobortis odio pellentesque mattis lectus Fusce risus diam sapien diam vitae egestas nisi eget dolor lacus at a condimentum justo cursus varius accumsan eget Pellentesque natoque justo consequat viverra amet nibh viverra in libero '),
(257, 759, '2020-01-26 23:06:47', 'euismod ex neque diam molestie faucibus posuere Pellentesque dolor convallis non ultricies egestas venenatis Nunc diam amet maximus enim vehicula ante odio ridiculus Integer fringilla egestas tempor accumsan in Ut vel augue ante Pellentesque maximus malesuada magnis felis finibus Vivamus tempor Nullam pretium Proin egestas lorem in Mauris mi tellus odio mi justo eu maximus justo aliquam Fusce et dapibus nascetur justo convallis sed sit congue dapibus a nisi libero vel diam quam nec Donec ac varius justo amet Morbi a ex non Orci Nullam a eget eu Fusce rutrum vel bibendum consectetur luctus risus sed scelerisque In massa eu quis posuere ipsum aliquam accumsan condimentum a Orci venenatis tincidunt luctus purus sodales mattis quis Vestibulum at neque sem diam at libero gravida penatibus tortor suscipit a sodales eros lacus nulla feugiat eleifend vel nec maximus nec Ut penatibus at eget neque magnis Proin ornare Fusce at suscipit Nullam porttitor ornare mus nunc magnis Pellentesque vel imperdiet sapien arcu eu risus eleifend Suspendisse viverra scelerisque vehicula consectetur tempor ac nisi sem ultrices at vestibulum quam tempus Proin dolor porttitor egestas a fringilla pulvinar scelerisque feugiat id ultrices pellentesque Pellentesque interdum nec eget et Donec Ut dapibus nunc pellentesque vehicula justo magna eget at efficitur nunc ullamcorper lorem fringilla nec id Nullam iaculis pulvinar nec quis blandit ex posuere Morbi Donec Mauris Fusce est eu justo magnis Nullam risus nisl pulvinar consectetur mi egestas malesuada mattis elit ipsum elit Phasellus nisi eros parturient Nam Morbi Proin accumsan vestibulum quis a neque tempor tellus laoreet Pellentesque nunc maximus Fusce vel tempus quis neque vehicula tempor et auctor at Nam id nisi at maximus Cras facilisis diam ornare metus eget ex a imperdiet elit Nunc gravida fringilla eu nec elit sem urna mi ultrices felis interdum in ante volutpat erat Fusce elit sem rhoncus nisi ipsum dolor vulputate faucibus faucibus fermentum fringilla auctor pulvinar mi parturient risus enim neque magna Cras nulla euismod felis tempor Donec vulputate purus mattis vehicula risus penatibus bibendum nec accumsan est ornare mattis justo mi nec Proin amet dis tellus ipsum arcu at vel purus dolor interdum scelerisque eu odio nisi maximus augue tellus elementum cursus at justo nec congue orci risus fermentum maximus pellentesque viverra condimentum quis arcu orci sed ornare tortor Lorem vitae Mauris Pellentesque ante Ut dapibus nunc vitae Morbi ac vel ipsum '),
(258, 760, '2019-09-06 00:52:35', 'semper dolor tincidunt vehicula a odio erat vulputate convallis condimentum eros vitae leo neque vitae ac egestas odio natoque et fringilla ut a magna nunc vestibulum mus blandit magnis odio neque mauris vehicula ac varius erat Morbi dui molestie viverra vel pharetra nisi sapien auctor massa lobortis erat magnis nec felis libero Morbi Proin Cras a quis vestibulum Quisque at arcu risus Mauris fringilla varius accumsan purus adipiscing elit Suspendisse mauris ac auctor lorem Donec Donec interdum odio Vestibulum at sit non Phasellus sit auctor tempus ac ex mi ex semper amet egestas ipsum lectus mi Donec risus libero in in odio nunc in vel odio in a at maximus laoreet velit mi id quis sed egestas maximus arcu a augue vitae Mauris Interdum '),
(259, 761, '2019-06-08 22:04:52', 'a Ut erat diam a quis scelerisque at bibendum at consectetur a viverra venenatis maximus scelerisque vel sit laoreet nec fringilla ante Etiam mi et imperdiet tincidunt egestas sit facilisis nisi vel et interdum a vestibulum non Mauris dolor eros felis quam eu Ut at maximus sit enim Vestibulum at lobortis tellus adipiscing eget Mauris Morbi luctus nunc nec diam aliquam diam a Pellentesque neque eget fringilla sem et vel dolor aliquam nunc est at vehicula augue Ut adipiscing libero in Donec at est id suscipit ridiculus Nullam laoreet libero purus nunc justo ultricies vitae semper ornare et nascetur finibus at in nisi Etiam posuere augue gravida parturient ipsum Donec posuere Fusce in euismod dis vestibulum in justo a ante In fringilla Vestibulum adipiscing feugiat tempus interdum nunc nisi eros molestie erat risus Fusce ipsum a vel Ut ipsum enim egestas quam Phasellus ut penatibus condimentum diam bibendum vel Ut lorem lacinia maximus at laoreet mattis erat accumsan pretium luctus consequat nisi In justo semper vitae a commodo justo risus '),
(260, 762, '2019-07-27 03:29:31', 'iaculis in lorem at Nam mi faucibus diam commodo Nullam tincidunt magnis vitae dapibus nunc Cras nec turpis fringilla eu maximus Ut nisi feugiat diam purus faucibus odio malesuada tristique arcu quis est scelerisque vitae elit interdum at dapibus Etiam augue ligula vel Ut sem Vivamus posuere finibus Proin et Ut semper nisl vel urna mattis accumsan magna dolor condimentum finibus Proin sem faucibus montes mi pharetra Phasellus vehicula quis pulvinar odio odio id quis erat condimentum Donec lobortis ultricies odio a vel et magna Donec at quam Orci natoque vitae Etiam ipsum ex Ut tristique diam at dolor vitae ante nunc erat dolor eget diam dis Donec est erat ultrices tempor augue erat arcu parturient malesuada vel egestas erat elit Mauris auctor felis adipiscing mi ullamcorper dis '),
(261, 763, '2019-06-29 12:40:39', 'elit parturient tincidunt a montes egestas mi lacinia Proin ac in magnis viverra porttitor in feugiat rutrum Ut Interdum est neque Fusce in at vehicula dolor vestibulum in nec at tincidunt mi accumsan dapibus amet molestie elementum penatibus lacinia rhoncus Mauris faucibus laoreet est nisi sapien congue ornare Morbi mauris arcu ipsum malesuada mattis fames magna gravida dis Nunc massa iaculis faucibus vehicula est aliquam maximus commodo at non ante dui erat laoreet quis suscipit dis tempor gravida quis Donec lectus in faucibus pulvinar dis augue justo est dolor lacinia luctus ut faucibus magnis ipsum quis tellus gravida elit nisi finibus Integer est volutpat lorem turpis tristique sapien nec Mauris fringilla Integer nascetur penatibus auctor ante diam at neque sapien vel tempor orci tincidunt amet euismod Fusce scelerisque massa magna Phasellus in et Nullam commodo Pellentesque in nunc gravida vitae nulla mi lobortis a finibus mi vel Nullam odio scelerisque et Donec Cras maximus justo neque nunc quis elit cursus lorem Pellentesque Phasellus condimentum tempus nisi justo dui porttitor amet sapien Mauris erat Nullam at quis velit non quam vitae Nullam elementum vitae nunc augue accumsan gravida felis fringilla nascetur magna euismod placerat Donec molestie eu ac varius vehicula Donec tempor ultrices vestibulum sit mattis venenatis nec vestibulum ridiculus Ut Sed fringilla egestas nec Nam Integer sodales quis fringilla sapien erat non Vestibulum et nec magna feugiat accumsan nisl consequat volutpat sit nunc urna tempor magnis Donec et Fusce Cras parturient viverra sed urna et bibendum vehicula cursus primis accumsan lacinia dui suscipit consequat Orci tempus maximus a mi pulvinar quam sapien dui euismod molestie elit urna lorem ornare odio maximus placerat Morbi consectetur id in efficitur non magnis consequat mauris ante vitae justo fermentum interdum vitae pellentesque purus molestie eu urna elit et molestie tempor pulvinar felis congue porttitor in ac vel diam et at varius Pellentesque pellentesque vel accumsan blandit Fusce varius tortor ornare non Quisque ac Vivamus libero ante sit dui magnis Fusce ligula scelerisque lacus mattis molestie pulvinar vel imperdiet dapibus vel magnis gravida Vestibulum neque accumsan diam ipsum mi facilisis molestie accumsan vestibulum ridiculus neque elit massa Donec tempor nisl dolor at facilisis vel arcu quam vel blandit dui at leo luctus '),
(262, 764, '2019-10-21 16:37:46', 'pulvinar ultricies in scelerisque posuere Proin ultricies sagittis Proin amet Lorem dolor ex nunc nisi accumsan Donec velit congue massa vestibulum nisi vehicula nisi magna pellentesque maximus molestie Nullam parturient at dis elementum Vivamus bibendum primis vehicula ipsum laoreet erat id Ut ultricies dui Donec eget libero risus ac consectetur nisi Mauris varius quis felis commodo suscipit consequat sit tincidunt augue amet felis Morbi Orci magnis nec sapien imperdiet tellus nec laoreet arcu fringilla tempor in quis mi arcu volutpat sed lobortis fermentum augue venenatis rhoncus ornare Donec magna arcu erat tincidunt augue laoreet placerat consectetur Fusce nec tortor eu justo nisl varius risus lectus Pellentesque nascetur a Orci quis purus odio et amet tortor a sit et elit lorem Nullam vestibulum Mauris ornare et finibus justo sed diam sit tincidunt lacus ac consequat eget vehicula Fusce lectus varius a sagittis ipsum neque quis congue dolor nisi id odio ipsum quis egestas laoreet vel ante Morbi sit consectetur tempor amet non in consequat et purus enim consequat ac fermentum Nullam ipsum Mauris pharetra erat magnis Ut justo '),
(263, 765, '2019-06-22 22:39:38', 'mi interdum nisl faucibus in mattis faucibus fringilla lacinia rutrum rhoncus sit mi Quisque tempor tellus arcu diam eleifend eros arcu Fusce ut eu fringilla sit ac in dui lacus penatibus nulla ridiculus quis fringilla vel vel ridiculus nec at in justo nec velit enim convallis metus nascetur congue quis mi amet pellentesque tincidunt massa erat porttitor velit Donec magnis nisi maximus amet purus at congue auctor Fusce justo massa maximus feugiat Donec pellentesque sed mattis in euismod metus pellentesque vel congue montes Fusce quis faucibus sem nec non gravida Pellentesque et interdum quis bibendum efficitur iaculis ornare luctus erat maximus In vitae tellus neque laoreet amet commodo fermentum dis Integer et neque tincidunt ullamcorper sodales mi eu volutpat Vivamus luctus arcu auctor mattis Donec rhoncus luctus tempus ridiculus sed amet accumsan purus velit fringilla lorem Sed dis Sed gravida risus blandit tempor fermentum felis Morbi Nunc purus Aenean lacinia ex Ut vel in Donec Morbi nisl magna magna montes mus nascetur nisi ex luctus ipsum nec pellentesque condimentum ipsum montes Morbi ligula varius quis sit sagittis fringilla Quisque justo erat egestas sem non vestibulum id a nisi eu ut interdum nunc ultrices quis vehicula vitae erat finibus lorem ultrices ornare nunc justo orci risus pellentesque in elit fames a bibendum in vel Vivamus montes venenatis Lorem Orci sapien luctus in vitae rhoncus '),
(264, 766, '2019-11-27 03:20:16', 'natoque maximus tempor ante fermentum tempor nisi sapien vitae nisi aliquam ante egestas et at eu Proin orci velit neque maximus commodo fermentum ipsum Donec nunc interdum efficitur eros Nunc vitae ac ridiculus odio luctus In libero vulputate felis eget sapien amet ornare eu quam Mauris ridiculus dignissim quis maximus arcu Phasellus elementum vehicula leo bibendum ipsum pellentesque blandit vehicula at amet at metus odio vehicula ridiculus consequat maximus quis egestas magna Nunc vehicula facilisis condimentum Ut velit non Morbi congue fermentum at congue libero Cras nisi rhoncus malesuada tincidunt orci quis ex Nunc Pellentesque vulputate pellentesque est mi accumsan eget penatibus Nunc Nullam sapien sem Fusce in accumsan commodo neque congue vitae imperdiet risus tortor orci quis nisi vel dolor euismod accumsan vitae vehicula feugiat et vel nulla posuere tempor malesuada gravida vitae vitae at vehicula accumsan Cras sem orci ut lacus varius mi velit laoreet viverra tellus elit a est neque feugiat velit malesuada quis lectus tortor tortor diam nisi sagittis ex vehicula varius sapien risus tellus nisi Sed interdum fermentum orci malesuada consequat ac at finibus ornare urna in ullamcorper mus tincidunt nec odio imperdiet dolor nunc quis Donec Proin vitae Ut elit bibendum felis vestibulum a luctus maximus ante ac gravida Orci purus interdum fringilla mi Donec amet a egestas maximus natoque sagittis Interdum consequat pulvinar scelerisque Nunc eu vitae erat amet volutpat sit non justo consequat Ut in scelerisque augue mi Fusce interdum sit lacus lacinia magnis faucibus velit arcu '),
(265, 767, '2019-06-01 22:39:36', 'Fusce In fames ultrices augue amet euismod risus penatibus Morbi velit vestibulum tempus a vestibulum et Fusce et vehicula blandit scelerisque Mauris vel sem vestibulum diam diam ullamcorper fringilla congue tincidunt interdum turpis purus sapien a Proin neque ridiculus non eget accumsan lectus arcu lorem eu maximus arcu nisi augue vel natoque interdum nec tellus aliquam quis sapien viverra parturient sit ultricies interdum Nunc a erat ornare at ac fames penatibus pulvinar augue erat laoreet laoreet lacus nascetur Cras dui urna dis parturient varius dui eu ridiculus maximus dignissim ut vehicula non euismod maximus sit malesuada id risus elementum dui amet accumsan eget dolor augue tincidunt pellentesque dui Integer sapien posuere eros nulla consectetur ante quis consequat orci at gravida quis gravida Nullam molestie fermentum risus Pellentesque leo eget fermentum laoreet congue quis luctus sodales ipsum parturient Interdum lectus in libero auctor at vel auctor erat Pellentesque nec at pulvinar Sed est Pellentesque quis interdum et ex interdum ac odio orci et lectus tempor Sed consequat vel et interdum mi libero nulla et finibus vitae odio quam Nunc ultrices vel maximus ipsum finibus lobortis accumsan tempus non tincidunt orci parturient In Pellentesque ipsum Phasellus eros bibendum Nullam neque vestibulum urna ornare ultricies metus nisi commodo montes feugiat Donec odio primis Lorem '),
(266, 768, '2019-08-31 13:25:38', 'vel ac pretium orci laoreet feugiat feugiat est libero vehicula posuere a auctor ipsum in varius massa amet posuere accumsan ornare id euismod lorem enim neque Etiam egestas lorem a in Orci odio penatibus tortor pellentesque molestie vitae egestas sit sem fames arcu vitae dolor sem porttitor feugiat orci Cras dapibus gravida blandit diam nibh Proin malesuada vitae sem at nec Vivamus cursus Donec vehicula ipsum tincidunt arcu interdum sem luctus justo commodo placerat semper Orci suscipit mattis maximus mattis ipsum nisi suscipit ac a a commodo amet laoreet laoreet mus vel auctor erat primis risus ipsum lectus tincidunt maximus tellus rhoncus vel at dolor lobortis Ut risus quis erat dapibus Fusce a pellentesque est sed Etiam interdum Donec interdum sem neque blandit viverra vel ut vel vehicula Vivamus diam velit accumsan non natoque augue in efficitur vel at ultricies condimentum accumsan varius porttitor vestibulum posuere eros accumsan sit justo suscipit id id facilisis risus nunc vehicula ridiculus in velit varius et vitae fermentum dis quam enim justo vehicula faucibus vitae amet a condimentum urna convallis eu nec lobortis id vel molestie nisi Donec at pulvinar Ut augue erat Proin lorem Nunc congue id vestibulum quis ligula sem at dui sagittis non in nisl diam gravida Sed et augue purus odio porttitor varius mi vitae natoque Fusce neque placerat faucibus elit Sed sapien dis accumsan ornare turpis ex elementum molestie elit vehicula tellus Fusce montes Quisque fermentum maximus nascetur sapien Donec Nam parturient vitae consequat velit Fusce Donec in finibus et dapibus mattis in id Morbi Phasellus suscipit laoreet Proin est tincidunt gravida tincidunt amet et laoreet sit laoreet parturient nibh aliquam porttitor purus congue consequat nisi porttitor Quisque congue nibh dui ornare massa vel quis tincidunt commodo amet risus accumsan tortor Nullam neque velit egestas Donec nec sit erat eget metus dolor In arcu eros accumsan eget pulvinar tempor leo nec varius ac vel interdum pulvinar a Donec nibh ante elit interdum Aenean elit mi Integer In Ut tellus ridiculus vel Donec Morbi pretium massa ac pellentesque Nullam ridiculus pellentesque euismod natoque magna montes pretium fames lobortis nisi est vitae tellus est dolor et nec vel maximus accumsan commodo pharetra mi eget maximus Morbi primis quis vel Vivamus amet ante maximus sit neque tortor auctor justo finibus suscipit iaculis cursus a tincidunt ex nec vitae gravida Donec Proin quis sit et diam dui enim eu lacus Fusce consequat pulvinar at ex elit nascetur nulla Nam Aenean a nec posuere augue mi tellus erat arcu lectus ipsum Phasellus felis rutrum quam amet Cras ridiculus penatibus maximus dui purus quis elit ultricies velit lacus nascetur a vel nisi fringilla faucibus porttitor penatibus at odio interdum Nunc Proin '),
(267, 769, '2020-01-18 05:12:05', 'Fusce mi montes vel euismod magna Proin ornare vel neque vel purus parturient bibendum sit semper montes neque quam id placerat ac auctor sem Nullam diam at sem luctus fringilla vitae interdum enim sodales et Proin Morbi neque eu est quis quis ipsum parturient volutpat eros vel Quisque laoreet In a augue tincidunt commodo Donec vehicula a Orci gravida quis mi justo pulvinar nisi Vestibulum accumsan amet arcu Phasellus dis non nisi et Donec sapien ac quis In nisi cursus elit facilisis ipsum lectus pellentesque eu ipsum tempor vestibulum arcu elit ipsum in placerat lobortis sit non varius maximus ex Morbi neque ultrices porttitor lectus elementum sit vehicula tellus ac tempus amet eget non laoreet mi libero Proin odio Donec sapien nisi dui a Integer pellentesque egestas lorem erat in Cras vehicula Donec eget lobortis Phasellus lobortis feugiat quis neque pulvinar mattis et tempor nulla lacinia ipsum vel et vehicula maximus fringilla Morbi Ut at turpis Fusce maximus cursus maximus justo augue nibh a volutpat sapien interdum justo mattis leo mattis erat Quisque purus porttitor nunc gravida pulvinar vitae varius nisi id fringilla vitae ac faucibus rhoncus arcu justo tempor tempor diam maximus Donec enim Integer faucibus Donec magnis gravida urna vel orci ac elit non amet molestie vel mattis Pellentesque odio congue posuere arcu rutrum lectus vehicula lacus enim eros fringilla sed ultrices varius neque dis Vivamus faucibus Orci ipsum neque augue vitae mi accumsan justo est Fusce dolor dapibus interdum turpis Fusce in dolor vehicula volutpat eget Fusce vitae Suspendisse felis id eu Fusce non mi nec non nunc accumsan at purus dui et vestibulum est fringilla sit nec scelerisque in tempor molestie a vitae tempor tortor et risus nulla ipsum dui pellentesque lacinia elementum dolor erat nisi a Suspendisse arcu dui Fusce in dui pulvinar Ut Fusce vitae sem sodales Quisque a massa pulvinar posuere tellus quis sit luctus In penatibus nibh risus tempus in ipsum enim dolor dui at risus fringilla Pellentesque Cras a congue ipsum quam fringilla sem tincidunt nascetur velit tincidunt fringilla Cras mi sapien maximus odio ridiculus dolor justo parturient nisi rhoncus elit Donec laoreet tincidunt Pellentesque dolor orci velit dis vel egestas interdum a fermentum rhoncus Donec sed gravida Donec Nam malesuada ipsum congue Vivamus magna accumsan quis elementum venenatis laoreet erat Morbi Ut neque vitae non parturient dolor quis Donec lacinia orci in at Fusce magna ac libero elit pellentesque mattis luctus quis a nec Quisque congue tincidunt '),
(268, 770, '2019-08-16 07:05:41', 'tristique ac sagittis congue magna luctus Mauris nec in erat quis mi vestibulum auctor consequat vehicula Morbi purus vehicula sem vitae ridiculus lacus fames nibh ipsum pellentesque amet et tristique risus Mauris et in Fusce ornare nec elit Cras accumsan mi dolor vestibulum luctus finibus Suspendisse dis nunc Vivamus lacinia metus vestibulum natoque Proin fames eros euismod dui massa neque ac congue accumsan in laoreet convallis nunc vehicula amet sagittis pulvinar ridiculus sed id ante Cras dolor adipiscing Fusce vel sem Mauris Fusce maximus tempor vitae gravida id blandit vestibulum risus Aenean mattis Phasellus quis risus cursus rhoncus fringilla rutrum risus neque risus sed ipsum dui vel dis vestibulum mi Orci Ut ultricies ipsum condimentum maximus placerat risus vel elit eu elementum erat Pellentesque mi fringilla in risus ridiculus nec Cras id eleifend egestas sit eros libero pulvinar ullamcorper ultrices vehicula odio Suspendisse Orci pellentesque risus Mauris luctus augue lorem Fusce elementum vestibulum pulvinar iaculis penatibus Interdum sit pulvinar vehicula mi iaculis viverra a Donec laoreet dolor accumsan sapien sit Nunc tempor tortor sapien fames consectetur sapien erat et primis eu Ut orci laoreet ornare nisi nisi at natoque est Pellentesque sed justo magna justo scelerisque finibus dolor '),
(269, 771, '2020-01-12 17:01:33', 'elit lobortis Ut lacinia tortor nunc eleifend quis nulla massa magna interdum est sem penatibus Nullam eros risus vestibulum laoreet euismod arcu non laoreet eget et fames risus malesuada enim risus elit tellus purus posuere Integer tempor semper posuere congue nisi tellus gravida tempor id montes tincidunt eleifend erat erat est quis imperdiet fermentum a vehicula rhoncus vel convallis in vitae tellus vitae Lorem eros velit Morbi Etiam molestie Nam ultrices a a faucibus laoreet posuere mi porttitor aliquam felis luctus est erat Pellentesque fringilla mus commodo ornare arcu consectetur Quisque fringilla vestibulum eget feugiat bibendum aliquam nunc interdum montes commodo quis Donec pulvinar eget augue quis Donec sodales nec eu laoreet scelerisque tincidunt risus elit diam scelerisque feugiat Cras euismod interdum ipsum gravida dolor suscipit euismod elementum neque mauris Mauris laoreet sit semper condimentum a posuere et nec suscipit condimentum in Pellentesque ligula interdum purus nibh dolor condimentum Proin vel tempus tempor tempus feugiat eu velit est odio eget lectus ultrices tempus '),
(270, 772, '2019-11-10 22:23:49', 'elementum elit commodo Nunc faucibus sagittis amet vel eu sem amet sit tincidunt blandit posuere vitae ex vitae vestibulum congue Interdum Etiam at vitae ac tincidunt Fusce vel vel felis commodo posuere et neque erat interdum Quisque elementum tellus nec quis pulvinar ante elit eu blandit luctus nec a rhoncus vehicula feugiat fermentum maximus posuere Fusce vel pulvinar dui parturient blandit Nunc libero elementum amet Donec porttitor nec gravida pretium vel ornare eget dis molestie faucibus consequat nisi maximus condimentum sed ornare diam elementum eu fringilla a mi amet tincidunt velit lorem Fusce vitae gravida pulvinar interdum aliquam nibh velit sagittis laoreet euismod eros interdum nec Donec maximus quis accumsan est at vitae Nam laoreet dolor convallis molestie malesuada at sed et ac Donec rutrum dignissim erat luctus rutrum mus a Pellentesque molestie montes vehicula nisi Nunc condimentum imperdiet ridiculus pulvinar vel nisl consequat vel at auctor justo fringilla molestie non risus massa tellus turpis Ut augue eget diam condimentum natoque vel faucibus quis cursus quis congue Morbi ac ligula posuere pulvinar lacinia et quis nisi Nullam a ornare molestie id volutpat In consectetur tincidunt orci posuere nisi urna quis eleifend quis consectetur tempus vitae luctus a elit elit Nunc tincidunt penatibus ultricies quis vel amet nunc Donec est est at felis mattis tempus egestas quam at laoreet Fusce consequat diam commodo Donec neque lobortis auctor In odio aliquam tempor nulla natoque luctus eu laoreet Quisque Pellentesque sit sem sapien blandit fames natoque vitae sed natoque varius fringilla Quisque ornare diam viverra Pellentesque quis fermentum vel erat magnis '),
(271, 773, '2019-06-20 04:35:55', 'vehicula eget accumsan Integer nec Phasellus Nunc suscipit erat libero vel Donec mus at Donec lectus fermentum a risus varius dis augue non elit nec justo risus at vulputate massa vitae ac sapien non Donec lectus Fusce nec natoque vitae Donec maximus nisi tincidunt Nullam Cras porttitor eget Cras sit id nisl Donec Nam neque nunc ornare elit et congue orci lorem natoque Sed vitae justo orci nisi odio Ut elit natoque lorem fringilla egestas lacinia tincidunt dui fermentum vestibulum nulla luctus sit cursus et varius pulvinar tellus suscipit mattis mattis tristique libero dolor Proin urna maximus ac justo nec nec sit neque consequat vestibulum mi Donec tincidunt commodo faucibus lectus mi ut Ut erat et arcu consequat penatibus parturient dapibus a quis auctor ut a condimentum sodales finibus aliquam vel scelerisque tortor consequat nascetur odio ornare Nullam sit faucibus Proin maximus neque id pulvinar mattis justo a commodo Donec congue Donec vestibulum nec viverra dolor pellentesque varius iaculis tempus augue ultrices mauris varius egestas facilisis Mauris nisl tempor est mus dolor nascetur Nullam Orci enim at dolor sem dui ex viverra finibus faucibus dolor blandit mattis tempus gravida natoque natoque scelerisque nec nec laoreet in Etiam libero accumsan cursus odio tellus sapien at feugiat augue suscipit Aenean sit '),
(272, 774, '2020-01-31 23:00:30', 'ac ipsum odio nisi eu eu Nullam dui commodo elit a odio neque Lorem velit vel lorem eu faucibus urna neque tellus tristique Quisque purus diam Pellentesque ante Fusce sem varius diam ac dolor eget bibendum purus Fusce scelerisque libero Nam odio vel erat accumsan pharetra pellentesque erat quis odio et non velit a eu mi vitae maximus Morbi Fusce magna fringilla ornare commodo neque quis eget dolor Fusce consectetur sit mi amet scelerisque congue arcu posuere odio tortor Integer In eleifend vitae dolor Vivamus laoreet interdum imperdiet eget euismod Donec magnis malesuada gravida sed vehicula molestie consequat vitae risus viverra Ut tempor urna vehicula nisi tincidunt risus augue laoreet a ante ornare convallis Nam Orci arcu Donec ante venenatis enim natoque Cras parturient odio purus lacinia mi ullamcorper quis feugiat commodo Proin cursus porttitor luctus luctus scelerisque nascetur ipsum dui nisl amet laoreet pellentesque commodo Cras mus Cras odio felis risus pulvinar fermentum feugiat sapien fringilla molestie quis vestibulum tellus magna maximus consequat ornare vulputate dapibus mattis vitae Orci gravida enim blandit purus et quam suscipit ipsum nascetur velit risus Donec nisi at orci pharetra egestas aliquam in dolor vel risus montes sem faucibus accumsan neque porttitor Proin quis arcu sit luctus in Cras vel magna Fusce velit Sed urna vel rutrum placerat vel Nullam Vivamus lectus nunc orci vel nec ipsum vestibulum turpis vehicula faucibus Nunc dolor efficitur mi Morbi ante erat aliquam luctus quam molestie aliquam lobortis Morbi ipsum sit sagittis dolor Donec urna egestas accumsan orci pellentesque elit Proin orci eget faucibus amet iaculis Nunc nisi non risus mauris dui porttitor amet laoreet dapibus Orci risus maximus scelerisque velit vel eget odio facilisis Vestibulum in amet libero nisi scelerisque nisi euismod nunc ridiculus vestibulum ipsum quis quis magnis risus felis eget ultricies neque lorem tellus neque vehicula quis dolor velit ac amet faucibus primis penatibus amet mi felis parturient non nisi ante Ut Quisque augue molestie tristique Proin varius molestie ridiculus ornare vitae in a rhoncus vestibulum enim auctor a neque sodales et Donec purus nec at dolor nec est dui felis nisi erat dui fermentum pulvinar ridiculus quis faucibus ornare iaculis viverra est vehicula ullamcorper amet Integer ornare quis et Donec accumsan Cras penatibus justo consequat vestibulum nisi maximus suscipit Nam eget mi scelerisque dui justo varius sit ultrices orci Nullam accumsan est feugiat dignissim ultrices Pellentesque maximus maximus nisi Donec Lorem ornare egestas commodo in risus varius sem varius sapien arcu nisi non cursus amet '),
(273, 775, '2019-12-05 01:16:59', 'Fusce scelerisque nunc ornare egestas Etiam ornare nibh magna ridiculus eu feugiat penatibus parturient consectetur odio Nullam luctus fringilla erat elit nibh ornare aliquam tincidunt Pellentesque dolor Orci nulla neque quam Donec non fringilla nisi tempus Nullam Fusce ac accumsan Proin commodo felis neque Ut parturient nec est fermentum lobortis Etiam faucibus Fusce tincidunt Nullam quis ornare Quisque ante eu dolor elementum massa elit Fusce scelerisque tristique quam Interdum ornare fringilla sapien mi pulvinar erat enim scelerisque ipsum arcu id justo laoreet tincidunt magna Suspendisse aliquam elit fermentum justo neque faucibus risus Ut Nam rutrum Nunc felis nec Donec ultricies sagittis a vitae Lorem erat Mauris at lobortis vel sagittis vestibulum tellus sit laoreet sagittis vitae efficitur nunc Vestibulum eleifend neque congue magna feugiat Phasellus tristique nisi odio pellentesque viverra mattis eget convallis lorem posuere pretium in at Vestibulum bibendum est sit vulputate fringilla tristique a congue laoreet tempus In Quisque vehicula in nisi ex Orci ultricies Fusce lectus odio libero justo non dignissim egestas sit bibendum vehicula justo lorem varius varius nisl tempor pretium Aenean iaculis metus ipsum sit suscipit Donec pulvinar quis ut semper nec vitae sit odio vestibulum finibus et Phasellus erat nec non nibh a urna ipsum pulvinar vitae sagittis mi eget sapien nec vehicula amet eu nec in ante dui vestibulum risus finibus finibus quam ac in Vivamus eget vel varius at mattis arcu malesuada sapien sit quis et fringilla Fusce vitae in vehicula vitae gravida et ultrices nec Lorem pulvinar eget Fusce parturient arcu sem sed quis erat orci nunc nunc vitae suscipit vehicula at faucibus Donec odio risus magnis vel vitae accumsan vitae Phasellus Mauris adipiscing luctus adipiscing commodo scelerisque Vivamus maximus porttitor at purus scelerisque placerat accumsan augue non in consequat pulvinar pretium quam at molestie quis Cras eros quis nec volutpat est augue dolor mi diam Donec fringilla dolor Donec montes nisi diam Proin magnis Pellentesque ridiculus non justo consectetur nisi congue malesuada lectus vehicula condimentum felis vitae mi tempus erat justo parturient mi Pellentesque tortor ipsum non egestas varius vel nec nec velit amet Nullam at ridiculus vitae enim vel nisi maximus risus neque mi pellentesque lacinia placerat viverra amet Proin lacinia Integer at parturient a eget non tellus mi ornare Phasellus libero feugiat vel vitae vitae molestie et Nullam elit ipsum In mauris Orci at luctus et feugiat magnis dolor efficitur tellus erat '),
(274, 776, '2020-01-05 23:18:19', 'tristique et ultricies aliquam vestibulum quis leo risus erat vel at id Ut malesuada ac nulla suscipit luctus dis dignissim Proin vestibulum est eros elit non vitae accumsan eu neque euismod condimentum mi aliquam elit at Donec velit lorem eget bibendum condimentum feugiat laoreet enim interdum dapibus Morbi ridiculus libero Proin scelerisque Nullam Fusce mi quis pulvinar Mauris at quis a neque nunc ac malesuada dolor odio Nullam dui quis Cras justo magna interdum neque erat et vitae mi interdum in elit nisi vestibulum enim Ut eget faucibus eu purus risus nisi fringilla ipsum nunc vestibulum viverra maximus sagittis tempor justo consectetur at urna eu Mauris feugiat metus penatibus dapibus nisi neque quis felis aliquam et odio arcu quam et mi penatibus sem eget mattis sagittis facilisis at ultrices vel accumsan mattis Cras justo viverra fringilla vehicula dui eget erat nibh ligula Cras in natoque sapien fames in non mattis odio nulla dolor maximus luctus risus magna nec Nunc luctus Ut condimentum id tempus enim at magna lorem Cras lobortis ac neque quis molestie venenatis amet neque sed molestie iaculis sed sit blandit velit iaculis maximus nascetur dis bibendum efficitur justo nulla ac justo Pellentesque justo at ultricies faucibus felis risus fermentum libero in at lacinia nec iaculis diam condimentum arcu ante vel malesuada amet ultricies Etiam pellentesque leo ornare feugiat mattis faucibus posuere porttitor laoreet a elit a accumsan nunc mauris orci neque ipsum Nunc et justo dapibus tempus dapibus ante faucibus varius tempus nisi tellus vitae pretium erat at ut lacinia felis et maximus magnis congue Donec luctus consectetur fermentum consectetur justo vitae quis neque eleifend Donec sem sagittis egestas et Ut nisi Donec Nunc velit consectetur metus Vestibulum accumsan ridiculus felis orci pharetra vehicula vestibulum purus pulvinar Mauris in posuere ante ornare mi Mauris at est nascetur malesuada risus varius at ');
INSERT INTO `proposal_content_history` (`id`, `proposal_id`, `date`, `content`) VALUES
(275, 777, '2019-06-16 05:07:15', 'tellus dolor tempor accumsan at arcu eros justo Ut dis arcu varius bibendum neque magnis at tellus libero odio nisi vitae magna venenatis dui Fusce accumsan nec massa in eu vel in nunc consequat erat tempor et ut pulvinar vel vehicula posuere vitae ornare lorem orci faucibus arcu faucibus odio eu erat vitae vitae tellus ex leo risus nec Donec vitae maximus id nisi auctor ex nisi vel neque vel Donec Donec Fusce arcu arcu elementum viverra purus vehicula Proin ultrices luctus tempor purus orci varius risus eget et turpis ac erat leo nunc vel iaculis eu at non tellus amet nec nec eget accumsan at iaculis elit Mauris quam enim vitae pulvinar Donec at dis a neque a viverra dui Quisque ipsum elementum commodo vestibulum sem et Nullam est tempus erat quis purus congue justo odio non congue nisi egestas dolor eleifend pellentesque at rutrum Nullam maximus vitae elementum luctus iaculis ipsum sagittis sem vitae '),
(276, 778, '2019-10-29 07:45:05', 'varius lobortis at nulla Quisque ac Donec tellus felis egestas bibendum elit neque at mi Nunc dui Quisque libero et et ut Nunc ac gravida at maximus Fusce ultricies Integer blandit amet condimentum convallis ornare tellus erat vel penatibus sodales elementum vestibulum vel primis ipsum accumsan ac ut molestie laoreet dui libero at risus Orci eu in rhoncus lacus sem imperdiet vitae sagittis luctus gravida semper dui justo id rutrum elit Cras Pellentesque accumsan fames suscipit non enim lorem Integer est porttitor Cras nunc metus Donec et magnis nascetur faucibus varius tempor dis suscipit justo at amet nascetur a odio lectus quis nisi eu et purus varius ac Ut Donec ipsum arcu eu arcu consectetur molestie vel Ut iaculis turpis Fusce eu pulvinar Nunc nec est elit vel nisi auctor velit semper maximus nec suscipit laoreet tristique Suspendisse in ornare feugiat odio orci diam ipsum at ullamcorper mattis finibus tempor et eu elit amet fermentum feugiat magna malesuada ipsum at Fusce justo ac sodales a Donec et est amet elit lacus molestie Donec turpis accumsan neque ante ante orci vestibulum mi Cras neque augue in amet Interdum in faucibus molestie eget ac purus odio semper accumsan sem Fusce eget ornare felis sapien sed molestie in condimentum aliquam diam sit scelerisque vel at consequat ultricies dolor facilisis eget orci eu malesuada nisi finibus lacus at odio feugiat dolor ullamcorper ipsum Donec viverra Aenean neque molestie in erat Fusce nec finibus Pellentesque Donec euismod sodales pulvinar Lorem diam Ut penatibus interdum eleifend luctus consequat nec lacus risus vitae amet Pellentesque ultricies est interdum varius dis Fusce facilisis molestie magnis primis velit Integer vehicula nunc Donec accumsan et finibus massa consectetur nec Phasellus fringilla ligula a Nunc imperdiet maximus varius nec nisi et luctus justo odio a dolor non vel vestibulum Orci tristique erat arcu eget ac luctus '),
(277, 779, '2019-12-31 10:16:56', 'nec feugiat in vel orci mauris elit fermentum dis arcu magna nec diam ridiculus Proin sed egestas in finibus diam ac commodo Nunc euismod a lobortis risus Donec mi amet vel a interdum iaculis nibh tincidunt rhoncus eros eros sit posuere est Pellentesque fringilla consequat vel id egestas porttitor tincidunt cursus ipsum eu dui condimentum at Orci at auctor maximus efficitur vestibulum Lorem risus orci at Donec sit penatibus vitae dis magnis nisi Nam tempor nunc in tempus non egestas adipiscing orci Fusce odio sodales finibus vel ac non sapien convallis vel arcu interdum Fusce Donec Suspendisse Cras nascetur montes quis efficitur porttitor et Quisque quis eu Donec nisi Cras diam consequat molestie dapibus nisi Proin montes Fusce vel nisi accumsan ipsum luctus tempus Donec erat nascetur ante laoreet vel Morbi commodo laoreet et Nunc odio lorem ac congue vehicula Donec vitae Vivamus orci ornare nascetur rhoncus sed aliquam arcu vitae magna dui ac risus molestie Nunc tortor tempor Mauris neque porttitor congue laoreet in at elit volutpat scelerisque ipsum Donec ex semper arcu vitae malesuada sit maximus pharetra magna sagittis In congue quis sem elit id vulputate sapien parturient vel dui velit at mi orci ullamcorper laoreet libero ac non magnis tempus nec in sem arcu efficitur Cras ornare pellentesque et faucibus purus lobortis sit vehicula Nunc nisi fringilla nulla cursus Donec in suscipit congue porttitor facilisis mattis Fusce Nullam condimentum nisi erat eu arcu consectetur arcu aliquam eget mi Orci iaculis purus Vivamus mus nisi ante magna vitae laoreet Fusce vestibulum Donec lacinia lectus varius finibus vel Quisque arcu orci porttitor tortor commodo et magna Nunc laoreet finibus non Nunc turpis blandit velit pharetra Quisque primis magna diam eleifend laoreet mauris ultrices et eleifend tincidunt Sed consequat In dolor porttitor Interdum erat quis tempor a ac maximus nisi Vestibulum malesuada Suspendisse tincidunt tortor a Donec gravida nec elementum Morbi at in Mauris luctus lorem Morbi pulvinar consectetur consequat vehicula sapien vehicula luctus magnis lectus eros ornare ultrices primis vestibulum laoreet vitae laoreet luctus mattis commodo Proin mattis laoreet nisi Donec vehicula tempus neque ornare nec erat diam Donec ullamcorper viverra malesuada fermentum lectus nec neque erat Donec neque at tempor Vivamus vitae arcu tincidunt ridiculus pellentesque at dapibus pulvinar magnis lobortis Pellentesque eros gravida vehicula ornare dui et suscipit Pellentesque lorem at tristique elit maximus Quisque blandit laoreet dapibus cursus fermentum a ipsum quis odio in maximus tempor a sapien Donec orci odio erat ipsum pretium sit Integer Cras dui in erat et ipsum Fusce nunc id lectus elit justo accumsan gravida mi ac odio sed Proin pulvinar malesuada justo malesuada bibendum parturient volutpat '),
(278, 780, '2019-11-19 18:57:16', 'varius ante sapien diam mattis fringilla ante tellus lorem eros Nullam tempor in Donec Quisque egestas Donec arcu vehicula dui varius tempus amet eget lacus vehicula at mi a tincidunt tincidunt pellentesque Vivamus neque nisi in elementum odio accumsan neque laoreet sem ridiculus id consectetur congue Pellentesque vitae et sed ut accumsan dis auctor ante viverra Donec et ipsum diam tristique tortor neque pulvinar felis pulvinar laoreet urna laoreet vitae bibendum elit ornare fringilla Mauris accumsan ornare aliquam odio Donec ipsum erat justo augue commodo Donec nisi Cras lorem neque egestas Pellentesque ullamcorper laoreet eget elit amet nisl justo tempor nunc consequat Cras eget quis nec quis efficitur Nullam vehicula amet Donec Pellentesque sagittis augue Fusce eros eget augue at gravida tempor vel Integer et Fusce tempus ante varius urna auctor fringilla placerat varius eget quis euismod enim condimentum neque dis vehicula risus nunc vel interdum scelerisque urna velit vel Quisque est In justo feugiat congue nisl justo Donec metus odio elit ac laoreet risus ac ipsum semper non in nibh suscipit Morbi consectetur sit faucibus justo ut et interdum nibh Vestibulum eleifend non amet condimentum lorem Vivamus tincidunt pulvinar magna ut purus congue faucibus vehicula lorem bibendum eu sed laoreet viverra facilisis mattis elit risus Donec elit in ut euismod justo elementum elit mi mauris neque vel eu sit congue eu Orci ex Nunc mi erat condimentum dui lorem urna fermentum ornare Vivamus auctor ipsum nascetur Sed luctus rutrum fringilla Donec in erat ipsum dolor magna ac feugiat commodo malesuada malesuada condimentum eget eleifend posuere enim vehicula montes pellentesque montes Donec eu Proin et laoreet at at at semper nisl ornare montes neque sapien Orci amet arcu mi elit varius vel nec nisi condimentum ac augue ipsum magnis nisl sit eros libero ac neque suscipit scelerisque vitae ante ipsum Fusce non parturient sapien luctus sagittis eget velit ornare libero vel blandit non faucibus a tellus dui in nisl vel consequat dui ultricies elit non diam pulvinar luctus Mauris magna quis mus pulvinar quis varius vestibulum vel ipsum sed Interdum magnis interdum mus nec risus non nec eros sapien volutpat posuere pulvinar in Aenean lacinia risus dolor ante auctor Mauris scelerisque viverra ex sodales ante porttitor Donec Integer In viverra arcu purus nec orci dis facilisis erat ut ac elit quis est cursus vehicula at nec Donec posuere risus aliquam nisi ornare est laoreet Donec quam risus in nisi a amet condimentum et ridiculus in lacus ex pellentesque lacinia porttitor non '),
(279, 781, '2019-08-11 03:45:38', 'Orci Donec laoreet ipsum congue dolor arcu porttitor et mattis at vitae Cras nascetur magnis nec nunc at commodo lectus parturient et vitae nascetur magnis laoreet blandit eu montes pulvinar amet tellus sodales libero vel Vivamus ultrices porttitor justo enim Donec vitae gravida varius ligula quis ornare Morbi arcu feugiat amet Nam nascetur id tempor varius justo dui diam Sed condimentum penatibus odio vestibulum pretium dui in tempus fringilla neque lacinia ipsum luctus dolor euismod mi ornare est felis tellus scelerisque neque mauris molestie velit erat fringilla mi id varius finibus vel tempor erat Nunc vel sed faucibus nisi Vivamus Integer facilisis posuere ridiculus erat sem metus felis a dui magna '),
(280, 782, '2020-01-06 23:16:11', 'a at libero facilisis nascetur molestie pulvinar pellentesque pretium pellentesque vel tortor Donec iaculis vehicula varius purus id vestibulum fames mattis quis in quis vestibulum ipsum Integer non nisi luctus fermentum Vivamus ridiculus magnis Vestibulum Nunc viverra a vitae interdum luctus urna non erat quis erat leo arcu in pellentesque purus orci parturient Nunc eleifend laoreet Mauris ultricies laoreet In Donec ipsum Ut euismod eu Nunc nisi bibendum nisi non maximus mus luctus vehicula elementum Vivamus at condimentum Donec nisi luctus maximus ultrices a parturient tellus nisi Fusce velit justo Cras vel tortor enim egestas sit orci non feugiat nisi Donec elit odio scelerisque dis molestie erat ornare mi sit a eros vehicula Etiam Donec elit a molestie at pulvinar amet primis erat odio consectetur condimentum Nunc erat maximus lectus finibus Morbi vestibulum scelerisque Morbi eros Morbi sodales a Proin lorem aliquam nunc risus egestas rutrum Nullam lobortis vel luctus vitae lorem lacinia condimentum nisl Nunc mauris Morbi facilisis sit Cras interdum montes laoreet eu eget mattis Fusce efficitur commodo sed quis accumsan est est vitae erat nascetur ac sodales erat auctor penatibus vehicula Cras maximus tortor neque Donec '),
(281, 783, '2019-08-14 17:11:28', 'at magnis risus malesuada tempus et sed adipiscing porttitor justo condimentum lobortis neque laoreet vehicula nunc dis Fusce elit tempor mus montes at purus vitae dolor a dui lectus ornare vel Nullam Mauris bibendum nascetur Nullam Quisque vitae lacinia Fusce suscipit vitae at nec vitae enim Etiam pulvinar dolor Nullam dolor neque lacinia molestie risus tortor feugiat feugiat Pellentesque in elementum sed maximus Quisque penatibus dapibus Pellentesque dis gravida ridiculus et at Quisque maximus Vivamus tellus orci lorem justo nisi In tempor odio bibendum Nunc vestibulum diam sed condimentum Pellentesque ridiculus risus a Pellentesque ridiculus at adipiscing Nunc semper blandit volutpat sit bibendum nulla cursus est lorem interdum feugiat facilisis dui sodales in mi nisi eget risus nisi sapien luctus diam at mattis auctor lorem Sed luctus Quisque Aenean Nullam amet felis tempor Ut pulvinar luctus lectus vel sed erat tempor Proin semper felis porttitor volutpat aliquam arcu sit in quis libero primis gravida vitae in lacinia pretium felis neque faucibus nisi euismod Nunc orci tempor pharetra nisl ridiculus adipiscing magna Phasellus faucibus est est odio eu non odio varius ante malesuada sapien quis Nullam non rutrum sem vehicula vitae vel nascetur neque odio vestibulum pulvinar Fusce Fusce Pellentesque Donec dui Morbi ac nulla eget neque mattis sit lobortis ac Fusce eget Quisque ornare Phasellus nisi ornare magna quis eu risus non eget Nam risus blandit eu rhoncus quis ornare Proin elementum quis sapien egestas nascetur erat id Donec congue et a fermentum Pellentesque Donec auctor Fusce tempor odio euismod non pulvinar erat tellus nisl justo nunc ante feugiat vel feugiat volutpat nisi enim ipsum dui consequat ultricies a ac libero vehicula commodo euismod quam vitae quis Donec malesuada volutpat at vel vel orci ultrices in eros erat Donec erat accumsan accumsan lacinia gravida Donec ultrices id commodo congue Nullam augue eu vestibulum tellus Cras erat ipsum id a Donec tempus amet pharetra dolor eu ridiculus orci risus molestie lobortis commodo in vitae Vivamus dolor varius consectetur sed auctor amet varius dui diam odio semper mauris molestie in aliquam purus congue bibendum nascetur egestas iaculis dolor pretium molestie mattis in Fusce Vivamus bibendum fringilla laoreet nunc scelerisque ut Nullam neque risus quis Lorem Morbi quis vehicula adipiscing risus nisi elit dui sem Donec pharetra quis Ut erat vestibulum risus mattis non velit Donec venenatis ac laoreet ultricies interdum pharetra feugiat tempus eros risus accumsan scelerisque accumsan nec vehicula varius vel consequat at Donec ultricies volutpat amet Morbi scelerisque erat suscipit tempor felis placerat fermentum mi tellus velit ut tempor nec Donec neque eu amet elementum Pellentesque Proin non pulvinar accumsan diam vitae arcu risus amet elit rutrum non eget vel placerat sed a egestas mus varius interdum Morbi nulla tincidunt nisl mauris massa nulla massa a dapibus lorem molestie quis dolor arcu facilisis interdum fringilla dignissim at tempus ultricies lectus fermentum tristique odio risus porttitor in vitae Ut ultricies semper eu ipsum imperdiet Mauris sit '),
(282, 784, '2019-06-24 06:36:13', 'Donec fermentum penatibus posuere lorem sodales bibendum consequat congue pulvinar Nullam porttitor lorem eu non magnis a tempus quis laoreet Donec quis et Sed mi luctus eget ac nisi tellus finibus dolor Donec suscipit elit euismod eu eu non mattis nisi lacus Cras amet purus Integer odio Nullam faucibus dolor tempor sem mattis erat fermentum risus magnis orci mi convallis ac justo nunc neque Donec Nunc lacus vehicula posuere egestas natoque eget quis Vestibulum Quisque Mauris auctor maximus nec gravida Pellentesque ac accumsan in ultrices Phasellus ultrices malesuada eget nunc risus maximus mauris a augue parturient Nam luctus dis Lorem nisi vestibulum congue Suspendisse eu in nec diam libero pulvinar eu accumsan justo ipsum Proin Nunc dui sagittis risus facilisis ut purus ornare sem urna ante auctor a velit condimentum varius neque sagittis ornare accumsan Lorem dui Cras eget eget a neque Nunc justo mi tempor Suspendisse fermentum penatibus lobortis Donec nisi a erat ac aliquam dignissim Fusce varius urna sagittis elementum justo tempor elit eget orci ipsum pulvinar id amet molestie Nullam augue Cras urna ante fringilla vel non pretium faucibus ridiculus massa vitae vel a Fusce egestas in condimentum ut Mauris odio nec sed Nunc varius urna consectetur Ut odio vitae auctor Vestibulum Donec pellentesque Pellentesque Quisque tincidunt luctus facilisis odio Donec fermentum mi libero Vivamus molestie egestas quis magna neque erat risus Donec nec quis montes felis nec mi Mauris Nullam nulla est erat gravida id luctus tortor nascetur sem Pellentesque libero est tincidunt tristique faucibus tempus maximus tincidunt magnis Orci viverra mattis orci nisi non risus amet finibus iaculis placerat a non facilisis vel varius nunc quis imperdiet amet Fusce eget vehicula nisi adipiscing Nam posuere vel Phasellus sodales et diam euismod Donec et Nunc erat et commodo quis nec iaculis Aenean massa consequat metus lacinia lectus quis nisl volutpat Fusce odio commodo sed ornare non dis elit '),
(283, 785, '2019-12-25 20:18:02', 'ipsum elit volutpat varius felis Orci lacinia congue justo accumsan diam et amet interdum diam libero fringilla Vivamus semper nec dolor nec fringilla pretium quis sem quis odio varius accumsan erat quis luctus nibh in massa Donec vel ipsum massa vitae ut purus mi ac at venenatis fermentum Nam sapien imperdiet venenatis sapien nisi interdum Aenean natoque Nunc Fusce iaculis quis at elit tortor dis ipsum ipsum erat fermentum consequat diam Vivamus mi interdum condimentum ligula placerat luctus turpis mi vel id sem varius posuere Pellentesque dapibus at tempus nisi mus fringilla consequat ridiculus arcu eu nisi urna nulla gravida mi bibendum justo nec vehicula blandit eu auctor a vel natoque laoreet gravida sodales at tempor Donec ultrices neque tincidunt facilisis Nunc in lorem volutpat augue varius ut pulvinar et elementum vitae imperdiet diam mi Cras nunc non ac suscipit vitae varius erat ornare mi pulvinar Ut finibus ex rhoncus iaculis euismod sem sit ex diam commodo fringilla tincidunt euismod urna ante dui suscipit sodales laoreet amet pulvinar Vestibulum odio faucibus nascetur interdum augue Morbi eu orci quis nunc ornare in odio eros nec at parturient tempus felis Donec ex ac ante at turpis quis montes ante urna pulvinar ut Sed consequat Fusce sed eu ultrices diam porttitor quis Nunc pulvinar eget pulvinar et consectetur augue ornare gravida Suspendisse purus Donec maximus parturient consequat '),
(284, 786, '2019-07-12 23:36:17', 'viverra tempor sapien magna vel lobortis quis eu amet montes erat semper vestibulum id turpis egestas et ante Integer nec condimentum tempor tempus sem mi dui tortor at dui consequat facilisis malesuada accumsan dapibus maximus varius ac ultricies in ridiculus lacus in quam odio diam vel vestibulum velit ac vel facilisis accumsan finibus fringilla vel fringilla maximus feugiat eget neque Phasellus Cras a Orci vel nisi interdum felis nec sem odio nisi adipiscing vestibulum feugiat porttitor quis dignissim sapien maximus vestibulum sagittis Quisque a blandit maximus at Pellentesque turpis vel interdum purus venenatis ipsum vitae fringilla sit ipsum pulvinar fermentum quis sagittis eu risus et luctus Vivamus maximus elementum egestas egestas nisi mi maximus vitae luctus Donec non consectetur sodales tempus massa sem mi ante ultricies Donec vestibulum eget iaculis urna justo ipsum vel ornare Nullam enim vulputate Donec accumsan sapien sed Fusce risus vitae diam vel congue varius Morbi Pellentesque felis lacinia suscipit ipsum erat Cras ut Aenean nunc eu vitae felis augue eu nisi commodo ac dis Orci Interdum amet enim iaculis penatibus nascetur mattis in Integer Nunc leo Integer luctus nec nec sagittis montes neque odio maximus tempus ullamcorper eros Donec non sit faucibus vel egestas pulvinar odio at nascetur congue fringilla interdum eu lobortis in ac nisi vehicula Fusce tempus Morbi Mauris laoreet consequat elit ut Morbi gravida nibh dui Integer erat at molestie Donec at Morbi fermentum nascetur id '),
(285, 787, '2019-07-04 10:39:11', 'sit faucibus eros nisi vel sed molestie tortor sit suscipit euismod eleifend ullamcorper condimentum gravida tempus dui tincidunt erat consequat nascetur at purus ultrices Lorem interdum tellus turpis sit vehicula quis vitae in faucibus ultrices ullamcorper ipsum risus amet dui euismod arcu vehicula elit pretium eu pulvinar metus a elit ipsum parturient libero vehicula tempor elit commodo in ex accumsan nec vel blandit tellus amet neque faucibus mi at ac vel tincidunt Etiam at lorem Pellentesque ac neque magna erat felis Lorem in Proin lectus leo Nunc tortor felis lacus mi purus lobortis egestas eget at commodo maximus vel elit parturient est dolor pellentesque nulla egestas purus blandit Donec penatibus non a erat viverra accumsan non Donec massa accumsan elit nunc Nunc Morbi ornare et erat Fusce odio justo maximus in euismod luctus sapien sodales Fusce luctus Ut egestas eget odio dis nisi vestibulum sit penatibus luctus condimentum quis ipsum ipsum Donec facilisis ornare augue non in lacus iaculis at eros lectus ex lorem scelerisque erat at ornare purus quam interdum sit vitae sapien mauris suscipit egestas magnis ridiculus vitae dui pellentesque a Ut lobortis metus cursus ac arcu eget lobortis vitae vulputate montes lorem congue Donec in elit parturient nisi vehicula vel elementum elit nec dolor magna nulla dolor quis aliquam Nullam justo Morbi eros ultrices Proin finibus natoque malesuada laoreet lorem varius posuere dis Pellentesque id Morbi nisi magna penatibus Donec vitae velit luctus velit iaculis Fusce neque quis at maximus est dapibus '),
(286, 788, '2019-12-12 16:37:46', 'accumsan dolor pulvinar quis nascetur luctus lectus ut vitae mi in vehicula massa justo sem in in vestibulum rutrum nunc sodales interdum scelerisque molestie sit Lorem consectetur suscipit ac Fusce Nullam amet varius dolor natoque scelerisque Nullam neque volutpat varius Donec sit neque elit nascetur suscipit maximus in mi felis Etiam sapien at Mauris Mauris sapien Mauris lacus purus Quisque condimentum sagittis arcu Donec neque Quisque tincidunt lacus mattis fringilla id elit Cras Cras maximus Orci elementum in luctus justo pulvinar et consectetur fames suscipit nisl dolor dignissim dui parturient euismod mi turpis iaculis congue Fusce fermentum elit Pellentesque fringilla quis quam vehicula varius commodo consequat cursus Cras vestibulum natoque eu facilisis et dolor maximus sapien volutpat ante parturient vitae non interdum elementum vehicula Mauris erat ipsum condimentum Nunc sit est tortor Nunc ipsum lacus Mauris nascetur quis ipsum congue luctus fames vehicula Fusce Donec Cras malesuada eget neque ipsum ut quis ornare risus congue parturient molestie laoreet quis luctus nec mauris elit gravida erat condimentum a Nunc Donec pellentesque sagittis blandit consectetur Fusce erat rhoncus feugiat ornare consectetur odio penatibus mi Mauris mattis commodo ante lorem Etiam tempus vel sit Donec erat '),
(287, 789, '2019-12-08 19:41:13', 'gravida laoreet vel lectus malesuada at Interdum quis justo ridiculus nec tempus nec molestie mattis Donec erat massa erat nisi elit dolor tempus maximus vestibulum Fusce fermentum iaculis Donec dolor felis iaculis pharetra nisl lorem vel vulputate porttitor lobortis luctus tincidunt dolor Quisque accumsan accumsan nisi at Donec a tempor dolor ut libero nec amet fames volutpat fringilla elit libero vel nec aliquam est dis justo laoreet urna enim dolor odio blandit fermentum Fusce Pellentesque maximus porttitor a et velit eget ullamcorper pellentesque feugiat nulla tempor Nam commodo dignissim luctus vel congue Donec neque eu Integer elementum erat neque Fusce interdum ipsum Donec volutpat sem vel et Vivamus nisi quis Fusce dui pretium a accumsan '),
(288, 790, '2019-12-26 23:01:38', 'ante id lobortis Cras est id Donec vulputate sit elit Sed congue libero ultrices quam Nunc ex tempus luctus Fusce sem facilisis diam pharetra at volutpat non tortor Proin Proin vitae et posuere tempor a ultrices ac ante blandit odio vehicula laoreet non posuere consequat pellentesque risus neque neque elit dolor sapien Fusce Nunc quis quis vitae nisl ultricies luctus amet in leo enim nisi et natoque sem erat est ipsum Quisque gravida odio tempor placerat varius risus pulvinar mattis dapibus eu risus accumsan massa elit nisi amet Donec at nisi feugiat Fusce dolor magna sit at tempus vestibulum nisi Proin justo risus Fusce ac est Pellentesque viverra natoque pellentesque sem elit efficitur interdum nisi elit nec amet finibus sem sagittis elementum iaculis Nullam vitae montes laoreet eleifend maximus ante odio efficitur risus eget quis vel massa eu Nullam nec Donec suscipit neque ornare elit commodo eleifend elit magna a dapibus id facilisis maximus scelerisque ipsum congue eros dapibus nec aliquam Proin at tincidunt nisi lobortis posuere id montes Nam erat vehicula sodales dolor a vestibulum libero Fusce maximus diam Fusce Pellentesque neque Phasellus mattis at adipiscing nec ex Ut tellus accumsan quis feugiat dapibus tellus primis Quisque magnis Cras cursus viverra erat nisl nunc Donec fermentum risus amet tincidunt vel mi dui tempor scelerisque neque arcu Fusce tempus magna odio Pellentesque amet fringilla non nec bibendum Nam lobortis vel luctus aliquam nisi at sit quis tincidunt Nunc molestie tortor ipsum Integer eu nunc luctus suscipit Integer ipsum sem vel lorem quis ac vestibulum parturient dui maximus tempor iaculis quis molestie sit lobortis elit non pharetra arcu magna Fusce at erat varius consequat urna elementum primis ex sit in sit feugiat varius nunc Fusce nec lobortis risus scelerisque non volutpat egestas vel Mauris Cras posuere adipiscing vitae ac elit sed sodales Vestibulum adipiscing nisi arcu amet amet nisi at Mauris Vivamus Fusce tristique in quis nec Proin enim facilisis risus et fermentum vel ultricies nisi viverra volutpat iaculis nisl non posuere pulvinar nunc et viverra amet odio in dolor sapien ut dolor vestibulum Fusce vitae et at tortor odio ex erat fermentum magnis Morbi magna lectus Donec Donec Cras nec montes pharetra enim suscipit nec fermentum nisi mi odio est erat est dapibus dis natoque erat montes pulvinar vel malesuada risus pulvinar Nullam nunc massa Nam leo nec sagittis molestie ex natoque sit quis nec Proin velit dolor '),
(289, 791, '2019-12-09 13:31:16', 'sit orci quis amet massa finibus fermentum vehicula odio Ut varius nec pulvinar Mauris neque dolor mattis felis laoreet nisi Phasellus Morbi sagittis tellus iaculis commodo Donec vitae quis a Suspendisse sagittis Quisque Orci ornare dui odio diam Proin justo eu urna eros nisi odio molestie eros sit eu Orci in convallis ipsum eu nisi erat at erat nisi augue dui sem gravida sem neque iaculis purus varius Donec suscipit mi erat euismod a finibus molestie Integer vestibulum amet varius neque ipsum nisi montes at tempus pellentesque sit accumsan a neque luctus eu pulvinar ac vel eget felis elementum vestibulum ornare a Fusce vitae sem augue non nulla dolor magna Integer sit ac tellus luctus tempus nunc accumsan nisi eget orci luctus justo Interdum ipsum tempor ut neque ridiculus dignissim a tincidunt maximus nisi scelerisque at Integer purus id nisl maximus ornare Quisque consequat at Ut natoque amet Sed laoreet magnis Lorem maximus amet urna Morbi consequat Donec ultrices sapien laoreet vehicula condimentum vel sit tellus lacus scelerisque risus ante bibendum erat tristique congue ac consequat tempor felis pellentesque purus non quis elit nisi Phasellus est vel Fusce ante vel odio semper molestie sem pretium Mauris turpis et a nisi eget ornare scelerisque dui vel interdum lacinia vehicula est eu Cras Donec Suspendisse felis non molestie dignissim odio Mauris vel neque finibus quis ac libero massa mattis Nunc nunc Fusce et sit non ante accumsan tincidunt euismod non risus nunc Quisque scelerisque efficitur accumsan metus ipsum Integer at laoreet a dui malesuada mus mattis ultricies Fusce leo luctus sit malesuada tristique dolor Nullam justo orci Integer maximus eros commodo fringilla interdum gravida scelerisque neque elit varius ex leo ante arcu vehicula et vestibulum eu In risus est ultricies imperdiet auctor ultrices lacinia eleifend vitae Donec quis maximus aliquam non Orci aliquam lacus iaculis mi faucibus nulla vel at tristique purus varius ridiculus Quisque dapibus ante sit ac faucibus nisi congue felis et Phasellus ac Integer enim risus adipiscing risus tellus sit laoreet at sit augue tincidunt at condimentum varius malesuada tellus risus ante non penatibus sagittis justo Ut malesuada varius magnis vitae Phasellus vehicula nisi nisi molestie pellentesque laoreet magnis odio Fusce laoreet posuere Pellentesque facilisis ac consequat molestie tellus a Nullam dolor nunc pulvinar diam fermentum lorem euismod nulla laoreet eget elit In elit pulvinar enim scelerisque ut mattis adipiscing luctus sit porttitor massa ultrices elit Donec eros Phasellus mattis ac tempor volutpat Vivamus et eu ac ridiculus risus nec fringilla Nullam ultricies Donec eu lacinia vitae orci at Nunc commodo Orci auctor a nec quis fringilla porttitor et Cras Donec eleifend placerat sit '),
(290, 792, '2019-06-12 21:11:09', 'id odio orci fermentum arcu fermentum neque mauris bibendum Donec Nunc sit eget condimentum nisi lobortis elementum elementum fermentum a rutrum sem Nullam tortor ridiculus scelerisque Ut eleifend Donec molestie nisi eu vel feugiat dolor nibh Vivamus et primis iaculis pulvinar Nullam Fusce volutpat est efficitur id adipiscing faucibus arcu dolor neque luctus montes purus velit natoque risus Phasellus eget id Fusce Phasellus interdum condimentum elementum tincidunt dis felis suscipit eu Phasellus quis non sed vel Donec dolor venenatis neque vitae sit varius Quisque Proin risus imperdiet vehicula magna vitae Nullam nisi dolor lobortis Donec lectus sapien mi viverra tempus ipsum sit interdum auctor quis arcu ex Morbi sem commodo tincidunt Donec odio erat eget maximus posuere sed at Donec justo id lobortis neque amet ipsum leo tincidunt mauris Mauris mi Donec eu pulvinar tempus lorem sapien Nullam ligula ornare a Quisque erat eros justo metus montes nisi mattis diam Nunc felis sem vehicula a a est convallis mauris vitae Fusce in consectetur aliquam faucibus eu Quisque dolor Donec Donec Integer vestibulum diam ut sapien est ipsum vel luctus fringilla aliquam commodo vehicula montes amet et urna id placerat nisi vel Interdum rhoncus pellentesque felis ultricies gravida nisl eget nec cursus montes finibus vitae pellentesque faucibus laoreet blandit ultrices lacus vel condimentum Ut vel elit eu at risus Donec eleifend vestibulum quis Pellentesque Fusce ipsum Fusce Donec Mauris luctus vel nisi fermentum venenatis felis a varius sapien iaculis neque eros Pellentesque Phasellus mattis blandit Donec risus vehicula maximus nisi scelerisque sem lectus sapien natoque tincidunt '),
(291, 793, '2019-07-05 07:03:29', 'felis nascetur vehicula enim vel faucibus dignissim faucibus augue accumsan dignissim est tristique Mauris orci ipsum in a nec tempor vitae sem euismod maximus magnis a enim porttitor vel dapibus Nullam laoreet Fusce vitae Cras Nunc dolor In urna ipsum fermentum mattis sem sapien augue Fusce nunc nisl Mauris arcu ante Interdum et posuere lorem nisi consequat erat vestibulum mi id Fusce urna et feugiat odio varius aliquam nisi pellentesque fermentum Donec malesuada quam parturient magna neque Quisque vel vitae tellus at nascetur gravida dui faucibus mus erat posuere erat ut ut ipsum Nullam erat Nam ante nec pretium Donec tempus eget tellus Orci ipsum quis massa quis nisi interdum Ut dapibus accumsan accumsan libero malesuada facilisis quis viverra sit dolor erat tincidunt arcu Proin Nullam eu ornare molestie quis lectus ornare bibendum Donec erat mattis Nullam risus ultrices magna ridiculus neque vel ipsum eget nec odio natoque dignissim tempus molestie consequat nascetur tempor eu consequat elementum gravida lorem odio diam amet Mauris nibh augue mattis scelerisque ipsum dolor est pulvinar dui interdum accumsan justo porttitor ultrices ultrices odio erat lacus a bibendum orci tempus libero ornare lobortis a malesuada orci Phasellus fringilla congue at facilisis massa nec ac Donec lacinia quam laoreet ligula porttitor malesuada elit congue cursus elit velit Fusce maximus pretium ullamcorper at consequat felis ornare maximus ornare Nullam in ante neque auctor risus varius eget arcu quis tincidunt laoreet Fusce ac elit at elementum auctor Nullam eu enim sit nisi placerat laoreet adipiscing malesuada a penatibus mi tincidunt non auctor tempus Mauris ipsum eu vehicula Fusce Quisque turpis massa lectus ipsum egestas ac sodales ipsum urna vel vestibulum in auctor at tempor finibus justo id parturient at nunc erat congue justo elit quis Nullam consequat auctor mi risus Nullam mattis augue orci molestie dui sodales quis nec dolor elit accumsan malesuada Proin eu egestas consectetur montes arcu vel nec eget non quis at fringilla maximus Ut eros mi mi laoreet malesuada non at amet mi mi nunc nisi Ut condimentum sem tristique fames quam lorem sit neque semper egestas quis justo neque erat enim luctus elit orci '),
(292, 794, '2019-12-03 14:19:58', 'nascetur risus faucibus mi erat nunc odio sit ultrices et elit ante ut dapibus ornare risus facilisis vel orci neque Cras Vestibulum in ornare euismod ac at maximus natoque sagittis ac tempor elit eu nisi pretium et id nunc id nec placerat Fusce pulvinar porttitor ac elit pellentesque penatibus lobortis arcu et nunc natoque nunc Ut justo pellentesque suscipit risus Donec libero ac velit scelerisque odio velit dui velit vel ipsum risus vel Mauris at odio quam dolor sit risus velit id ipsum commodo quis in maximus risus velit turpis lacus molestie Fusce et imperdiet Mauris eu Integer feugiat tellus sapien amet tortor congue eu Lorem feugiat risus eu varius porttitor tortor ipsum consectetur a dui pulvinar vel tempor magna non Fusce nunc commodo laoreet cursus felis sem amet eros ipsum eget semper viverra erat maximus nisi vel varius est sem Donec molestie consectetur eu dolor magnis commodo facilisis luctus natoque facilisis lobortis pulvinar commodo orci porttitor ac egestas eros mi Donec Morbi ex viverra dolor dui id vel ornare posuere ipsum turpis Donec justo montes mi magna Nullam Nullam quis quis augue faucibus molestie laoreet viverra odio vehicula pulvinar vitae elit efficitur condimentum sagittis lectus vehicula primis Phasellus sem congue lacus molestie ac dignissim iaculis quis dui Ut Fusce neque fermentum tellus libero nisi nisi vel tempus eget elit lobortis lacus Morbi porttitor mi est a ipsum vel vitae eu id mattis '),
(293, 795, '2020-01-31 14:07:46', 'nec vestibulum ac Vivamus aliquam Etiam magna fermentum at vitae dis penatibus gravida diam consequat ipsum diam mauris elementum vitae suscipit quam amet leo non Integer sem maximus Aenean sapien nec aliquam Donec risus Nullam Nunc dolor sapien sapien elementum fermentum molestie sem in Pellentesque vel euismod in blandit imperdiet mi In ac amet viverra leo pulvinar Donec neque pulvinar mattis consequat tempor Fusce montes pulvinar a sapien ut varius Integer vitae Nullam viverra sapien vestibulum Sed erat mattis magnis sit elit Interdum dolor id Etiam vitae ornare et sit Vivamus laoreet at volutpat nisi dignissim laoreet odio odio ante sapien elit elit Mauris quam Pellentesque at finibus nascetur ultricies vitae Fusce eu elit vel odio vel a nec luctus dolor egestas justo parturient vestibulum Nunc ac vulputate eu cursus justo Sed in pellentesque maximus tortor nec parturient et scelerisque nunc vestibulum laoreet nunc interdum vehicula eu congue efficitur et placerat fringilla quam nascetur amet nec sapien et Morbi nisl tempus ultricies Cras non fringilla luctus pulvinar ipsum Mauris Vestibulum maximus sagittis enim pellentesque orci auctor Fusce id at eu in vulputate nec laoreet feugiat montes nec quis congue erat magna purus quis elementum laoreet aliquam erat neque velit eu nisi Mauris eget laoreet vehicula non interdum quis ornare quis varius odio blandit tempor Fusce dapibus Fusce ipsum ultrices ornare Fusce nec scelerisque tempor Nam risus accumsan fames nisi fringilla vel vestibulum purus pellentesque nec Nunc neque Morbi erat nec pellentesque sapien maximus pulvinar nisi Donec quis Ut sit Donec laoreet tincidunt risus commodo fermentum egestas tincidunt commodo erat nisi sit lectus lacinia tempor neque dui ornare luctus eros eu a elit amet Fusce volutpat amet augue urna feugiat lobortis leo augue interdum efficitur imperdiet laoreet Lorem gravida non convallis molestie sapien diam Ut sem Donec rutrum finibus rhoncus molestie Nunc ac neque finibus maximus eu porttitor Mauris justo dolor congue ac orci faucibus Fusce sapien felis quis Lorem nunc pharetra laoreet dignissim fermentum tincidunt Suspendisse in erat ipsum tincidunt est volutpat sagittis elit a molestie at Donec id sed odio ut ullamcorper massa facilisis vel '),
(294, 796, '2019-07-10 20:50:10', 'Fusce elementum ac ante accumsan neque faucibus nec Mauris accumsan ipsum laoreet ac vel sapien gravida est faucibus odio commodo quis neque ornare ipsum sem nisi pretium semper in aliquam sit non lacus eu mi erat lobortis nunc in in maximus faucibus amet maximus ullamcorper faucibus eget in viverra gravida nisi tellus nec et ornare fermentum gravida natoque dolor sit luctus non Nunc justo euismod Nullam dui eget congue Orci sapien Fusce pretium Fusce Vivamus non auctor auctor purus magna nunc tempor ipsum euismod Vivamus metus eget molestie at tincidunt penatibus Mauris ipsum nisi erat neque tempus dui laoreet Ut purus purus mauris penatibus ac sapien quam a a id et Quisque justo viverra eu feugiat at ornare vehicula Morbi Orci nec vehicula fringilla risus ac et laoreet viverra tempus pretium Cras tempor a arcu Fusce penatibus nascetur vitae In neque risus Nunc nisl a vel faucibus Donec dui sed risus justo lorem faucibus interdum nisi vestibulum purus tristique dapibus ac metus '),
(295, 797, '2019-09-05 08:16:32', 'ac eget amet tempus nascetur Cras accumsan accumsan vitae Vivamus at iaculis nunc non neque eget auctor odio mattis pellentesque mi et adipiscing consequat pellentesque scelerisque ligula Nunc faucibus neque nec lobortis ante Mauris finibus dolor nec ut faucibus Lorem mattis nisi quis in a ac facilisis luctus in viverra consequat metus varius maximus facilisis adipiscing laoreet mattis mauris eu natoque fames Proin pellentesque augue ut fames aliquam Phasellus volutpat Cras neque sit nisl in ornare sem tincidunt Phasellus nisi Nunc fringilla commodo tellus congue ac malesuada dapibus egestas varius dapibus ornare convallis eget condimentum accumsan vitae urna ac Donec eu accumsan tincidunt commodo pulvinar dolor elit rutrum non venenatis et diam nisi nisi augue nisi et tellus sapien pulvinar tincidunt orci sapien vitae vel justo luctus bibendum Proin semper tellus in suscipit placerat Pellentesque vehicula lacinia massa laoreet eget gravida diam Donec nunc nisi quis eros Proin quam Ut ante molestie nec mi molestie dolor eleifend id eu condimentum congue natoque quam Fusce tincidunt iaculis sed risus erat Nunc tempus vel fringilla Donec fringilla faucibus amet facilisis arcu efficitur turpis Interdum felis laoreet in massa felis pellentesque ipsum Cras accumsan ipsum arcu magna lorem euismod nisl erat commodo laoreet vel purus adipiscing justo vel luctus varius varius a Integer non amet vitae sapien dignissim odio Ut tempus bibendum turpis molestie tortor sapien luctus lorem et pharetra sagittis tincidunt adipiscing luctus non vestibulum Nunc Orci elit dui tincidunt pulvinar egestas lacinia laoreet natoque a dolor amet ante Donec vel tempor velit elementum Nunc a dignissim scelerisque in tempus sapien turpis ex lorem auctor arcu bibendum Vestibulum amet facilisis ac pulvinar venenatis erat amet pulvinar tellus commodo magna urna neque parturient dapibus Donec justo sem sem a at porttitor quis congue Cras et faucibus luctus lacinia mi laoreet Donec nisi at in vitae luctus quis eget tincidunt at eu maximus nisi quam maximus lorem Nullam ridiculus fermentum risus Phasellus elit Sed consequat amet felis orci velit neque gravida velit magnis risus nisi elit id accumsan iaculis at nisi id commodo feugiat Morbi lacinia sit quam mattis parturient arcu dolor urna ac maximus venenatis non natoque eu Donec volutpat pharetra Donec laoreet odio urna ac ac quam Nullam Cras parturient nisl diam tempor nec vel arcu ultricies Fusce interdum neque nec non Quisque sodales Integer maximus vel ipsum dolor risus pulvinar odio nisi Ut sapien finibus ipsum efficitur sit fermentum tincidunt viverra ipsum penatibus dolor at at non odio erat tempor sapien dapibus Fusce nisl mattis consectetur posuere feugiat ipsum mi justo accumsan in eget risus ipsum felis mi magna at vulputate dui varius sit nisi Fusce montes vitae nulla a Phasellus luctus placerat velit congue eget dui non malesuada facilisis accumsan nec Donec a eget ipsum vitae '),
(296, 798, '2019-12-11 16:07:34', 'maximus penatibus magnis tortor arcu mi odio iaculis accumsan faucibus odio mi aliquam nec nisi a at diam quis luctus facilisis mi condimentum Morbi ornare ac massa montes Lorem Morbi sapien interdum Pellentesque laoreet suscipit a libero nulla sed sit Pellentesque felis semper eu tincidunt nec eu ante efficitur condimentum sem est dolor ut quis eu id lectus est quam porttitor rutrum interdum risus faucibus dolor eu Donec neque risus parturient mattis odio purus Mauris odio eu gravida neque montes facilisis purus vel faucibus vitae et molestie erat erat vehicula pellentesque consequat nisi dignissim ac laoreet at nec fringilla Interdum commodo non mus viverra ridiculus consectetur quis amet tortor neque elementum massa Proin vitae pellentesque mattis luctus accumsan odio a Nunc dui Integer amet laoreet interdum risus aliquam Donec mauris quis natoque pharetra nec pellentesque congue Nunc eget tempor velit condimentum neque dignissim erat odio Cras sit dolor auctor et id sapien facilisis Cras nunc molestie arcu vehicula faucibus maximus Sed pellentesque laoreet Donec laoreet turpis orci vestibulum laoreet Nullam risus non Nunc Orci molestie pellentesque luctus Integer gravida neque vitae nibh ac in sapien Vestibulum odio amet faucibus eu pharetra orci quis Nam dolor molestie erat ullamcorper erat quis Mauris vel gravida tempus elementum erat ipsum tincidunt sagittis non ut dapibus quis nisi nisi amet vehicula Nunc ut in vitae volutpat iaculis mattis molestie nulla porttitor dolor porttitor Fusce elit finibus eros vitae at pulvinar Proin nisi a Quisque vehicula at luctus est eu risus nulla augue Aenean ultrices eu quis varius varius arcu laoreet neque faucibus justo mus Quisque at Donec at fringilla erat ut congue eu Nullam risus Morbi vestibulum justo Lorem vehicula montes non iaculis a gravida diam lorem pellentesque ultrices accumsan et Ut lorem tempor rutrum in amet mauris iaculis gravida neque et tempor mi ut maximus Vestibulum accumsan faucibus Cras Integer magnis non luctus velit nec malesuada consectetur pulvinar penatibus Nullam ridiculus ornare gravida nunc placerat lorem risus risus ut eros ridiculus placerat tempor scelerisque suscipit lacinia Ut faucibus '),
(297, 799, '2019-12-25 01:53:14', 'varius odio consequat Nunc vel ante lacus Morbi tincidunt sapien nisi non suscipit vehicula vitae eleifend justo In est orci dui vestibulum efficitur Nam augue vehicula augue Mauris in vulputate vitae id natoque ipsum at venenatis eros vel ex nunc risus congue Fusce Suspendisse neque nec risus nec Donec magna diam sapien Lorem Integer malesuada nulla nec primis nec et nec luctus Lorem finibus suscipit ac leo massa varius non nulla pellentesque eleifend erat enim faucibus molestie lacinia feugiat turpis tempus dignissim amet pulvinar faucibus Nullam Vestibulum lacus dapibus mi leo penatibus erat in nec elit est vitae pellentesque auctor cursus non parturient scelerisque penatibus accumsan dui imperdiet elit interdum ridiculus gravida dolor accumsan luctus urna nisl Vivamus scelerisque tempor Mauris metus congue Nunc eget Donec turpis Nullam ornare parturient luctus molestie erat id quis ipsum mattis mi iaculis Cras amet commodo elit sit et sem nec ipsum neque dolor id ipsum porttitor condimentum Donec sit ante massa ipsum quis pellentesque eu purus accumsan finibus a vehicula blandit scelerisque Vestibulum luctus mauris volutpat sed mattis efficitur amet congue est a Donec Vivamus molestie nisi eros arcu nec Nullam nascetur penatibus Donec in '),
(298, 800, '2019-07-09 02:31:50', 'natoque euismod faucibus ornare sed risus metus lorem at nisi et quis luctus mi euismod dui gravida vel vel amet erat ornare dui lorem a posuere vitae iaculis sem luctus vestibulum tellus faucibus nunc eget id turpis neque velit quis vulputate consequat tellus eu amet at pretium feugiat feugiat accumsan sed nisi penatibus eu Cras sit scelerisque vehicula nisi a bibendum lectus ante purus nascetur vitae eget Pellentesque nisl Nullam vitae Quisque vestibulum odio in pellentesque orci venenatis Suspendisse maximus molestie Suspendisse eu neque dis risus odio consectetur quis ac ante magna ornare turpis primis vitae eget varius lectus vehicula tempor Nullam sed ornare Nullam augue vehicula eget bibendum mi odio augue congue arcu Nullam Vivamus laoreet in ornare a Sed pulvinar molestie viverra Nullam ultrices eleifend faucibus ridiculus eget nec vitae Morbi sem ornare neque fringilla semper vehicula molestie in nunc vestibulum ac elit vitae in sit dui ex in eget '),
(299, 801, '2019-10-19 11:18:20', 'condimentum Interdum augue consequat sem maximus amet vitae ultricies dui amet ipsum ridiculus ex vel maximus maximus Nullam erat Aenean scelerisque quam eu nisi et magna mi lectus a vitae Donec mi quis tincidunt sit fringilla a pulvinar augue ante maximus viverra Donec natoque vel accumsan elit penatibus diam maximus tempor dolor vel nunc tellus mauris Donec nibh luctus pulvinar amet laoreet Nullam at fermentum ex lacinia porttitor nascetur erat suscipit eleifend vehicula viverra sit ex nec montes montes nascetur tortor Donec quam elit Lorem sem elementum lacinia vel tempor Orci nec magnis fringilla laoreet tempus faucibus urna Quisque libero magna augue vestibulum arcu maximus Donec bibendum ipsum augue Mauris Donec quis nulla Etiam felis ut quam a finibus nulla natoque Quisque odio ut Nunc nec quis a porttitor in nec velit ex massa purus tellus sit fringilla molestie elementum vel nunc id Pellentesque ante sed Ut odio at consequat Lorem suscipit gravida auctor urna molestie in ultricies Phasellus ut accumsan parturient velit eget sit penatibus justo lorem vestibulum lectus accumsan lobortis quis vel vel ante tellus Etiam interdum nunc Lorem auctor arcu a nisi nec amet ipsum arcu tempor amet vestibulum Fusce libero varius est vestibulum rutrum mus feugiat at Donec massa pulvinar neque ultricies est suscipit euismod neque arcu Nullam ac tortor a fermentum leo luctus risus pellentesque nulla felis ipsum nunc nec eget vitae finibus elit sapien arcu Pellentesque iaculis ipsum iaculis iaculis purus enim semper luctus parturient Suspendisse fermentum id amet Integer nisi purus lorem erat tincidunt elit metus at Donec Ut Sed maximus ac consequat dis eu lorem gravida efficitur a condimentum vestibulum est vitae felis tempor eget nulla maximus sem at pulvinar id mi varius nunc Donec ornare sapien at massa feugiat Lorem Nunc scelerisque magna Nullam nisi scelerisque mi maximus quis natoque elit Quisque augue odio urna odio tortor ac nisi accumsan consequat vel Morbi justo augue eros risus libero ex erat vitae fames dui Proin Phasellus mi ac scelerisque neque in nisi elit sem eu a varius condimentum nibh urna Cras est commodo consectetur mattis at at eget erat lectus egestas commodo cursus diam at fringilla pulvinar posuere molestie odio ullamcorper posuere dui et at malesuada nec molestie sem justo feugiat facilisis Donec diam erat molestie laoreet molestie vitae magna risus pulvinar ante mattis enim accumsan laoreet Ut '),
(300, 802, '2019-11-28 14:10:07', 'tincidunt Orci et et laoreet nisl Quisque ipsum mus natoque elit Pellentesque nec molestie arcu eu pellentesque varius nisi Donec at neque accumsan Donec in condimentum Mauris condimentum tortor ac sapien sem Fusce interdum interdum libero congue fames accumsan elit eros in mus risus magna Etiam laoreet Vivamus urna luctus montes varius at convallis bibendum justo congue ultrices vel fringilla Integer luctus Pellentesque lorem odio auctor consequat fringilla ante condimentum nunc ligula Nullam convallis justo orci nunc Nullam sapien congue placerat justo maximus amet quis in finibus vel at lectus sapien consectetur lorem molestie Fusce ac elit dui dui magna faucibus vel ut vehicula nec varius Ut Suspendisse Donec Donec nec mi felis augue Donec est nunc neque ut lectus sit in at elit orci erat Etiam molestie lobortis nisi non consectetur a ac id convallis nisi arcu egestas mattis Ut a at eget maximus justo gravida Mauris ut erat erat erat Donec dignissim cursus mauris metus eget faucibus iaculis vitae quis luctus Mauris nunc consequat ex mauris scelerisque vestibulum et quis commodo fringilla nunc odio lorem sed egestas odio sed massa felis Proin In commodo nec molestie at at est vehicula dui nulla Nullam Nullam dui nec sit fermentum neque arcu dignissim vestibulum Nunc vel nisi egestas arcu arcu Morbi finibus lacinia Quisque risus dignissim vestibulum pharetra libero in blandit maximus commodo orci montes ipsum felis natoque nec lobortis luctus Donec nunc nisi Suspendisse at condimentum mi mus sed pretium pretium odio maximus ante neque justo Nullam eleifend lacinia amet augue blandit dis erat faucibus risus sit iaculis bibendum erat vitae nisi in purus nisi Pellentesque ultrices ex erat ligula at neque penatibus fermentum sapien dolor feugiat Nunc finibus eu id luctus Etiam elit fringilla varius erat est viverra nulla a risus ');

-- --------------------------------------------------------

--
-- Structure de la table `proposal_file_history`
--

CREATE TABLE `proposal_file_history` (
  `id` int(11) UNSIGNED NOT NULL,
  `proposal_id` int(11) UNSIGNED NOT NULL,
  `date` datetime NOT NULL,
  `path` varchar(255) COLLATE utf8mb4_unicode_ci NOT NULL
) ENGINE=InnoDB DEFAULT CHARSET=utf8mb4 COLLATE=utf8mb4_unicode_ci;

-- --------------------------------------------------------

--
-- Structure de la table `review`
--

CREATE TABLE `review` (
  `id` int(10) UNSIGNED NOT NULL,
  `reviewer_id` int(10) UNSIGNED NOT NULL,
  `proposal_id` int(10) UNSIGNED NOT NULL,
  `date` datetime NOT NULL,
  `status` varchar(32) COLLATE utf8mb4_unicode_ci NOT NULL
) ENGINE=InnoDB DEFAULT CHARSET=utf8mb4 COLLATE=utf8mb4_unicode_ci;

--
-- Déchargement des données de la table `review`
--

INSERT INTO `review` (`id`, `reviewer_id`, `proposal_id`, `date`, `status`) VALUES
(238, 20, 703, '2019-09-15 17:20:59', 'disapproved'),
(239, 16, 703, '2019-09-23 17:36:12', 'approved'),
(240, 19, 703, '2020-01-30 19:10:15', 'disapproved'),
(241, 14, 703, '2019-12-13 23:20:04', 'approved'),
(242, 14, 704, '2020-01-11 09:55:59', 'approved'),
(243, 16, 704, '2019-12-21 00:06:05', 'disapproved'),
(244, 19, 705, '2019-10-19 19:33:57', 'disapproved'),
(245, 19, 705, '2019-10-25 08:01:59', 'disapproved'),
(246, 14, 705, '2019-10-28 14:19:14', 'disapproved'),
(247, 21, 706, '2019-10-05 10:55:56', 'approved'),
(248, 15, 706, '2019-10-05 16:24:31', 'approved'),
(249, 14, 706, '2019-12-09 03:33:25', 'approved'),
(250, 14, 706, '2020-01-18 02:11:38', 'disapproved'),
(251, 13, 706, '2019-12-22 03:33:15', 'approved'),
(252, 14, 707, '2019-11-16 23:09:48', 'approved'),
(253, 15, 707, '2019-10-22 18:11:15', 'approved'),
(254, 14, 708, '2019-10-13 23:29:22', 'disapproved'),
(255, 15, 708, '2019-11-23 14:42:09', 'approved'),
(256, 19, 709, '2019-12-08 11:35:44', 'approved'),
(257, 20, 709, '2019-10-24 11:31:58', 'disapproved'),
(258, 20, 709, '2019-11-09 03:20:36', 'disapproved'),
(259, 18, 710, '2019-11-23 06:18:16', 'approved'),
(260, 21, 710, '2019-10-24 19:17:45', 'disapproved'),
(261, 15, 710, '2019-12-09 17:07:32', 'disapproved'),
(262, 16, 710, '2020-01-13 08:57:19', 'approved'),
(263, 18, 710, '2019-12-27 09:24:10', 'disapproved'),
(264, 15, 711, '2020-01-26 05:09:10', 'disapproved'),
(265, 20, 711, '2020-01-26 00:02:04', 'disapproved'),
(266, 14, 711, '2020-02-01 18:50:37', 'disapproved'),
(267, 20, 711, '2020-01-23 19:05:31', 'approved'),
(268, 20, 711, '2020-01-08 05:14:57', 'disapproved'),
(269, 13, 712, '2020-01-22 06:23:09', 'disapproved'),
(270, 16, 712, '2019-12-13 17:58:49', 'approved'),
(271, 19, 712, '2020-01-11 15:25:23', 'disapproved'),
(272, 14, 712, '2019-12-28 20:41:12', 'disapproved'),
(273, 13, 713, '2020-01-14 17:12:28', 'disapproved'),
(274, 21, 713, '2019-12-23 21:56:16', 'disapproved'),
(275, 15, 713, '2020-01-07 18:35:59', 'approved'),
(276, 18, 713, '2019-12-03 05:11:14', 'approved'),
(277, 14, 714, '2020-01-14 17:19:47', 'disapproved'),
(278, 19, 714, '2019-12-29 11:30:52', 'disapproved'),
(279, 16, 714, '2019-12-23 19:06:51', 'approved'),
(280, 17, 714, '2019-12-25 06:48:33', 'disapproved'),
(281, 18, 715, '2020-01-08 21:30:44', 'approved'),
(282, 19, 715, '2020-01-23 01:18:14', 'approved'),
(283, 21, 715, '2020-01-27 09:59:18', 'approved'),
(284, 16, 715, '2020-01-21 03:42:07', 'approved'),
(285, 21, 716, '2019-11-18 10:37:13', 'approved'),
(286, 19, 717, '2020-01-23 15:35:20', 'disapproved'),
(287, 17, 717, '2020-01-28 01:00:52', 'disapproved'),
(288, 18, 718, '2019-11-16 02:15:35', 'disapproved'),
(289, 16, 718, '2019-09-13 10:18:22', 'disapproved'),
(290, 16, 719, '2019-10-01 15:48:05', 'disapproved'),
(291, 19, 719, '2019-11-05 03:13:21', 'approved'),
(292, 20, 719, '2020-01-27 15:43:06', 'disapproved'),
(293, 17, 721, '2019-09-02 13:52:32', 'approved'),
(294, 19, 721, '2019-06-19 08:53:28', 'approved'),
(295, 20, 721, '2019-11-25 02:41:54', 'disapproved'),
(296, 19, 721, '2019-08-31 23:52:37', 'approved'),
(297, 13, 721, '2020-01-19 17:11:13', 'approved'),
(298, 17, 723, '2019-11-24 22:15:00', 'approved'),
(299, 13, 723, '2019-12-04 00:18:11', 'disapproved'),
(300, 14, 723, '2019-10-23 08:56:21', 'disapproved'),
(301, 20, 724, '2020-01-25 14:44:21', 'approved'),
(302, 18, 724, '2020-01-17 08:06:08', 'approved'),
(303, 21, 724, '2020-01-14 16:26:27', 'approved'),
(304, 21, 725, '2020-01-13 01:37:05', 'approved'),
(305, 17, 725, '2020-02-01 20:33:09', 'approved'),
(306, 21, 726, '2020-01-23 20:39:22', 'approved'),
(307, 19, 726, '2020-01-16 02:35:16', 'approved'),
(308, 16, 727, '2019-10-09 10:06:17', 'approved'),
(309, 17, 727, '2019-10-02 03:57:52', 'approved'),
(310, 13, 728, '2019-12-29 00:10:11', 'disapproved'),
(311, 16, 728, '2020-01-12 01:21:58', 'disapproved'),
(312, 18, 728, '2020-01-18 15:28:02', 'approved'),
(313, 15, 728, '2020-01-15 02:22:48', 'disapproved'),
(314, 16, 729, '2019-12-20 07:15:04', 'disapproved'),
(315, 18, 729, '2019-12-19 08:38:50', 'disapproved'),
(316, 15, 730, '2019-12-23 08:34:04', 'approved'),
(317, 17, 730, '2019-09-27 01:31:48', 'disapproved'),
(318, 20, 731, '2019-12-14 18:34:50', 'approved'),
(319, 13, 731, '2019-11-13 01:42:08', 'disapproved'),
(320, 19, 731, '2019-10-25 12:01:22', 'disapproved'),
(321, 16, 732, '2019-11-13 17:13:55', 'disapproved'),
(322, 18, 733, '2019-10-11 13:55:24', 'disapproved'),
(323, 21, 733, '2019-11-11 13:29:00', 'approved'),
(324, 21, 733, '2019-11-15 15:01:40', 'approved'),
(325, 16, 734, '2019-10-20 22:34:51', 'approved'),
(326, 18, 734, '2019-12-11 12:22:36', 'disapproved'),
(327, 21, 734, '2020-01-16 04:57:06', 'approved'),
(328, 17, 734, '2019-12-03 16:09:05', 'approved'),
(329, 17, 735, '2020-01-07 03:59:32', 'disapproved'),
(330, 14, 735, '2020-02-02 15:34:16', 'approved'),
(331, 14, 736, '2020-01-19 02:46:40', 'disapproved'),
(332, 20, 736, '2019-07-31 23:09:36', 'approved'),
(333, 15, 736, '2019-12-07 01:17:11', 'approved'),
(334, 20, 736, '2019-09-06 00:33:26', 'approved'),
(335, 19, 737, '2020-01-31 06:25:49', 'disapproved'),
(336, 18, 737, '2019-12-31 13:32:13', 'disapproved'),
(337, 17, 737, '2019-08-14 22:45:06', 'disapproved'),
(338, 18, 741, '2019-08-21 20:20:17', 'disapproved'),
(339, 20, 741, '2019-10-23 07:44:24', 'approved'),
(340, 13, 741, '2019-08-09 20:58:59', 'approved'),
(341, 16, 741, '2019-09-06 03:28:19', 'disapproved'),
(342, 17, 741, '2019-07-08 18:57:33', 'approved'),
(343, 19, 742, '2020-01-27 08:16:54', 'approved'),
(344, 18, 742, '2020-01-18 22:17:14', 'approved'),
(345, 15, 742, '2020-01-30 19:56:43', 'disapproved'),
(346, 13, 743, '2019-07-17 18:57:53', 'approved'),
(347, 17, 743, '2019-11-28 23:25:34', 'disapproved'),
(348, 13, 743, '2019-10-08 15:01:35', 'disapproved'),
(349, 19, 743, '2019-07-01 03:08:30', 'disapproved'),
(350, 16, 744, '2019-10-30 07:06:57', 'disapproved'),
(351, 17, 744, '2019-09-16 23:41:47', 'disapproved'),
(352, 15, 745, '2020-01-07 22:22:36', 'disapproved'),
(353, 16, 745, '2019-11-25 02:24:44', 'approved'),
(354, 14, 745, '2019-12-11 13:44:36', 'disapproved'),
(355, 15, 745, '2019-11-17 20:49:48', 'disapproved'),
(356, 14, 745, '2019-12-14 01:03:11', 'approved'),
(357, 15, 746, '2019-12-07 14:35:52', 'approved'),
(358, 15, 746, '2019-09-03 19:42:40', 'approved'),
(359, 20, 748, '2019-12-18 06:14:28', 'approved'),
(360, 15, 748, '2020-01-25 22:54:21', 'disapproved'),
(361, 21, 748, '2020-01-17 22:29:32', 'disapproved'),
(362, 13, 749, '2020-01-28 19:39:45', 'disapproved'),
(363, 18, 749, '2020-01-19 21:34:55', 'approved'),
(364, 18, 749, '2020-01-31 06:27:06', 'approved'),
(365, 18, 751, '2019-09-21 00:51:18', 'approved'),
(366, 18, 751, '2019-09-28 02:51:17', 'approved'),
(367, 19, 751, '2019-10-03 07:38:14', 'approved'),
(368, 15, 753, '2020-01-14 17:02:02', 'approved'),
(369, 15, 754, '2020-01-12 03:44:17', 'approved'),
(370, 16, 754, '2019-10-24 21:15:17', 'approved'),
(371, 14, 755, '2019-11-14 16:54:43', 'approved'),
(372, 19, 755, '2019-12-26 03:38:21', 'approved'),
(373, 17, 755, '2020-01-20 17:11:29', 'approved'),
(374, 20, 756, '2020-01-27 16:39:59', 'approved'),
(375, 14, 756, '2020-01-11 20:46:23', 'disapproved'),
(376, 17, 757, '2020-01-20 04:12:41', 'approved'),
(377, 18, 757, '2019-12-03 23:14:08', 'disapproved'),
(378, 14, 757, '2019-09-16 00:13:02', 'approved'),
(379, 17, 758, '2020-01-27 21:15:15', 'approved'),
(380, 21, 758, '2019-10-22 22:17:47', 'approved'),
(381, 15, 758, '2020-01-26 15:04:47', 'approved'),
(382, 18, 758, '2019-11-12 17:03:08', 'approved'),
(383, 19, 758, '2020-01-04 01:15:29', 'approved'),
(384, 18, 759, '2020-01-31 04:02:24', 'approved'),
(385, 18, 760, '2019-12-05 21:34:55', 'approved'),
(386, 18, 761, '2019-09-13 20:28:06', 'approved'),
(387, 19, 763, '2019-08-11 19:11:25', 'approved'),
(388, 15, 763, '2019-10-27 02:38:14', 'approved'),
(389, 13, 767, '2019-06-08 23:03:49', 'approved'),
(390, 16, 767, '2019-07-26 09:23:36', 'approved'),
(391, 20, 767, '2019-07-16 12:20:56', 'approved'),
(392, 20, 768, '2019-10-25 19:41:54', 'approved'),
(393, 16, 768, '2019-12-24 13:50:36', 'disapproved'),
(394, 19, 768, '2019-10-17 08:32:57', 'approved'),
(395, 20, 768, '2020-01-02 09:31:25', 'approved'),
(396, 18, 769, '2020-01-30 10:17:19', 'approved'),
(397, 15, 769, '2020-01-26 13:11:07', 'disapproved'),
(398, 18, 770, '2020-01-27 18:59:11', 'approved'),
(399, 20, 770, '2020-01-22 22:10:52', 'disapproved'),
(400, 14, 771, '2020-01-31 12:34:20', 'approved'),
(401, 14, 771, '2020-01-26 13:48:20', 'approved'),
(402, 16, 772, '2019-12-29 00:15:06', 'approved'),
(403, 19, 772, '2020-01-16 21:32:46', 'disapproved'),
(404, 16, 772, '2019-12-05 15:00:07', 'approved'),
(405, 20, 772, '2019-12-23 17:28:24', 'disapproved'),
(406, 17, 772, '2019-11-26 19:18:22', 'approved'),
(407, 21, 773, '2019-12-22 18:26:27', 'approved'),
(408, 15, 773, '2019-09-12 18:30:22', 'approved'),
(409, 21, 773, '2019-11-08 01:12:07', 'approved'),
(410, 18, 773, '2019-11-17 20:15:05', 'disapproved'),
(411, 16, 773, '2019-11-19 01:55:26', 'disapproved'),
(412, 17, 775, '2019-12-17 19:10:54', 'disapproved'),
(413, 18, 775, '2019-12-07 07:35:14', 'approved'),
(414, 20, 775, '2019-12-20 11:44:10', 'disapproved'),
(415, 17, 775, '2020-01-05 13:23:53', 'disapproved'),
(416, 21, 776, '2020-01-26 00:55:51', 'approved'),
(417, 15, 776, '2020-01-17 13:32:09', 'disapproved'),
(418, 14, 776, '2020-01-15 03:31:19', 'disapproved'),
(419, 19, 776, '2020-01-27 17:48:12', 'approved'),
(420, 17, 778, '2020-01-18 21:27:16', 'disapproved'),
(421, 20, 778, '2020-01-01 00:07:12', 'approved'),
(422, 20, 778, '2019-12-15 12:38:20', 'disapproved'),
(423, 16, 778, '2020-01-20 08:34:12', 'approved'),
(424, 20, 779, '2020-01-30 19:23:06', 'approved'),
(425, 16, 779, '2020-01-26 11:36:30', 'disapproved'),
(426, 16, 780, '2019-11-23 20:48:22', 'approved'),
(427, 17, 780, '2019-12-31 22:27:20', 'disapproved'),
(428, 17, 780, '2019-12-21 09:02:23', 'approved'),
(429, 14, 780, '2020-01-04 23:48:42', 'disapproved'),
(430, 18, 782, '2020-01-09 17:31:01', 'disapproved'),
(431, 20, 783, '2019-12-28 03:25:50', 'disapproved'),
(432, 15, 783, '2019-09-17 08:24:57', 'approved'),
(433, 21, 783, '2019-08-24 17:17:16', 'approved'),
(434, 13, 784, '2019-11-18 11:30:42', 'disapproved'),
(435, 20, 784, '2019-06-30 21:33:57', 'disapproved'),
(436, 20, 784, '2019-11-02 17:52:29', 'disapproved'),
(437, 16, 784, '2019-07-25 14:35:43', 'approved'),
(438, 17, 784, '2019-06-29 16:37:55', 'approved'),
(439, 17, 785, '2020-01-07 20:04:02', 'approved'),
(440, 20, 785, '2020-01-20 02:56:44', 'disapproved'),
(441, 15, 785, '2019-12-31 15:17:11', 'disapproved'),
(442, 15, 785, '2020-01-12 22:57:54', 'approved'),
(443, 20, 785, '2020-01-22 15:56:33', 'disapproved'),
(444, 19, 787, '2019-10-24 14:30:30', 'disapproved'),
(445, 14, 787, '2019-08-09 04:40:11', 'approved'),
(446, 18, 787, '2019-12-27 02:41:36', 'disapproved'),
(447, 14, 788, '2020-01-29 08:10:04', 'disapproved'),
(448, 21, 788, '2020-02-02 00:47:12', 'disapproved'),
(449, 20, 788, '2020-01-14 19:42:10', 'disapproved'),
(450, 21, 788, '2019-12-13 20:44:41', 'disapproved'),
(451, 18, 788, '2020-01-06 17:33:03', 'approved'),
(452, 19, 789, '2019-12-09 23:48:55', 'disapproved'),
(453, 15, 789, '2019-12-31 00:00:29', 'approved'),
(454, 16, 789, '2020-01-24 12:03:46', 'disapproved'),
(455, 17, 790, '2020-01-05 18:27:26', 'approved'),
(456, 15, 790, '2020-01-07 01:15:34', 'disapproved'),
(457, 15, 790, '2020-01-03 16:10:00', 'approved'),
(458, 21, 790, '2020-01-01 11:11:26', 'approved'),
(459, 15, 791, '2019-12-10 18:24:06', 'approved'),
(460, 21, 791, '2019-12-24 23:20:29', 'approved'),
(461, 17, 791, '2020-01-05 15:00:16', 'approved'),
(462, 19, 791, '2020-02-02 19:08:58', 'approved'),
(463, 21, 791, '2019-12-19 07:24:39', 'disapproved'),
(464, 16, 792, '2019-09-14 02:04:53', 'approved'),
(465, 17, 792, '2019-10-16 21:33:39', 'approved'),
(466, 20, 793, '2019-08-08 09:49:36', 'disapproved'),
(467, 21, 794, '2020-01-03 16:56:15', 'disapproved'),
(468, 18, 795, '2020-02-02 07:29:39', 'disapproved'),
(469, 13, 795, '2020-02-01 18:45:18', 'approved'),
(470, 15, 795, '2020-01-31 14:53:51', 'disapproved'),
(471, 13, 795, '2020-02-01 11:01:18', 'disapproved'),
(472, 14, 796, '2019-11-02 07:26:35', 'approved'),
(473, 14, 796, '2020-01-17 23:14:57', 'disapproved'),
(474, 18, 796, '2019-11-29 18:26:56', 'disapproved'),
(475, 15, 796, '2019-09-13 17:29:25', 'disapproved'),
(476, 18, 796, '2019-10-31 08:25:31', 'approved'),
(477, 19, 797, '2019-10-11 15:29:39', 'disapproved'),
(478, 14, 797, '2019-11-01 01:11:55', 'disapproved'),
(479, 15, 797, '2019-09-09 12:34:05', 'disapproved'),
(480, 15, 797, '2019-10-08 10:43:27', 'approved'),
(481, 20, 797, '2019-12-20 21:32:15', 'disapproved'),
(482, 15, 798, '2019-12-26 19:00:39', 'approved'),
(483, 19, 799, '2020-01-12 15:41:37', 'approved'),
(484, 13, 799, '2020-01-31 07:12:43', 'approved'),
(485, 14, 799, '2020-01-06 17:16:53', 'disapproved'),
(486, 13, 799, '2020-01-10 23:20:48', 'approved'),
(487, 13, 800, '2019-09-11 06:48:32', 'disapproved'),
(488, 20, 801, '2019-10-21 09:24:41', 'approved'),
(489, 16, 801, '2020-01-05 21:55:15', 'approved'),
(490, 15, 801, '2019-11-30 03:50:47', 'approved');

-- --------------------------------------------------------

--
-- Structure de la table `scheduled_publication`
--

CREATE TABLE `scheduled_publication` (
  `proposal_id` int(10) UNSIGNED NOT NULL,
  `scheduler_id` int(10) UNSIGNED NOT NULL,
  `record_date` datetime NOT NULL,
  `publication_date` datetime NOT NULL
) ENGINE=InnoDB DEFAULT CHARSET=utf8mb4 COLLATE=utf8mb4_unicode_ci;

-- --------------------------------------------------------

--
-- Structure de la table `social_media_permission`
--

CREATE TABLE `social_media_permission` (
  `publisher_id` int(10) UNSIGNED NOT NULL,
  `facebook_enabled` bit(1) NOT NULL,
  `twitter_enabled` bit(1) NOT NULL,
  `linkedin_enabled` bit(1) NOT NULL
) ENGINE=InnoDB DEFAULT CHARSET=utf8mb4 COLLATE=utf8mb4_unicode_ci;

--
-- Déchargement des données de la table `social_media_permission`
--

INSERT INTO `social_media_permission` (`publisher_id`, `facebook_enabled`, `twitter_enabled`, `linkedin_enabled`) VALUES
(18, b'1', b'1', b'1'),
(19, b'0', b'1', b'1'),
(20, b'1', b'0', b'0'),
(21, b'1', b'1', b'1');

-- --------------------------------------------------------

--
-- Structure de la table `user`
--

CREATE TABLE `user` (
  `id` int(10) UNSIGNED NOT NULL,
  `firstname` varchar(32) COLLATE utf8mb4_unicode_ci NOT NULL,
  `lastname` varchar(64) COLLATE utf8mb4_unicode_ci NOT NULL,
  `email` varchar(255) COLLATE utf8mb4_unicode_ci NOT NULL,
  `password_hash` varchar(255) COLLATE utf8mb4_unicode_ci DEFAULT NULL,
  `role` varchar(32) COLLATE utf8mb4_unicode_ci NOT NULL,
  `is_validated` bit(1) NOT NULL COMMENT 'true if user validated his account by choosing his password',
  `is_active` bit(1) NOT NULL COMMENT 'true if account is active by admin'
) ENGINE=InnoDB DEFAULT CHARSET=utf8mb4 COLLATE=utf8mb4_unicode_ci;

--
-- Déchargement des données de la table `user`
--

INSERT INTO `user` (`id`, `firstname`, `lastname`, `email`, `password_hash`, `role`, `is_validated`, `is_active`) VALUES
(1, 'User', 'One', 'user1@example.com', '$2y$12$6aCGJP/DVYCYxtID87.DEuPjrvFWZOtuU2oGWLzNyCxdq9ODEkcDe', 'user', b'1', b'1'),
(2, 'User', 'Two', 'user2@example.com', '$2y$12$6aCGJP/DVYCYxtID87.DEuPjrvFWZOtuU2oGWLzNyCxdq9ODEkcDe', 'user', b'1', b'1'),
(3, 'User', 'Three', 'user3@example.com', '$2y$12$6aCGJP/DVYCYxtID87.DEuPjrvFWZOtuU2oGWLzNyCxdq9ODEkcDe', 'user', b'1', b'1'),
(4, 'User', 'Four', 'user4@example.com', '$2y$12$6aCGJP/DVYCYxtID87.DEuPjrvFWZOtuU2oGWLzNyCxdq9ODEkcDe', 'user', b'1', b'1'),
(5, 'User', 'Five', 'user5@example.com', '$2y$12$6aCGJP/DVYCYxtID87.DEuPjrvFWZOtuU2oGWLzNyCxdq9ODEkcDe', 'user', b'1', b'1'),
(6, 'User', 'Six', 'user6@example.com', '$2y$12$6aCGJP/DVYCYxtID87.DEuPjrvFWZOtuU2oGWLzNyCxdq9ODEkcDe', 'user', b'1', b'1'),
(7, 'User', 'Seven', 'user7@example.com', '$2y$12$6aCGJP/DVYCYxtID87.DEuPjrvFWZOtuU2oGWLzNyCxdq9ODEkcDe', 'user', b'1', b'1'),
(8, 'User', 'Height', 'user8@example.com', '$2y$12$6aCGJP/DVYCYxtID87.DEuPjrvFWZOtuU2oGWLzNyCxdq9ODEkcDe', 'user', b'1', b'1'),
(9, 'User', 'Nine', 'user9@example.com', '$2y$12$6aCGJP/DVYCYxtID87.DEuPjrvFWZOtuU2oGWLzNyCxdq9ODEkcDe', 'user', b'1', b'1'),
(10, 'User', 'Ten', 'user10@example.com', '$2y$12$6aCGJP/DVYCYxtID87.DEuPjrvFWZOtuU2oGWLzNyCxdq9ODEkcDe', 'user', b'1', b'1'),
(11, 'User', 'Eleven', 'user11@example.com', '$2y$12$6aCGJP/DVYCYxtID87.DEuPjrvFWZOtuU2oGWLzNyCxdq9ODEkcDe', 'user', b'1', b'1'),
(12, 'User', 'Twelve', 'user12@example.com', '$2y$12$6aCGJP/DVYCYxtID87.DEuPjrvFWZOtuU2oGWLzNyCxdq9ODEkcDe', 'user', b'1', b'1'),
(13, 'Reviewer', 'One', 'reviewer1@example.com', '$2y$12$6aCGJP/DVYCYxtID87.DEuPjrvFWZOtuU2oGWLzNyCxdq9ODEkcDe', 'reviewer', b'1', b'1'),
(14, 'Reviewer', 'Two', 'reviewer2@example.com', '$2y$12$6aCGJP/DVYCYxtID87.DEuPjrvFWZOtuU2oGWLzNyCxdq9ODEkcDe', 'reviewer', b'1', b'1'),
(15, 'Reviewer', 'Three', 'reviewer3@example.com', '$2y$12$6aCGJP/DVYCYxtID87.DEuPjrvFWZOtuU2oGWLzNyCxdq9ODEkcDe', 'reviewer', b'1', b'1'),
(16, 'Reviewer', 'Four', 'reviewer4@example.com', '$2y$12$6aCGJP/DVYCYxtID87.DEuPjrvFWZOtuU2oGWLzNyCxdq9ODEkcDe', 'reviewer', b'1', b'1'),
(17, 'Reviewer', 'Five', 'reviewer5@example.com', '$2y$12$6aCGJP/DVYCYxtID87.DEuPjrvFWZOtuU2oGWLzNyCxdq9ODEkcDe', 'reviewer', b'1', b'1'),
(18, 'Publisher', 'One', 'publisher1@example.com', '$2y$12$6aCGJP/DVYCYxtID87.DEuPjrvFWZOtuU2oGWLzNyCxdq9ODEkcDe', 'publisher', b'1', b'1'),
(19, 'Publisher', 'Two', 'publisher2@example.com', '$2y$12$6aCGJP/DVYCYxtID87.DEuPjrvFWZOtuU2oGWLzNyCxdq9ODEkcDe', 'publisher', b'1', b'1'),
(20, 'Publisher', 'Three', 'publisher3@example.com', '$2y$12$6aCGJP/DVYCYxtID87.DEuPjrvFWZOtuU2oGWLzNyCxdq9ODEkcDe', 'publisher', b'1', b'1'),
(21, 'Admin', 'Admin', 'admin@example.com', '$2y$12$6aCGJP/DVYCYxtID87.DEuPjrvFWZOtuU2oGWLzNyCxdq9ODEkcDe', 'admin', b'1', b'1');

--
-- Index pour les tables déchargées
--

--
-- Index pour la table `comment`
--
ALTER TABLE `comment`
  ADD PRIMARY KEY (`id`),
  ADD KEY `comment_proposal_id` (`proposal_id`),
  ADD KEY `comment_author_id` (`author_id`);

--
-- Index pour la table `enabled_social_media`
--
ALTER TABLE `enabled_social_media`
  ADD PRIMARY KEY (`social_media_name`);

--
-- Index pour la table `file`
--
ALTER TABLE `file`
  ADD PRIMARY KEY (`id`),
  ADD UNIQUE KEY `proposal_id` (`proposal_id`),
  ADD KEY `file_proposal_id` (`proposal_id`);

--
-- Index pour la table `proposal`
--
ALTER TABLE `proposal`
  ADD PRIMARY KEY (`id`),
  ADD KEY `proposal_submitter_id` (`submitter_id`);

--
-- Index pour la table `proposal_content_history`
--
ALTER TABLE `proposal_content_history`
  ADD PRIMARY KEY (`id`),
  ADD KEY `proposal_content_history_proposal_id` (`proposal_id`);

--
-- Index pour la table `proposal_file_history`
--
ALTER TABLE `proposal_file_history`
  ADD PRIMARY KEY (`id`),
  ADD KEY `proposal_file_history_proposal_id` (`proposal_id`);

--
-- Index pour la table `review`
--
ALTER TABLE `review`
  ADD PRIMARY KEY (`id`),
  ADD KEY `review_reviewer_id` (`reviewer_id`),
  ADD KEY `review_proposal_id` (`proposal_id`);

--
-- Index pour la table `scheduled_publication`
--
ALTER TABLE `scheduled_publication`
  ADD PRIMARY KEY (`proposal_id`),
  ADD KEY `scheduled_publication_scheduler_id` (`scheduler_id`);

--
-- Index pour la table `social_media_permission`
--
ALTER TABLE `social_media_permission`
  ADD PRIMARY KEY (`publisher_id`);

--
-- Index pour la table `user`
--
ALTER TABLE `user`
  ADD PRIMARY KEY (`id`),
  ADD UNIQUE KEY `email` (`email`);

--
-- AUTO_INCREMENT pour les tables déchargées
--

--
-- AUTO_INCREMENT pour la table `comment`
--
ALTER TABLE `comment`
  MODIFY `id` int(10) UNSIGNED NOT NULL AUTO_INCREMENT, AUTO_INCREMENT=1256;

--
-- AUTO_INCREMENT pour la table `file`
--
ALTER TABLE `file`
  MODIFY `id` int(10) UNSIGNED NOT NULL AUTO_INCREMENT;

--
-- AUTO_INCREMENT pour la table `proposal`
--
ALTER TABLE `proposal`
  MODIFY `id` int(10) UNSIGNED NOT NULL AUTO_INCREMENT, AUTO_INCREMENT=803;

--
-- AUTO_INCREMENT pour la table `proposal_content_history`
--
ALTER TABLE `proposal_content_history`
  MODIFY `id` int(10) UNSIGNED NOT NULL AUTO_INCREMENT, AUTO_INCREMENT=301;

--
-- AUTO_INCREMENT pour la table `proposal_file_history`
--
ALTER TABLE `proposal_file_history`
  MODIFY `id` int(11) UNSIGNED NOT NULL AUTO_INCREMENT;

--
-- AUTO_INCREMENT pour la table `review`
--
ALTER TABLE `review`
  MODIFY `id` int(10) UNSIGNED NOT NULL AUTO_INCREMENT, AUTO_INCREMENT=491;

--
-- AUTO_INCREMENT pour la table `user`
--
ALTER TABLE `user`
  MODIFY `id` int(10) UNSIGNED NOT NULL AUTO_INCREMENT, AUTO_INCREMENT=22;

--
-- Contraintes pour les tables déchargées
--

--
-- Contraintes pour la table `comment`
--
ALTER TABLE `comment`
  ADD CONSTRAINT `comment_author_id` FOREIGN KEY (`author_id`) REFERENCES `user` (`id`),
  ADD CONSTRAINT `comment_proposal_id` FOREIGN KEY (`proposal_id`) REFERENCES `proposal` (`id`);

--
-- Contraintes pour la table `file`
--
ALTER TABLE `file`
  ADD CONSTRAINT `file_proposal_id` FOREIGN KEY (`proposal_id`) REFERENCES `proposal` (`id`);

--
-- Contraintes pour la table `proposal`
--
ALTER TABLE `proposal`
  ADD CONSTRAINT `proposal_submitter_id` FOREIGN KEY (`submitter_id`) REFERENCES `user` (`id`);

--
-- Contraintes pour la table `proposal_content_history`
--
ALTER TABLE `proposal_content_history`
  ADD CONSTRAINT `proposal_content_history_proposal_id` FOREIGN KEY (`proposal_id`) REFERENCES `proposal` (`id`);

--
-- Contraintes pour la table `proposal_file_history`
--
ALTER TABLE `proposal_file_history`
  ADD CONSTRAINT `proposal_file_history_proposal_id` FOREIGN KEY (`proposal_id`) REFERENCES `proposal` (`id`);

--
-- Contraintes pour la table `review`
--
ALTER TABLE `review`
  ADD CONSTRAINT `review_proposal_id` FOREIGN KEY (`proposal_id`) REFERENCES `proposal` (`id`),
  ADD CONSTRAINT `review_reviewer_id` FOREIGN KEY (`reviewer_id`) REFERENCES `user` (`id`);

--
-- Contraintes pour la table `scheduled_publication`
--
ALTER TABLE `scheduled_publication`
  ADD CONSTRAINT `scheduled_publication_proposal_id` FOREIGN KEY (`proposal_id`) REFERENCES `proposal` (`id`),
  ADD CONSTRAINT `scheduled_publication_scheduler_id` FOREIGN KEY (`scheduler_id`) REFERENCES `user` (`id`);

--
-- Contraintes pour la table `social_media_permission`
--
ALTER TABLE `social_media_permission`
  ADD CONSTRAINT `social_media_permission` FOREIGN KEY (`publisher_id`) REFERENCES `user` (`id`);
COMMIT;

/*!40101 SET CHARACTER_SET_CLIENT=@OLD_CHARACTER_SET_CLIENT */;
/*!40101 SET CHARACTER_SET_RESULTS=@OLD_CHARACTER_SET_RESULTS */;
/*!40101 SET COLLATION_CONNECTION=@OLD_COLLATION_CONNECTION */;