-- phpMyAdmin SQL Dump
-- version 5.0.1
-- https://www.phpmyadmin.net/
--
-- Hôte : database
-- Généré le : Dim 01 mars 2020 à 09:19
-- Version du serveur :  10.4.11-MariaDB-1:10.4.11+maria~bionic
-- Version de PHP : 7.4.1

SET SQL_MODE = "NO_AUTO_VALUE_ON_ZERO";
SET AUTOCOMMIT = 0;
START TRANSACTION;
SET time_zone = "+00:00";


/*!40101 SET @OLD_CHARACTER_SET_CLIENT=@@CHARACTER_SET_CLIENT */;
/*!40101 SET @OLD_CHARACTER_SET_RESULTS=@@CHARACTER_SET_RESULTS */;
/*!40101 SET @OLD_COLLATION_CONNECTION=@@COLLATION_CONNECTION */;
/*!40101 SET NAMES utf8mb4 */;

--
-- Base de données : `collabmedia`
--

-- --------------------------------------------------------

--
-- Structure de la table `comment`
--

CREATE TABLE `comment` (
  `id` int(10) UNSIGNED NOT NULL,
  `proposal_id` int(10) UNSIGNED NOT NULL,
  `author_id` int(10) UNSIGNED NOT NULL,
  `content` text COLLATE utf8mb4_unicode_ci NOT NULL,
  `date` datetime NOT NULL,
  `edited_date` datetime DEFAULT NULL
) ENGINE=InnoDB DEFAULT CHARSET=utf8mb4 COLLATE=utf8mb4_unicode_ci;

--
-- Déchargement des données de la table `comment`
--

INSERT INTO `comment` (`id`, `proposal_id`, `author_id`, `content`, `date`, `edited_date`) VALUES
(1256, 803, 21, 'molestie mi eros magna pretium quis consequat viverra consectetur justo quis parturient fermentum mi Morbi vehicula in auctor non dis urna adipiscing feugiat eu nisi arcu commodo at nibh id mi non sit massa ipsum ornare massa Donec euismod purus sapien justo nunc nec blandit amet luctus ', '2019-07-06 06:40:10', '2019-07-06 06:40:10'),
(1257, 804, 15, 'fermentum quis parturient tempor scelerisque erat at Sed efficitur luctus commodo ', '2019-09-01 11:20:31', '2019-09-01 11:20:31'),
(1258, 804, 19, 'ex sapien tristique fringilla sem auctor vitae Donec fringilla erat ornare orci ex volutpat augue quis tellus vehicula laoreet ', '2019-09-22 14:36:35', '2019-09-22 14:36:35'),
(1259, 805, 17, 'augue lacinia pulvinar et consequat dolor lectus arcu feugiat convallis arcu ac et eros varius feugiat faucibus pharetra amet augue enim luctus risus enim nisi tortor scelerisque eu elit ultricies nec in est eget amet ', '2019-11-20 03:26:28', '2019-11-20 03:26:28'),
(1260, 806, 20, 'diam et varius at Nullam tempus dolor lorem nibh dolor odio velit rhoncus interdum viverra et condimentum facilisis Quisque montes nec mi in dui elit vehicula Morbi interdum vitae massa Proin Morbi molestie luctus ut condimentum diam id urna Mauris risus vitae a nisl vel egestas fermentum laoreet vehicula ', '2019-12-25 07:01:18', '2019-12-25 07:01:18'),
(1261, 806, 17, 'egestas in a vel quam dignissim et nec Aenean Mauris mi sed fermentum et elit vel Donec lorem faucibus placerat Ut quis vitae lacus accumsan mattis eu efficitur dignissim pretium accumsan ', '2020-01-28 14:50:47', '2020-01-28 14:50:47'),
(1262, 806, 20, 'nisi maximus dolor Integer ac Quisque eu Integer sapien condimentum commodo scelerisque sem ante eu at scelerisque elit odio mus Pellentesque sit nunc purus feugiat ', '2019-12-31 20:12:53', '2019-12-31 20:12:53'),
(1263, 807, 20, 'mi rutrum Morbi primis et egestas felis dapibus nisi vestibulum vel nisi facilisis purus eu molestie mattis a condimentum fermentum Pellentesque ipsum ', '2020-01-18 10:45:32', '2020-01-18 10:45:32'),
(1264, 807, 14, 'egestas elementum Donec Nunc Pellentesque Etiam malesuada maximus ac molestie accumsan tortor Donec ac eu Proin consectetur non Donec condimentum dapibus Sed eget libero natoque vitae malesuada ornare dolor dis pulvinar mi condimentum ', '2020-02-24 17:38:39', '2020-02-24 17:38:39'),
(1265, 807, 15, 'a sit eget Phasellus vehicula vel tempor varius Nam eget Quisque interdum at Donec vel vel Cras cursus interdum tortor ornare Donec a Sed in in blandit at magnis risus Cras augue ', '2020-01-16 20:41:22', '2020-01-16 20:41:22'),
(1266, 807, 13, 'maximus nulla odio neque feugiat mi penatibus odio eleifend tempus varius fermentum sem ex elit Donec diam et eleifend et ipsum consequat consectetur ex justo maximus ante eget maximus arcu odio volutpat montes ligula ante felis id sodales vitae condimentum accumsan Fusce et dolor ', '2020-02-11 02:02:23', '2020-02-11 02:02:23'),
(1267, 807, 18, 'ridiculus laoreet ultricies nisi efficitur magna amet dui ante molestie varius sit eu faucibus ipsum egestas ac Donec vitae dui efficitur dolor purus feugiat risus sem consectetur odio libero faucibus id tristique convallis scelerisque in ', '2019-08-16 03:13:14', '2019-08-16 03:13:14'),
(1268, 808, 15, 'dui Cras iaculis velit mattis nisi ante fames elit mattis lorem dolor faucibus dui odio Nunc penatibus rutrum at elit accumsan velit imperdiet lorem bibendum luctus velit eu nec in eros dolor est quam leo at accumsan quam adipiscing Ut at fermentum nec ', '2020-02-19 21:17:53', '2020-02-19 21:17:53'),
(1269, 808, 16, 'pellentesque lacinia efficitur Donec tempus in tempor dolor est metus elementum purus purus turpis a Fusce eros amet erat ', '2020-02-18 20:10:45', '2020-02-18 20:10:45'),
(1270, 808, 17, 'et faucibus Interdum varius tristique ornare Pellentesque imperdiet elit Etiam mus Lorem consectetur quis fermentum odio tincidunt vel at cursus Fusce eget maximus ultrices interdum Integer varius eget a mi finibus lacinia Donec a luctus nec libero erat vulputate laoreet nibh ', '2020-02-26 05:22:41', '2020-02-26 05:22:41'),
(1271, 808, 15, 'ante viverra urna tempor vitae et dui convallis risus sapien quis a Vivamus augue lorem scelerisque pulvinar accumsan id quis Nullam eget Etiam in quis bibendum molestie in eu quis magnis orci Orci in dolor Aenean nec dolor volutpat nisi quis lobortis Ut et facilisis adipiscing rhoncus erat ', '2020-02-19 05:06:24', '2020-02-19 05:06:24'),
(1272, 808, 19, 'at risus maximus dolor at leo neque Fusce sagittis bibendum Nullam at amet maximus varius eget massa in fames pulvinar sed in eget ornare Proin a Donec risus risus eu faucibus ullamcorper ipsum tempor nisl pretium auctor Pellentesque vestibulum ', '2020-02-28 16:59:38', '2020-02-28 16:59:38'),
(1273, 809, 15, 'in Donec congue tempus a Donec efficitur neque justo Donec tempor et Donec lectus vitae tincidunt dignissim penatibus neque accumsan ', '2020-03-01 01:46:12', '2020-03-01 01:46:12'),
(1274, 809, 17, 'in erat lacinia suscipit justo eget velit sit congue risus Phasellus euismod natoque amet Integer ', '2020-03-01 08:36:40', '2020-03-01 08:36:40'),
(1275, 809, 15, 'dolor natoque sagittis accumsan quis mi blandit tincidunt nisl Nunc ', '2020-03-01 08:36:13', '2020-03-01 08:36:13'),
(1276, 811, 16, 'et iaculis urna mauris odio diam a maximus ex feugiat Phasellus justo magnis ac amet odio molestie vestibulum quis arcu consequat sagittis dis nunc in quis commodo vulputate nisi at varius cursus dolor commodo non risus amet varius quis Morbi arcu est ', '2020-02-27 19:18:54', '2020-02-27 19:18:54'),
(1277, 812, 20, 'penatibus magna fringilla elit tellus ligula amet consequat mattis Donec varius magnis at ipsum non quis elit vestibulum Donec tellus malesuada Donec pretium sagittis enim condimentum ', '2020-01-11 01:23:39', '2020-01-11 01:23:39'),
(1278, 812, 13, 'ex fermentum vestibulum fringilla elit pulvinar justo accumsan dui justo Donec Integer magnis Integer Quisque gravida lorem In dolor iaculis quis justo et viverra lobortis auctor ', '2019-12-25 03:32:20', '2019-12-25 03:32:20'),
(1279, 812, 11, 'odio mus tempus parturient libero tristique dis varius consectetur varius dui velit varius et pulvinar tempus parturient ', '2020-02-22 03:24:21', '2020-02-22 03:24:21'),
(1280, 812, 19, 'vehicula nisi orci ac vehicula porttitor in volutpat pellentesque condimentum odio convallis nisi eu pellentesque rhoncus consequat magna Proin ', '2019-12-24 22:33:19', '2019-12-24 22:33:19'),
(1281, 813, 13, 'euismod nunc dignissim neque Sed posuere et mi nibh quis ac Pellentesque rhoncus vel ut eu accumsan ornare Donec Fusce quis ', '2019-12-30 20:37:47', '2019-12-30 20:37:47'),
(1282, 813, 17, 'sit lacinia nunc quis tincidunt ut Mauris maximus montes nisi pharetra nisi laoreet ornare Proin Etiam molestie amet mattis laoreet lacinia quis sed montes dui eu suscipit fringilla vel natoque at magnis ridiculus dui diam at eu ex suscipit Morbi molestie nec maximus nascetur commodo ornare Mauris finibus ', '2019-12-10 16:06:59', '2019-12-10 16:06:59'),
(1283, 813, 17, 'odio fringilla malesuada id at fames urna at nisi mi nisi Vivamus varius molestie tempus ', '2019-12-25 16:07:49', '2019-12-25 16:07:49'),
(1284, 813, 19, 'ornare mattis mi volutpat arcu mi at adipiscing vehicula Phasellus fringilla pellentesque bibendum varius Sed faucibus sem ', '2019-12-23 16:01:41', '2019-12-23 16:01:41'),
(1285, 813, 19, 'maximus nec tellus at Fusce accumsan Donec auctor erat ipsum neque dapibus luctus elit Donec vitae justo dui ', '2020-02-24 03:18:42', '2020-02-24 03:18:42'),
(1286, 814, 1, 'a at fames quis urna natoque nec elit amet amet Nullam dis odio lacinia vehicula sapien arcu lacus arcu Fusce tempor Mauris Nunc ', '2020-02-27 08:25:53', '2020-02-27 08:25:53'),
(1287, 814, 17, 'lectus in fringilla ultricies ac justo ipsum at accumsan vitae tempor in commodo orci consequat pretium interdum scelerisque eu varius erat augue varius varius imperdiet at a Proin Vivamus fermentum elit montes Fusce Donec feugiat ornare odio Ut ac velit tempor ante ultrices a ', '2020-02-28 08:16:39', '2020-02-28 08:16:39'),
(1288, 814, 18, 'tellus accumsan auctor lacinia nec magna metus nisi in magna laoreet fringilla nulla justo accumsan eu tellus at maximus quis vulputate erat elit in Pellentesque Nunc at felis congue In vel euismod quis congue leo ex consequat quis gravida tempus posuere malesuada ac nunc ', '2020-02-26 09:21:55', '2020-02-26 09:21:55'),
(1289, 814, 18, 'est tellus Vivamus quis cursus a dolor ipsum neque a feugiat Fusce tellus lobortis nec quis feugiat Vivamus arcu posuere sapien lobortis in non sed egestas euismod dui fermentum nunc mattis ac eget a maximus vitae id purus ac justo egestas sit est ipsum mi odio varius ', '2020-02-28 16:41:45', '2020-02-28 16:41:45'),
(1290, 814, 17, 'felis consequat et eget neque Donec nunc Vivamus consectetur dis Donec eget natoque nisi elit ', '2020-02-29 21:22:16', '2020-02-29 21:22:16'),
(1291, 815, 17, 'lobortis posuere sem tincidunt massa mi malesuada ultricies in odio suscipit ac bibendum nec mus varius at Suspendisse Donec purus quis vitae vel fames risus eu sed tempus elementum malesuada Proin urna ipsum consectetur erat sapien ', '2019-12-22 00:25:50', '2019-12-22 00:25:50'),
(1292, 815, 13, 'quis ornare parturient at odio mi eget Pellentesque eget augue elementum accumsan eu accumsan neque felis urna placerat erat imperdiet urna ', '2020-01-08 05:26:01', '2020-01-08 05:26:01'),
(1293, 815, 18, 'molestie dignissim non porttitor vestibulum odio quis lobortis ipsum Morbi Donec lacinia Quisque malesuada at dapibus imperdiet Donec congue Integer congue nec auctor a augue at ', '2020-01-27 07:45:18', '2020-01-27 07:45:18'),
(1294, 815, 17, 'at eu maximus vehicula justo auctor risus maximus a vel et vel maximus elit mattis eget augue faucibus in a placerat Vivamus odio molestie consectetur tortor risus varius est odio tempor odio ex facilisis eget sit natoque semper ', '2020-02-03 18:03:34', '2020-02-03 18:03:34'),
(1295, 816, 1, 'elit dapibus justo est Nullam blandit erat nec nibh maximus Nam vitae semper ullamcorper congue ultricies Etiam Ut pulvinar accumsan Pellentesque varius accumsan eget quis a orci Donec Phasellus quis lorem efficitur gravida consequat odio odio magnis justo a finibus odio dolor ultrices natoque molestie vestibulum quis iaculis vitae viverra ', '2020-02-27 19:05:34', '2020-02-27 19:05:34'),
(1296, 816, 21, 'eu sagittis vel Fusce elit Nullam neque in vitae non in ipsum dapibus vel sapien in suscipit Cras Nunc egestas Fusce erat Donec nunc iaculis neque molestie at gravida amet tempus condimentum vitae sem nulla ', '2020-01-29 17:57:01', '2020-01-29 17:57:01'),
(1297, 816, 16, 'montes amet vitae quis sodales sodales consectetur vel non dis Proin ornare magnis eget neque dui magna fringilla neque ex quam fermentum pretium molestie consectetur ', '2020-02-15 05:29:01', '2020-02-15 05:29:01'),
(1298, 816, 18, 'penatibus vulputate Interdum elit orci ac turpis in leo sit imperdiet justo luctus purus Proin Proin Donec ridiculus euismod luctus ', '2019-12-07 02:18:27', '2019-12-07 02:18:27'),
(1299, 816, 14, 'mi ex vitae sem primis diam eros tellus accumsan est lacinia faucibus mus neque Nunc ', '2020-01-04 11:47:37', '2020-01-04 11:47:37'),
(1300, 817, 14, 'augue risus Integer gravida elit molestie natoque vitae dolor at Quisque nec varius commodo varius dolor Fusce lacus vulputate tincidunt Vestibulum vehicula laoreet ultricies quis pellentesque sapien quis id vestibulum fermentum pellentesque nulla eget diam odio Donec accumsan malesuada eget gravida vel parturient ac a lectus velit eros ante a ', '2020-02-04 22:17:52', '2020-02-04 22:17:52'),
(1301, 817, 16, 'laoreet gravida at luctus a mi pellentesque amet Suspendisse vel ante risus ipsum elementum ', '2019-12-26 08:42:10', '2019-12-26 08:42:10'),
(1302, 817, 20, 'mi est fermentum Fusce Sed dui quis lacinia ac velit in nec ultrices leo vel Nullam ', '2019-12-08 16:29:38', '2019-12-08 16:29:38'),
(1303, 817, 17, 'pellentesque molestie pulvinar quis ac Sed maximus aliquam quis augue facilisis mattis et sit neque Donec id ligula In laoreet mi tortor quam scelerisque magnis mi sed dapibus molestie Ut nisi sem vel nulla vestibulum nunc massa luctus Nullam amet at in ex pretium ', '2020-02-11 11:15:28', '2020-02-11 11:15:28'),
(1304, 817, 13, 'tempus quis magnis risus maximus mattis vitae risus maximus vehicula nec justo urna Mauris accumsan interdum eget at ac a id nunc ac nulla interdum molestie id Vivamus malesuada ultricies Donec arcu Morbi ridiculus Vestibulum Fusce libero posuere ', '2020-01-07 07:10:19', '2020-01-07 07:10:19'),
(1305, 819, 17, 'dapibus vel feugiat iaculis in luctus Vivamus egestas augue odio rutrum ante vitae lacus at viverra odio Orci id molestie orci quis faucibus est malesuada nisi faucibus massa at magna natoque posuere pulvinar justo accumsan Pellentesque dolor est sed quis rhoncus erat et orci dolor dolor ', '2019-12-27 02:25:48', '2019-12-27 02:25:48'),
(1306, 819, 15, 'fames justo consectetur tempor parturient sed fringilla lorem auctor sem at Donec maximus Pellentesque at luctus vestibulum in Integer mi varius urna vehicula parturient accumsan parturient montes pretium vel velit posuere neque a lacus libero id varius auctor bibendum ', '2019-12-29 01:36:06', '2019-12-29 01:36:06'),
(1307, 819, 20, 'eget montes lorem in sed vestibulum maximus vitae Morbi a purus et ipsum condimentum iaculis elit ac nec tempus ipsum ante ex ex ultricies magnis accumsan a Donec ligula ', '2020-01-11 01:47:01', '2020-01-11 01:47:01'),
(1308, 819, 17, 'justo a sit sed sapien Sed vitae congue nisi diam Donec interdum elementum ornare ', '2019-12-20 02:50:48', '2019-12-20 02:50:48'),
(1309, 819, 20, 'odio erat arcu facilisis a nascetur libero a tellus nisi et Donec interdum Integer Cras cursus faucibus in orci ante diam tempor natoque primis Orci sed Integer lectus risus mi velit non interdum quam Fusce ', '2019-12-24 06:22:50', '2019-12-24 06:22:50'),
(1310, 820, 14, 'scelerisque vel nec ornare Donec vel eget purus quis augue erat accumsan accumsan scelerisque in accumsan lacus nisi sapien sapien finibus consequat parturient id gravida nunc vehicula nisi nisl ipsum dui ornare dui condimentum efficitur nisi a pellentesque vitae a velit diam vel ', '2020-02-21 13:13:53', '2020-02-21 13:13:53'),
(1311, 820, 16, 'a nec felis amet interdum fermentum ex eget lobortis purus Nunc risus tincidunt mattis amet nec sem nisi Donec faucibus leo ornare quis at sit vitae laoreet in sapien erat ', '2019-10-23 06:31:10', '2019-10-23 06:31:10'),
(1312, 820, 19, 'elementum tincidunt convallis sapien Mauris Nullam auctor vitae neque semper id iaculis nascetur egestas consectetur penatibus neque nunc Donec est Nunc Nullam Vestibulum pharetra id risus Suspendisse at faucibus orci pulvinar est nisi a vitae Nam a elit ', '2019-12-18 11:18:42', '2019-12-18 11:18:42'),
(1313, 821, 19, 'congue ornare luctus natoque quam dis eget egestas efficitur Nunc Donec Pellentesque enim eros in posuere facilisis sit eu Proin ac Proin dolor in lacinia malesuada ', '2019-11-20 11:04:48', '2019-11-20 11:04:48'),
(1314, 821, 17, 'neque amet leo ipsum erat tellus fringilla ac laoreet odio interdum eget libero enim rutrum sem in nisl Morbi magnis lectus ipsum est ante diam varius arcu a scelerisque Morbi nisl maximus laoreet in ', '2019-11-21 00:56:07', '2019-11-21 00:56:07'),
(1315, 821, 15, 'luctus id eget mattis tincidunt odio orci in luctus penatibus ', '2019-10-23 12:27:32', '2019-10-23 12:27:32'),
(1316, 822, 14, 'varius Sed mauris quis lacinia luctus orci ultrices elementum pellentesque sit faucibus commodo elit mi magna Nunc nisl tincidunt eu Fusce tristique gravida consectetur Proin ultrices dapibus vestibulum lacus sem convallis Sed nec leo ', '2020-01-27 10:58:34', '2020-01-27 10:58:34'),
(1317, 822, 20, 'Donec rutrum nunc neque arcu neque tellus dapibus varius vel rutrum ex molestie purus interdum eleifend Phasellus pulvinar at ornare convallis euismod a ac dis maximus condimentum et Etiam fermentum purus gravida maximus ut feugiat odio arcu congue congue est Cras ', '2020-02-11 13:23:08', '2020-02-11 13:23:08'),
(1318, 823, 20, 'fermentum dui feugiat lacus venenatis magna massa quis purus Integer arcu et quis est vestibulum urna sed felis pellentesque in vehicula varius varius Integer Nam vel auctor odio Cras eu dapibus Cras tristique Mauris a interdum nascetur ', '2019-09-18 18:16:35', '2019-09-18 18:16:35'),
(1319, 823, 20, 'Interdum Suspendisse quis augue porttitor dui fringilla a dis Donec quis accumsan Phasellus lacus mattis auctor at auctor primis at vitae ', '2019-12-30 11:37:01', '2019-12-30 11:37:01'),
(1320, 824, 15, 'Vestibulum sapien Fusce dui justo pellentesque ipsum maximus vel in iaculis sapien Mauris facilisis at ultrices molestie pellentesque pulvinar porttitor neque Donec sit ac ullamcorper Etiam pretium egestas volutpat Donec lorem in convallis non gravida Donec quis volutpat penatibus id diam justo ', '2020-01-28 02:10:31', '2020-01-28 02:10:31'),
(1321, 824, 14, 'mi elit eros natoque faucibus odio lacinia sem turpis interdum sapien quam interdum eu primis vel risus quam sit viverra enim sapien Suspendisse odio tincidunt elementum Nullam Cras fermentum ultrices risus amet augue bibendum Nunc egestas ac Lorem tellus eget lacus penatibus eu viverra Etiam Cras ', '2019-11-27 19:37:11', '2019-11-27 19:37:11'),
(1322, 824, 7, 'elit odio Pellentesque sed gravida ipsum interdum justo diam nulla ornare Phasellus elementum vitae in Nunc nibh erat magna Donec ornare ', '2019-08-08 18:25:24', '2019-08-08 18:25:24'),
(1323, 824, 21, 'tellus risus consequat elit vel at natoque id Nullam quis congue eu erat dolor ipsum neque id massa in diam Vivamus tempor eu libero ridiculus augue justo maximus bibendum tellus Fusce nunc laoreet in tempus faucibus risus ', '2019-09-03 13:09:35', '2019-09-03 13:09:35'),
(1324, 825, 17, 'bibendum quis justo consequat facilisis at odio magna vel Donec id penatibus magna velit Suspendisse scelerisque tempor vitae ante dui ac pulvinar Vivamus Ut eget Nullam vehicula ultricies quis natoque arcu ac ornare risus id adipiscing ', '2019-07-12 19:29:04', '2019-07-12 19:29:04'),
(1325, 825, 17, 'placerat neque dui quis augue in at Donec amet molestie eu Nunc in faucibus non orci sagittis Fusce elit mattis erat augue congue ', '2019-12-10 18:38:48', '2019-12-10 18:38:48'),
(1326, 825, 14, 'natoque sit Phasellus fames ipsum a pulvinar primis Phasellus facilisis justo parturient ', '2020-01-03 11:11:22', '2020-01-03 11:11:22'),
(1327, 826, 21, 'Donec luctus tempus accumsan laoreet varius magna non Quisque et gravida egestas ex non ac lacinia nisi elementum varius dolor malesuada id venenatis arcu nec congue interdum ipsum dapibus maximus odio Quisque at tortor quis tempus et amet Mauris sapien ', '2020-02-11 05:40:24', '2020-02-11 05:40:24'),
(1328, 826, 18, 'nunc odio interdum accumsan sed ut Donec non vitae lorem vel vulputate vitae rutrum odio ', '2020-01-21 15:25:10', '2020-01-21 15:25:10'),
(1329, 826, 18, 'eu erat nibh vestibulum vel lacinia nisi nascetur in dui tempus Nullam tristique vitae tellus dapibus tempus in tempus dis Fusce maximus Fusce Aenean luctus ac Proin nisl congue velit tellus at at aliquam odio parturient ac sit nec luctus ultrices pulvinar Cras Quisque faucibus tortor feugiat vitae malesuada ', '2020-02-19 15:28:28', '2020-02-19 15:28:28'),
(1330, 827, 13, 'vehicula sed vel facilisis eget sapien Fusce vestibulum magna amet accumsan vel sem Nullam elit sagittis quis Mauris ', '2019-12-31 15:51:23', '2019-12-31 15:51:23'),
(1331, 827, 20, 'montes nisi mattis laoreet lacinia Pellentesque sagittis molestie ipsum aliquam Mauris justo purus ridiculus nunc vitae nec tempor Nullam feugiat Nullam tincidunt eleifend nec fringilla imperdiet justo pulvinar Mauris elit odio dolor dis risus tempor ornare ante at molestie pulvinar dui sed ullamcorper lacus sapien bibendum nisl neque ', '2020-01-12 16:52:58', '2020-01-12 16:52:58'),
(1332, 827, 17, 'sed suscipit sem gravida ex elit ultrices tellus erat felis magna velit ', '2019-10-27 06:41:56', '2019-10-27 06:41:56'),
(1333, 827, 20, 'pulvinar nunc viverra congue fermentum consequat erat consequat erat tincidunt blandit faucibus et molestie laoreet nisl Donec id pulvinar molestie dolor ornare Fusce Cras quis in at Mauris consequat est ', '2020-02-22 20:05:12', '2020-02-22 20:05:12'),
(1334, 830, 16, 'at risus mattis lectus sed et bibendum dolor ante quis Nam luctus eget maximus pretium id Vivamus Morbi magna in nunc Proin quis arcu dis tortor condimentum Donec nisi lobortis Aenean commodo Aenean sapien ut suscipit sed id facilisis natoque elit semper dolor quis lectus metus placerat elit ', '2020-01-13 15:05:40', '2020-01-13 15:05:40'),
(1335, 830, 15, 'magna interdum tincidunt est mauris Fusce condimentum aliquam Nullam Fusce Cras id odio Lorem faucibus at ', '2019-10-04 06:11:27', '2019-10-04 06:11:27'),
(1336, 832, 15, 'accumsan sed ac eget vehicula in fames Integer malesuada Nullam ut nec dui tristique Donec Vivamus molestie ultrices dolor primis pulvinar blandit maximus condimentum et varius Nullam tincidunt neque et egestas vel nisi nec vel pellentesque risus diam vel est ', '2020-02-18 01:21:31', '2020-02-18 01:21:31'),
(1337, 832, 20, 'imperdiet eget a tempus dui dolor efficitur id mi quam ac justo gravida varius Orci sit massa Ut Nunc Fusce ', '2020-02-29 15:33:49', '2020-02-29 15:33:49'),
(1338, 833, 14, 'amet mattis Pellentesque Fusce turpis lacus erat fringilla sit at diam luctus quis viverra amet Pellentesque pellentesque Donec augue ante dis efficitur enim fringilla odio est scelerisque vitae nunc neque vel parturient varius diam varius fermentum viverra ultrices neque a est at Vivamus nunc mi ', '2019-10-10 12:45:54', '2019-10-10 12:45:54'),
(1339, 833, 15, 'pellentesque erat lobortis Fusce viverra justo ipsum vitae sem et id vestibulum erat fermentum odio ornare Integer suscipit purus malesuada tristique sapien velit sapien velit Ut nec accumsan Morbi nascetur eleifend congue nec Donec eu tellus commodo felis montes dapibus ', '2019-06-24 00:51:54', '2019-06-24 00:51:54'),
(1340, 833, 19, 'diam orci sit accumsan amet ultricies neque viverra ex luctus eget fringilla eleifend eget malesuada neque vitae ultricies nisi Cras diam maximus quis faucibus odio mattis nibh quis libero Quisque risus tortor eleifend nec Morbi dolor sodales suscipit quis est justo ipsum fringilla vel a ', '2019-07-17 03:54:33', '2019-07-17 03:54:33'),
(1341, 834, 3, 'eu malesuada nulla mattis neque malesuada velit sodales Nullam vel congue nisi amet sodales faucibus finibus nec vel vitae ac egestas lectus risus maximus Donec mi ', '2020-02-29 06:47:15', '2020-02-29 06:47:15'),
(1342, 834, 18, 'varius Aenean tincidunt Donec Pellentesque dapibus Nullam vehicula semper lorem molestie montes Sed justo in et consequat quam felis nunc vel tincidunt eu ', '2019-11-23 12:39:56', '2019-11-23 12:39:56'),
(1343, 834, 16, 'blandit Phasellus pharetra interdum imperdiet vestibulum tellus nascetur Suspendisse est sagittis nunc interdum diam vestibulum at dolor non dapibus elementum pulvinar eros ipsum feugiat nunc accumsan pulvinar sed volutpat luctus egestas lorem iaculis Vivamus finibus fames varius consectetur quis convallis ', '2019-12-29 18:54:34', '2019-12-29 18:54:34'),
(1344, 834, 17, 'maximus odio Nullam orci elit sed dis dolor feugiat nascetur ridiculus Proin tempor adipiscing ultricies id leo parturient erat nunc sagittis Proin accumsan adipiscing Mauris Integer mi interdum suscipit enim mauris erat tellus odio semper dapibus Donec justo consequat elit nisi fermentum orci dolor tincidunt ex Etiam id ', '2019-12-22 11:01:42', '2019-12-22 11:01:42'),
(1345, 835, 14, 'in dui scelerisque at tempor accumsan sagittis mattis sodales vehicula orci at est erat non non odio id non ', '2020-02-29 22:06:16', '2020-02-29 22:06:16'),
(1346, 836, 15, 'auctor Quisque tellus faucibus vehicula varius Mauris lorem dapibus aliquam sem scelerisque a massa elementum at amet Vivamus faucibus pulvinar imperdiet finibus neque arcu ', '2019-12-29 11:13:20', '2019-12-29 11:13:20'),
(1347, 837, 20, 'feugiat faucibus justo nec maximus lacus arcu molestie consequat interdum tempus enim Ut sapien erat gravida fermentum auctor diam Fusce efficitur volutpat purus sem sapien varius a sit dolor nisi bibendum Proin vel vehicula at Etiam fermentum accumsan Fusce Fusce quam ', '2020-02-07 12:54:15', '2020-02-07 12:54:15'),
(1348, 837, 14, 'facilisis ultrices eros nec at tellus fermentum diam a dolor quis vel ', '2020-02-09 00:58:51', '2020-02-09 00:58:51'),
(1349, 837, 15, 'vel rhoncus molestie diam maximus imperdiet pulvinar pharetra Nullam molestie at arcu pretium amet et Quisque varius lorem auctor arcu dui faucibus Donec Lorem ornare maximus lorem ante ipsum Donec sapien neque ornare pretium gravida fringilla dui quis risus lobortis quis ultricies ', '2020-02-07 19:00:48', '2020-02-07 19:00:48'),
(1350, 837, 21, 'sem Donec primis et justo diam in fringilla magnis Quisque tortor varius facilisis accumsan bibendum Fusce dolor gravida elementum varius sit Donec enim maximus volutpat quis neque sagittis magnis a congue interdum sit sit enim Phasellus fermentum non risus ornare ', '2020-02-27 13:34:17', '2020-02-27 13:34:17'),
(1351, 838, 21, 'blandit pulvinar at tincidunt sed amet purus malesuada quam eros nulla a velit luctus nec magna ac nunc dui Vestibulum libero magnis In efficitur risus Integer in commodo nibh ipsum augue dolor nec tincidunt luctus faucibus elit turpis elit a elit congue tellus ', '2019-10-15 05:04:07', '2019-10-15 05:04:07'),
(1352, 839, 20, 'ac elit Aenean neque Nunc libero odio Nunc auctor Vivamus egestas placerat Quisque molestie tempor scelerisque Quisque fermentum gravida Aenean vestibulum ut lobortis risus laoreet egestas tempor maximus dolor sapien Fusce molestie varius massa id elit Fusce varius viverra tempus Quisque facilisis posuere a risus Morbi volutpat ', '2020-02-21 03:42:09', '2020-02-21 03:42:09'),
(1353, 840, 18, 'mauris mauris pellentesque blandit eu neque eu Morbi Interdum Interdum nisl vehicula auctor arcu at volutpat Phasellus est quis nisi mi metus sapien Donec at sem Vivamus eget Aenean arcu urna euismod suscipit Orci malesuada odio neque eget vitae ornare tortor pulvinar posuere id dolor ', '2019-11-30 12:47:09', '2019-11-30 12:47:09'),
(1354, 840, 21, 'eu vel vel iaculis justo In iaculis Donec finibus felis dolor lectus nisi sed Donec lacus in dui suscipit quis pellentesque at magna risus mi Quisque ornare tempor ', '2019-10-08 10:46:17', '2019-10-08 10:46:17'),
(1355, 841, 15, 'risus Orci mi a erat a a pulvinar iaculis vitae adipiscing ornare aliquam purus sed consequat eros Nunc Pellentesque laoreet Fusce ante vitae neque est accumsan nunc euismod ullamcorper feugiat magna ', '2019-09-06 16:35:32', '2019-09-06 16:35:32'),
(1356, 841, 17, 'justo fames a Proin dolor et dis sem orci justo accumsan diam eros laoreet Mauris vel viverra purus laoreet a et metus non dui magnis fringilla porttitor dolor ac pulvinar mauris dui fermentum Phasellus ', '2020-02-09 07:37:08', '2020-02-09 07:37:08'),
(1357, 843, 15, 'quis ultrices quis nisi risus sem magnis scelerisque consequat quis pulvinar et blandit elementum molestie molestie ut pharetra condimentum accumsan elit Fusce nisl fringilla Ut arcu ornare blandit finibus justo quis nec iaculis ipsum sit magna dolor justo ridiculus neque tincidunt odio ante at consequat eu sem et non at ', '2020-02-10 07:43:38', '2020-02-10 07:43:38'),
(1358, 843, 20, 'tempor viverra Cras laoreet vehicula nec natoque pulvinar eros ultricies in ante Donec ridiculus felis id nec nunc mi sit eros libero volutpat commodo ullamcorper nunc semper interdum Proin ', '2019-10-05 03:37:23', '2019-10-05 03:37:23'),
(1359, 843, 20, 'erat purus neque sem varius nascetur vel varius Vivamus pretium amet nec luctus fermentum finibus pulvinar Vivamus ac nec mus ac primis accumsan molestie nec a risus laoreet eu eget vel bibendum varius Morbi semper neque consectetur lacus nec commodo Pellentesque odio odio facilisis ', '2019-10-20 23:52:21', '2019-10-20 23:52:21'),
(1360, 843, 13, 'venenatis magna quis mi ultricies Quisque fringilla neque iaculis maximus imperdiet quis justo eget arcu quis eget eget tempor sit tristique ', '2020-01-08 09:55:32', '2020-01-08 09:55:32'),
(1361, 844, 18, 'nisi arcu leo rhoncus amet rutrum adipiscing scelerisque vehicula et a tellus risus nulla vel dolor montes rutrum a malesuada ', '2020-01-23 16:04:09', '2020-01-23 16:04:09'),
(1362, 844, 14, 'Nunc velit commodo in Phasellus ultrices convallis Fusce eu sit elit nascetur luctus leo vestibulum Vestibulum varius tempor nibh Cras eget sem ullamcorper auctor luctus pellentesque vehicula pulvinar vestibulum ', '2020-02-07 04:18:24', '2020-02-07 04:18:24'),
(1363, 844, 17, 'in malesuada sem blandit vestibulum amet Integer at congue feugiat vehicula auctor Pellentesque eget Pellentesque luctus neque est imperdiet at justo at bibendum tellus Proin risus elementum erat diam in Cras dui laoreet dolor ultrices ', '2019-12-17 14:38:53', '2019-12-17 14:38:53'),
(1364, 844, 17, 'magna interdum Proin congue leo tortor Morbi nec velit nulla mauris condimentum ex eget sit laoreet enim sapien at eu diam fermentum vestibulum vitae a tellus condimentum nisl ', '2019-09-04 09:34:34', '2019-09-04 09:34:34'),
(1365, 845, 14, 'dis ultricies eget lacus commodo augue velit Donec volutpat amet sit ', '2019-07-11 16:42:55', '2019-07-11 16:42:55'),
(1366, 846, 21, 'pellentesque sagittis sem quis lectus Fusce et quis varius nibh parturient suscipit Cras ', '2020-02-22 04:17:46', '2020-02-22 04:17:46'),
(1367, 846, 15, 'scelerisque feugiat felis ante elementum sit nascetur Interdum erat in ultrices Nullam magna egestas erat molestie eu a orci risus nisi vel eget ipsum parturient montes nec faucibus quam vehicula mus consectetur et ultricies quam a quis eu non Suspendisse dis risus faucibus ', '2020-02-29 06:23:27', '2020-02-29 06:23:27'),
(1368, 846, 14, 'egestas condimentum quam leo erat erat pellentesque felis sit suscipit auctor justo eu Nullam Proin faucibus vitae cursus feugiat magna tincidunt vitae non odio dapibus parturient est amet in vulputate Morbi quis ornare in facilisis penatibus vitae Interdum vestibulum volutpat mi in tempor Fusce ornare ', '2020-01-25 05:18:01', '2020-01-25 05:18:01'),
(1369, 846, 8, 'erat In molestie dui vel id nec odio ipsum nulla varius Mauris quis lobortis vitae vitae vitae velit Donec massa purus vel ', '2020-01-23 16:19:40', '2020-01-23 16:19:40'),
(1370, 847, 21, 'bibendum congue penatibus nascetur turpis diam Fusce lectus faucibus pulvinar ut sit feugiat Proin feugiat dui at eget nisi elit Donec ipsum diam odio diam magnis lacinia est Nullam vestibulum ', '2020-02-18 16:22:36', '2020-02-18 16:22:36'),
(1371, 847, 15, 'erat nisi tellus nulla diam ac tortor eget mi elit dolor nulla Vivamus dis Vivamus Suspendisse laoreet odio risus ipsum feugiat In in purus vel parturient laoreet tellus eu pulvinar nulla Nam ', '2020-02-18 02:52:21', '2020-02-18 02:52:21'),
(1372, 847, 19, 'vel non Vestibulum condimentum id Interdum pellentesque finibus et mattis urna In ', '2020-02-13 03:11:30', '2020-02-13 03:11:30'),
(1373, 847, 14, 'dui vel eros tellus at adipiscing viverra ullamcorper neque lobortis lobortis diam cursus ultricies dui commodo Nullam sed arcu dui Interdum magna fringilla Nullam lorem malesuada varius ridiculus ', '2020-02-08 23:34:06', '2020-02-08 23:34:06'),
(1374, 849, 19, 'ac lacus vel sem eget maximus maximus eu commodo vitae molestie laoreet dui lacus laoreet a Nullam placerat Mauris Pellentesque pulvinar justo enim congue erat orci primis justo eget sagittis elit nisi a mi enim justo Donec Orci egestas molestie pulvinar nunc condimentum in arcu erat et porttitor faucibus ante ', '2019-10-08 15:39:00', '2019-10-08 15:39:00'),
(1375, 849, 14, 'quis maximus nulla in erat est nisl egestas velit Nunc Donec volutpat tincidunt Proin velit sit pellentesque Donec nec non arcu dolor penatibus tellus libero blandit Nunc faucibus facilisis In ', '2019-12-07 23:02:03', '2019-12-07 23:02:03'),
(1376, 850, 11, 'erat Vivamus quis faucibus egestas diam nisi faucibus finibus tellus vitae eget non nisi Orci in ', '2019-09-11 09:14:34', '2019-09-11 09:14:34'),
(1377, 850, 13, 'pharetra Nam erat dui luctus non id nisi at congue dolor velit ullamcorper dis iaculis Pellentesque a vitae accumsan suscipit diam vel Suspendisse viverra mauris auctor dolor Ut Nunc tristique diam in tortor eros laoreet justo metus dapibus sit laoreet in posuere dolor quam amet ornare Suspendisse ', '2019-11-26 09:55:26', '2019-11-26 09:55:26'),
(1378, 851, 18, 'feugiat malesuada mattis primis sit Nullam efficitur Integer ante aliquam vel Fusce tellus bibendum natoque lacinia sagittis nisl sem posuere eget neque nulla sapien ultricies ipsum ex vitae ac lacinia ipsum laoreet felis amet vitae nec nec in Nunc tortor dolor sem faucibus luctus augue natoque ', '2019-12-12 09:46:30', '2019-12-12 09:46:30'),
(1379, 851, 21, 'dui nulla Donec mattis tincidunt lacinia nec id Donec velit quis pulvinar a maximus nec nisi Vivamus diam iaculis vel nunc vitae vel Donec risus consectetur vehicula iaculis faucibus ', '2020-01-09 07:28:44', '2020-01-09 07:28:44'),
(1380, 851, 16, 'ipsum tincidunt feugiat sodales at id condimentum pellentesque nisi lorem eros Nullam nisl suscipit non auctor ', '2019-10-31 05:33:46', '2019-10-31 05:33:46'),
(1381, 851, 17, 'mattis dui Fusce fringilla varius massa faucibus ipsum egestas dis Aenean nunc auctor tempor non mattis fringilla sit eleifend laoreet accumsan elit ante aliquam nisi sit ', '2020-02-21 08:47:07', '2020-02-21 08:47:07'),
(1382, 851, 21, 'nec sed lacus scelerisque amet fermentum at Nullam in sed arcu erat vehicula purus mus Donec suscipit malesuada scelerisque bibendum magnis a lacus dolor urna Ut mattis sit bibendum ', '2019-12-02 13:39:03', '2019-12-02 13:39:03'),
(1383, 852, 13, 'odio vestibulum elit tempor facilisis in tincidunt mi Integer erat nec tellus dapibus congue quis a pharetra tincidunt Ut mi ', '2020-02-28 10:12:36', '2020-02-28 10:12:36'),
(1384, 853, 14, 'Proin Phasellus fringilla libero est nunc amet Nullam Nullam eu congue nec risus eget Fusce pretium sed auctor faucibus sodales nisi efficitur amet accumsan a a Nullam malesuada quam ante accumsan ornare mus ', '2019-10-24 12:57:43', '2019-10-24 12:57:43'),
(1385, 853, 21, 'at Ut nec amet Proin vel lorem interdum Cras finibus a Donec nascetur Donec rhoncus faucibus Donec ornare nulla maximus blandit accumsan elit ornare ante varius vestibulum ', '2019-11-26 01:48:47', '2019-11-26 01:48:47'),
(1386, 853, 16, 'dis eros a ex quis varius nascetur risus dolor maximus ut at urna tempor risus ipsum eget nunc magnis velit Morbi elementum fermentum accumsan sem neque laoreet feugiat vel urna neque libero diam euismod id ', '2019-07-06 04:21:34', '2019-07-06 04:21:34'),
(1387, 853, 13, 'sem risus vel lobortis id Cras at fringilla Donec ante interdum pharetra odio Pellentesque velit at et odio arcu maximus ', '2019-08-24 15:58:25', '2019-08-24 15:58:25'),
(1388, 854, 13, 'a amet neque molestie tempus iaculis vitae vitae congue ipsum ', '2019-10-26 03:13:38', '2019-10-26 03:13:38'),
(1389, 854, 16, 'vestibulum maximus ligula tortor finibus arcu risus at vitae nisi vel nisi Mauris laoreet Donec libero eu velit erat lobortis ultrices elit quis augue Donec accumsan sit feugiat elit varius orci pellentesque scelerisque nisi ac ', '2019-10-09 04:45:41', '2019-10-09 04:45:41'),
(1390, 854, 21, 'nisi Interdum in Donec et vitae elit dapibus arcu mattis elit vulputate malesuada at velit arcu non a odio est nisi arcu quam eget congue et amet vel amet nisi dapibus vel in a mi Mauris ornare Ut ante molestie vestibulum justo sem dis ', '2019-12-27 16:47:06', '2019-12-27 16:47:06'),
(1391, 854, 13, 'ipsum sodales fringilla Donec odio Morbi augue nec neque accumsan mattis vitae orci accumsan odio tincidunt sit nec placerat ut diam urna nibh risus suscipit eu Orci sem accumsan gravida eget tristique felis maximus fermentum Proin ac interdum sit ligula mi aliquam vel quis mi justo elit dolor ', '2019-10-09 20:56:12', '2019-10-09 20:56:12'),
(1392, 855, 19, 'euismod ipsum mattis vestibulum orci Quisque a auctor egestas eu nisi lectus risus sapien feugiat congue fermentum Nullam diam ', '2020-02-01 09:55:46', '2020-02-01 09:55:46'),
(1393, 855, 19, 'nec eleifend egestas cursus eros justo Sed quam dapibus lorem risus ', '2020-01-30 02:56:06', '2020-01-30 02:56:06'),
(1394, 855, 16, 'posuere congue vitae tempor facilisis condimentum diam odio placerat fermentum et vitae quis neque fermentum egestas sem suscipit Donec magna ', '2019-10-03 21:29:26', '2019-10-03 21:29:26'),
(1395, 855, 17, 'gravida Donec aliquam faucibus dolor nec eros luctus auctor felis neque at id risus penatibus Nunc fringilla tellus luctus vehicula eu maximus id ac egestas iaculis dolor diam malesuada purus orci ac ipsum commodo erat elementum egestas at amet laoreet molestie interdum aliquam felis nec eros scelerisque eu mi ut ', '2020-01-24 18:02:51', '2020-01-24 18:02:51'),
(1396, 855, 18, 'Ut auctor orci scelerisque accumsan faucibus nisi in Proin scelerisque elit parturient molestie ipsum nisl accumsan Nunc eget lorem nec euismod lacinia Interdum libero ut dolor nibh varius ', '2019-11-11 00:32:08', '2019-11-11 00:32:08'),
(1397, 856, 18, 'Donec congue sem a nec sit egestas justo vitae quis at quis Pellentesque maximus porttitor vitae id condimentum natoque sed nec mi amet ex at Cras gravida ac dolor sit Mauris Nullam enim maximus maximus nunc quam vitae quis fermentum Donec ', '2019-11-06 14:08:43', '2019-11-06 14:08:43'),
(1398, 856, 14, 'consequat a Nullam cursus dui vel urna arcu mi laoreet tempor Integer sit eget at nibh nunc pellentesque nec at feugiat cursus Mauris at vestibulum viverra accumsan fames eu ante malesuada eget condimentum ut rhoncus euismod ', '2019-09-26 13:38:05', '2019-09-26 13:38:05'),
(1399, 856, 16, 'ex tempus dui risus parturient magnis mattis eu quis vitae neque a at lorem commodo dui ornare tempus nulla ipsum penatibus faucibus posuere quis nunc laoreet ornare posuere vel magna faucibus tempus nec ipsum Proin penatibus et lorem mi ', '2019-11-10 07:14:38', '2019-11-10 07:14:38'),
(1400, 856, 21, 'condimentum pharetra ac arcu ipsum neque velit quam congue vel Donec tempus vestibulum quam tincidunt diam Mauris eget finibus sagittis at interdum placerat laoreet dignissim Integer nunc porttitor sem fames leo ', '2019-12-15 11:08:06', '2019-12-15 11:08:06'),
(1401, 856, 18, 'vehicula sapien ut mi Fusce varius magnis Nam nisi in tempus neque orci ultrices ante Proin vel dui maximus libero in Proin fermentum ornare ultrices Ut ', '2020-01-12 11:02:55', '2020-01-12 11:02:55'),
(1402, 858, 16, 'laoreet tempor Nullam ullamcorper orci libero Donec libero Donec erat luctus Cras ipsum porttitor maximus Phasellus Donec luctus blandit urna vulputate dignissim nec ut ultricies Sed ', '2020-02-11 01:39:18', '2020-02-11 01:39:18'),
(1403, 859, 14, 'ultricies odio sagittis faucibus lacinia quis consectetur lacinia risus montes Sed non vitae at vestibulum tellus urna a quam rutrum scelerisque tempus ante accumsan non vestibulum a mus parturient Donec fermentum laoreet Nullam a Vivamus ', '2020-02-18 12:05:04', '2020-02-18 12:05:04'),
(1404, 859, 21, 'penatibus Lorem Suspendisse eu tristique nisi nisi sapien sit ac et elementum Ut libero commodo Vestibulum ', '2019-12-23 20:46:29', '2019-12-23 20:46:29'),
(1405, 860, 18, 'pulvinar erat viverra Ut lorem vel venenatis sem at fermentum Ut vitae penatibus pretium at Integer sem vehicula dolor leo nisi porttitor dui ipsum tellus Cras varius sagittis sit diam quis in suscipit condimentum non natoque vitae pellentesque mattis fermentum lectus ligula eget ac ', '2019-12-09 03:17:34', '2019-12-09 03:17:34'),
(1406, 860, 15, 'vitae vitae quis dis neque a Donec id dolor fermentum montes ac augue velit amet quis odio Lorem tempus Morbi scelerisque dolor Mauris Integer Ut ', '2019-10-30 22:06:04', '2019-10-30 22:06:04'),
(1407, 861, 20, 'et Nullam vel Vestibulum sapien natoque tellus Phasellus vitae ex et natoque ac luctus quis non nisi pulvinar neque accumsan commodo neque Mauris feugiat Donec risus fames congue Integer euismod in ultricies malesuada scelerisque est nunc Pellentesque ipsum ', '2020-02-06 10:04:34', '2020-02-06 10:04:34'),
(1408, 861, 17, 'tincidunt laoreet nec erat commodo eros congue ipsum Ut parturient nunc accumsan neque facilisis at Nam libero parturient vestibulum vel fermentum odio ipsum tristique adipiscing ', '2019-12-01 16:34:02', '2019-12-01 16:34:02'),
(1409, 861, 17, 'urna montes nec odio tristique ultricies maximus Donec amet vitae dignissim laoreet ultricies iaculis viverra luctus amet eu nec vitae tincidunt Donec eu consequat egestas nunc luctus varius tellus eros Pellentesque Quisque congue Cras Lorem Vestibulum In posuere aliquam ', '2019-11-22 23:47:47', '2019-11-22 23:47:47'),
(1410, 861, 14, 'molestie amet scelerisque sodales amet velit Integer primis efficitur a tortor fermentum cursus sem a scelerisque suscipit nisi massa tempus mus urna In elit elit ultricies purus vel finibus a scelerisque diam quis Pellentesque nibh quis penatibus nunc in ', '2019-08-22 14:10:15', '2019-08-22 14:10:15'),
(1411, 861, 16, 'urna bibendum a fames Cras magnis nec diam Mauris sem laoreet sit nisi Donec vehicula quis accumsan at varius sit Pellentesque Mauris Donec a nec vel Orci neque vel a in eu ante ante Suspendisse ', '2019-09-19 18:02:09', '2019-09-19 18:02:09'),
(1412, 862, 20, 'fermentum felis quis nec et purus nascetur erat auctor ligula non maximus natoque varius a consequat id condimentum pellentesque quis augue mattis malesuada adipiscing finibus molestie vel Donec luctus a Nullam ', '2019-12-19 17:08:53', '2019-12-19 17:08:53'),
(1413, 863, 20, 'quis convallis nunc suscipit dapibus Pellentesque nec quis interdum Nam nunc sodales vehicula scelerisque turpis ornare vel pellentesque libero tincidunt dui amet faucibus accumsan dis interdum Vestibulum felis Nunc dapibus et egestas accumsan justo suscipit maximus ', '2020-01-14 11:17:57', '2020-01-14 11:17:57'),
(1414, 863, 17, 'quis varius elementum quam erat congue Integer est Pellentesque rutrum id Mauris Quisque lectus varius Orci suscipit tincidunt ', '2020-02-21 07:58:11', '2020-02-21 07:58:11'),
(1415, 864, 21, 'est dapibus ex magna Interdum arcu tellus ex elit Nullam vitae finibus risus neque Donec at dui Morbi at magna ac justo felis quis risus quis varius condimentum justo commodo molestie Nullam lacus laoreet pulvinar et tempor nunc Fusce varius ut ex ', '2019-10-22 18:31:37', '2019-10-22 18:31:37'),
(1416, 865, 16, 'Mauris et nisi Fusce quis faucibus magna natoque sagittis odio iaculis tellus nisi ut a malesuada molestie augue ac accumsan dolor ex nec risus pulvinar volutpat ante lectus eu ', '2019-09-30 18:26:49', '2019-09-30 18:26:49'),
(1417, 865, 21, 'commodo tortor sed convallis id at finibus euismod erat sapien laoreet sem quis porttitor imperdiet ipsum vel nec risus blandit consequat non Cras quis pellentesque erat pretium nisi condimentum dolor est diam felis nec mus quis ', '2020-02-02 19:57:57', '2020-02-02 19:57:57'),
(1418, 865, 13, 'sed nec rutrum bibendum et Integer vel ac ipsum sem eleifend iaculis leo sed amet suscipit Ut odio mi ', '2019-10-28 12:01:38', '2019-10-28 12:01:38'),
(1419, 866, 15, 'diam condimentum ut eget neque orci condimentum laoreet Etiam elementum dapibus facilisis ', '2019-10-19 19:29:05', '2019-10-19 19:29:05'),
(1420, 866, 15, 'nec augue aliquam auctor In risus pulvinar varius vehicula Nullam scelerisque erat pulvinar luctus laoreet iaculis Nunc risus sapien risus gravida ipsum viverra sem non quis eget mi Morbi varius vitae vitae eu tempor tempor a ornare eget at ', '2020-02-27 00:39:43', '2020-02-27 00:39:43'),
(1421, 866, 13, 'tortor accumsan dis ridiculus dapibus tincidunt accumsan sit sapien vitae aliquam at ', '2020-01-11 12:52:34', '2020-01-11 12:52:34'),
(1422, 866, 17, 'maximus ante elementum enim laoreet nec Fusce nec fringilla laoreet elit odio Donec felis lectus lorem mi malesuada quis amet ', '2020-01-15 03:03:24', '2020-01-15 03:03:24'),
(1423, 867, 18, 'arcu iaculis ante faucibus montes odio Donec id consequat diam eleifend quis Integer condimentum Sed lobortis mattis ornare orci lectus magnis cursus nisl tincidunt risus mi enim iaculis Nullam nec massa Fusce ', '2019-11-21 04:04:44', '2019-11-21 04:04:44'),
(1424, 867, 17, 'dolor arcu nisi risus odio libero Donec mi molestie ipsum Cras pulvinar nec nisi pulvinar magnis mauris Donec vel varius maximus ', '2020-02-24 05:52:59', '2020-02-24 05:52:59'),
(1425, 867, 15, 'Orci Vestibulum eu laoreet ipsum Vivamus Donec Nunc dapibus Pellentesque diam a ac feugiat purus congue maximus faucibus in pulvinar elementum lectus ', '2019-10-31 02:43:17', '2019-10-31 02:43:17'),
(1426, 868, 20, 'dolor vel et Donec velit vel interdum feugiat pellentesque eget sit vel malesuada amet egestas Morbi a odio placerat nulla turpis Fusce nunc tristique Quisque vestibulum elit et lacinia quam ', '2019-10-31 11:24:35', '2019-10-31 11:24:35'),
(1427, 868, 16, 'egestas bibendum Pellentesque Nunc elit risus Donec lobortis dignissim viverra in congue vel vestibulum malesuada urna arcu tempus ipsum varius vitae efficitur risus amet eu ornare maximus Proin lorem in Morbi sit vulputate felis in imperdiet dolor ', '2019-10-03 02:06:34', '2019-10-03 02:06:34'),
(1428, 868, 16, 'pulvinar elit justo lectus sem luctus nisi venenatis venenatis in eu mi commodo penatibus feugiat risus et sit diam elementum bibendum vel Donec semper diam diam orci maximus tempor a ex fringilla in interdum ', '2019-09-08 19:20:32', '2019-09-08 19:20:32'),
(1429, 869, 21, 'nisi vestibulum non amet pharetra leo mus vulputate molestie porttitor ', '2019-09-13 05:33:02', '2019-09-13 05:33:02'),
(1430, 869, 17, 'efficitur id nascetur neque magna non quis ante diam justo ornare condimentum vestibulum ac ridiculus tristique parturient gravida pretium nisl Nullam placerat vestibulum arcu vel sit ridiculus facilisis dis Donec ante amet luctus parturient euismod parturient facilisis varius at urna ', '2020-01-29 14:06:51', '2020-01-29 14:06:51'),
(1431, 869, 17, 'vehicula nisl lectus erat consectetur vehicula accumsan finibus Cras vel mus velit montes felis purus vel turpis eu erat sit magna fermentum vestibulum ut quis nec vel arcu dis non commodo Lorem ', '2019-12-16 06:38:57', '2019-12-16 06:38:57'),
(1432, 869, 16, 'est in maximus odio condimentum luctus at in amet et ', '2019-08-15 22:16:08', '2019-08-15 22:16:08'),
(1433, 869, 13, 'diam eu nec at id luctus feugiat mus Nullam elementum magnis malesuada urna Fusce congue est Pellentesque nulla nunc Fusce Integer at scelerisque vel varius Nunc primis odio lacinia fringilla ipsum sapien justo et pulvinar eget tempor libero ipsum accumsan tristique Nunc orci a ', '2019-08-23 13:50:07', '2019-08-23 13:50:07'),
(1434, 870, 13, 'maximus eleifend nisi nec eu neque a justo Mauris vitae diam euismod et Integer diam malesuada finibus sapien in pulvinar lobortis ut orci arcu in ipsum condimentum parturient ultrices quis vel justo tortor mi nisi ', '2019-10-30 23:58:23', '2019-10-30 23:58:23'),
(1435, 870, 2, 'sit ac at Suspendisse eget elit odio ex elit sit justo ut luctus laoreet luctus neque tempor purus vulputate nisi pretium sit nisi a purus varius euismod gravida et vel vel nisi ', '2019-12-10 09:16:49', '2019-12-10 09:16:49'),
(1436, 870, 19, 'tortor at ex vitae luctus Etiam magnis blandit nisi Lorem est luctus vitae odio Pellentesque Nullam Donec quam sit eget quis auctor ornare tellus Proin elit luctus mi erat et ipsum varius ante erat neque ', '2019-10-01 19:32:44', '2019-10-01 19:32:44'),
(1437, 870, 13, 'at Donec dapibus ornare at in vehicula eget diam aliquam scelerisque neque nec accumsan interdum ornare egestas vestibulum vitae fermentum quis vitae Fusce egestas Ut amet non facilisis et ', '2020-02-04 01:42:53', '2020-02-04 01:42:53'),
(1438, 871, 20, 'laoreet eget penatibus Vestibulum interdum Mauris vestibulum felis suscipit feugiat ', '2020-01-11 17:20:42', '2020-01-11 17:20:42'),
(1439, 871, 13, 'venenatis mauris mi nec mi molestie Fusce arcu sit mi velit ', '2019-11-26 19:24:12', '2019-11-26 19:24:12'),
(1440, 871, 11, 'sodales Mauris ipsum cursus vehicula lacinia luctus vel nisi pulvinar cursus iaculis nascetur mi tortor egestas vel Nullam scelerisque finibus neque arcu in nisi condimentum risus ut ante congue interdum erat tincidunt quis sagittis Suspendisse dis magna sed arcu natoque justo ', '2020-02-13 06:29:13', '2020-02-13 06:29:13'),
(1441, 871, 13, 'vel a at Donec posuere elit in Proin gravida Nullam vestibulum interdum egestas Morbi dui lobortis Donec Fusce pellentesque luctus nisi eu orci justo ', '2020-02-20 21:33:17', '2020-02-20 21:33:17'),
(1442, 871, 11, 'volutpat nec dui ac neque fringilla scelerisque vel fringilla ultrices Aenean fermentum risus quam ultricies arcu laoreet mus ', '2020-02-22 18:43:25', '2020-02-22 18:43:25'),
(1443, 872, 19, 'ultrices massa vel pulvinar condimentum bibendum neque sapien maximus nibh Cras aliquam consequat non ultrices condimentum luctus primis ', '2019-11-14 12:35:01', '2019-11-14 12:35:01'),
(1444, 872, 10, 'et metus interdum fermentum scelerisque posuere magnis tellus dui neque diam interdum orci ridiculus Phasellus Phasellus fringilla Morbi erat scelerisque et elit elit neque natoque tristique Ut rhoncus Donec laoreet viverra malesuada erat erat blandit neque leo id risus in tellus massa non Suspendisse faucibus faucibus ', '2019-11-25 15:21:27', '2019-11-25 15:21:27'),
(1445, 872, 16, 'quis ornare quis amet montes et fames feugiat diam at arcu egestas nascetur nascetur fringilla parturient eget Integer nisi porttitor tempor adipiscing eu quis fermentum vel Fusce accumsan quis nisi Vestibulum scelerisque neque arcu sem ', '2019-10-19 05:45:35', '2019-10-19 05:45:35');
INSERT INTO `comment` (`id`, `proposal_id`, `author_id`, `content`, `date`, `edited_date`) VALUES
(1446, 872, 10, 'massa iaculis odio Etiam fringilla odio magna quis Fusce luctus lacus interdum eros diam mi risus laoreet eu luctus tempor mus Ut ante fermentum et odio fringilla tempor odio fames nec turpis non in lacinia at purus felis in maximus non euismod Ut ornare faucibus maximus ', '2019-12-06 13:52:51', '2019-12-06 13:52:51'),
(1447, 873, 1, 'tellus id sem arcu at lorem vel gravida volutpat libero ex Aenean varius Morbi mattis sapien luctus commodo feugiat quis erat penatibus sem Donec adipiscing Donec risus dis luctus quis euismod neque odio elit commodo justo molestie maximus justo laoreet commodo ', '2020-01-22 19:22:27', '2020-01-22 19:22:27'),
(1448, 873, 19, 'dis vitae orci pellentesque porttitor consectetur egestas vel suscipit ac montes et tortor elit Pellentesque vitae ac feugiat velit in sem iaculis lacinia faucibus accumsan nunc accumsan nec ridiculus vel ', '2020-01-08 20:07:02', '2020-01-08 20:07:02'),
(1449, 874, 16, 'egestas In ipsum turpis amet dis Donec ridiculus congue nec luctus Nullam dolor ac diam amet id quis sagittis at Phasellus dolor quis lorem maximus ac orci urna vulputate tempus Nunc at ', '2020-02-19 22:42:44', '2020-02-19 22:42:44'),
(1450, 874, 20, 'id eu dignissim velit laoreet orci tincidunt fermentum lacus vitae maximus Phasellus Nunc est sit bibendum quis lacinia sem eget aliquam mi ut vel nunc pellentesque urna justo Nunc Phasellus Integer amet ', '2019-10-25 00:56:51', '2019-10-25 00:56:51'),
(1451, 876, 18, 'et mattis egestas ornare a vel molestie tempus primis a pellentesque Vestibulum Interdum parturient porttitor Phasellus Orci placerat in et odio Vestibulum ipsum tempus mauris Nullam nec ultricies molestie egestas ante arcu maximus nisi natoque massa lacus malesuada dui augue auctor rhoncus eget Mauris at massa orci placerat ', '2020-02-26 04:19:14', '2020-02-26 04:19:14'),
(1452, 876, 20, 'tincidunt ultrices nulla Proin massa vitae Mauris at ultrices ultrices vehicula sem in Fusce blandit in arcu Donec tempus tempus nec Vestibulum Pellentesque egestas Donec eu Donec Integer auctor ornare ornare commodo Donec tellus id feugiat vehicula ligula suscipit id ', '2020-02-21 15:57:42', '2020-02-21 15:57:42'),
(1453, 877, 15, 'natoque Nunc ipsum non diam congue posuere mi vehicula urna vestibulum fringilla congue Nullam Nullam ipsum augue ', '2020-02-29 07:33:32', '2020-02-29 07:33:32'),
(1454, 877, 19, 'luctus nec vulputate Fusce vitae mi varius primis sapien porttitor risus lacus elit augue Orci Mauris elit Pellentesque ipsum Nullam fermentum non blandit lorem dis accumsan scelerisque ridiculus iaculis ', '2020-02-14 20:56:12', '2020-02-14 20:56:12'),
(1455, 877, 20, 'pellentesque odio ultricies massa faucibus scelerisque amet tristique at Donec pulvinar lectus placerat vitae bibendum ', '2020-02-19 20:16:56', '2020-02-19 20:16:56'),
(1456, 877, 16, 'vitae vel Donec rhoncus rutrum dis Morbi vel lectus dignissim viverra risus dolor varius sapien vel ', '2020-02-24 15:39:29', '2020-02-24 15:39:29'),
(1457, 877, 19, 'dapibus eu risus enim nec nibh arcu ut lacinia Sed dui molestie sagittis maximus nec augue ullamcorper ac eleifend tempus nec luctus tincidunt augue nunc Nullam vestibulum nisi a Nunc Morbi In sit interdum faucibus ornare Nunc cursus iaculis malesuada nascetur accumsan amet ipsum montes magnis ', '2020-02-26 18:03:32', '2020-02-26 18:03:32'),
(1458, 878, 18, 'feugiat Mauris accumsan lobortis Orci a congue iaculis ac ut nisl Morbi ', '2019-12-14 19:14:20', '2019-12-14 19:14:20'),
(1459, 878, 13, 'libero Donec purus quis parturient erat tristique elit consequat ultrices odio a eget in sit faucibus ex id erat enim condimentum nunc eu ullamcorper Nunc maximus facilisis at libero cursus Proin et enim eget fringilla tincidunt penatibus vitae arcu odio a Mauris ', '2020-01-02 14:20:51', '2020-01-02 14:20:51'),
(1460, 878, 13, 'sed luctus mi In ornare eu nec vel amet diam Pellentesque interdum erat luctus risus congue Integer pellentesque est malesuada pulvinar efficitur egestas gravida scelerisque consequat imperdiet orci libero fermentum erat fermentum ac vel luctus diam libero elementum ', '2020-02-03 21:11:35', '2020-02-03 21:11:35'),
(1461, 879, 13, 'vel eros tellus eget in magna natoque posuere luctus Nullam ultricies eget augue posuere Suspendisse Fusce ornare Quisque ac ', '2019-09-15 09:25:38', '2019-09-15 09:25:38'),
(1462, 879, 15, 'non ornare Mauris Morbi felis fames sit Nunc quis accumsan accumsan quam scelerisque nec blandit pulvinar commodo vehicula Pellentesque viverra orci nunc Proin commodo quis Pellentesque eu luctus ex magna maximus consequat leo quis interdum pharetra ipsum dignissim Etiam nec bibendum ac neque ridiculus felis ', '2019-12-10 06:08:11', '2019-12-10 06:08:11'),
(1463, 879, 15, 'sodales fermentum magna viverra ipsum lectus magnis non imperdiet ridiculus maximus interdum ', '2019-10-31 02:36:21', '2019-10-31 02:36:21'),
(1464, 879, 14, 'Donec varius fringilla tempus tellus dolor ullamcorper parturient elit risus at accumsan quis Vivamus vestibulum molestie congue In Proin volutpat ornare massa Fusce vel Fusce diam elit egestas ', '2019-10-15 11:09:27', '2019-10-15 11:09:27'),
(1465, 879, 16, 'congue ornare ridiculus nec turpis sit nunc pretium gravida luctus euismod feugiat et maximus fringilla metus montes ac nunc congue at pellentesque Donec fringilla massa magnis a faucibus vel montes ', '2019-12-13 08:10:19', '2019-12-13 08:10:19'),
(1466, 880, 13, 'risus nec molestie vitae egestas Morbi volutpat at sed id ridiculus accumsan ultrices varius ut nec ex neque Nunc ut Mauris eu et turpis laoreet nec vel accumsan dui Donec eros in nec condimentum egestas est et neque commodo sed porttitor quis massa ', '2020-02-13 01:28:08', '2020-02-13 01:28:08'),
(1467, 880, 20, 'blandit libero in justo penatibus elit elit tempus parturient odio primis quis augue Proin dui ', '2020-02-18 17:13:28', '2020-02-18 17:13:28'),
(1468, 880, 15, 'aliquam velit Mauris consequat sed maximus maximus In eget pulvinar sagittis in sit nulla eu lorem dolor faucibus lobortis in nec nisi Nullam ac amet commodo non commodo Sed a pulvinar molestie mattis tincidunt nec parturient maximus metus montes dapibus finibus Quisque velit fringilla eros accumsan neque odio a odio ', '2020-02-20 20:07:28', '2020-02-20 20:07:28'),
(1469, 880, 21, 'porttitor erat pharetra quam ac risus dolor vitae fermentum neque Vestibulum ultricies faucibus tempus ut ', '2020-02-12 06:17:37', '2020-02-12 06:17:37'),
(1470, 881, 20, 'pellentesque velit dis molestie ultricies neque finibus Nullam erat laoreet aliquam adipiscing amet nibh parturient auctor ornare amet augue neque posuere ante ', '2019-10-26 17:04:10', '2019-10-26 17:04:10'),
(1471, 881, 14, 'lorem risus eros Quisque at varius sit lacus vitae finibus risus congue consequat interdum vitae Vivamus quis ultrices vel et accumsan dolor ac risus odio vitae tempus sed tellus dolor odio imperdiet nec justo Pellentesque dolor sem venenatis accumsan et non Morbi a erat penatibus Donec ante ', '2019-09-03 04:03:36', '2019-09-03 04:03:36'),
(1472, 881, 13, 'volutpat odio augue nunc ullamcorper pulvinar magnis maximus Nullam nibh odio nisi vel elit facilisis quis dolor a accumsan justo risus Vivamus consequat sed ', '2019-10-10 12:08:16', '2019-10-10 12:08:16'),
(1473, 881, 19, 'purus scelerisque sed nulla Mauris Mauris felis non aliquam eget tincidunt vel ipsum lacinia maximus ', '2020-01-20 09:43:16', '2020-01-20 09:43:16'),
(1474, 882, 20, 'nec rutrum malesuada sodales Cras eleifend arcu neque aliquam at accumsan ornare Ut Mauris Fusce interdum Vivamus laoreet Proin nec ridiculus posuere diam felis sem sed eget Vivamus neque lacus eget in leo at justo nisi commodo quis commodo rutrum tempus at ', '2020-01-18 00:28:21', '2020-01-18 00:28:21'),
(1475, 883, 20, 'vel aliquam elit nec a molestie penatibus est magnis pulvinar mi at nunc aliquam varius Interdum parturient varius laoreet finibus condimentum non egestas non vehicula a et laoreet diam velit vehicula congue nec vel malesuada venenatis ', '2020-02-08 02:09:28', '2020-02-08 02:09:28'),
(1476, 884, 13, 'vitae tincidunt magnis vitae Mauris enim ante purus euismod felis congue Fusce et aliquam Nullam molestie ', '2019-11-24 20:32:40', '2019-11-24 20:32:40'),
(1477, 884, 13, 'pulvinar Ut vehicula lobortis varius nisi sem ac mi faucibus condimentum gravida id justo a neque pellentesque amet Quisque primis maximus eu ultrices quis placerat quis ', '2019-11-24 07:19:01', '2019-11-24 07:19:01'),
(1478, 885, 8, 'et nisi Mauris parturient quis Nam luctus quam iaculis non a justo mus ultricies neque et neque a auctor dolor interdum diam quis consectetur congue ligula quis neque magna vel Donec nunc mi elit neque vel et commodo varius nulla maximus varius ante tempus pellentesque ', '2019-09-09 19:15:57', '2019-09-09 19:15:57'),
(1479, 885, 13, 'nec velit fringilla accumsan fermentum amet Nullam vulputate ex eu ornare lectus rhoncus maximus congue risus vehicula nec scelerisque vel Donec neque vitae sem pulvinar commodo maximus quis fermentum pretium ', '2019-11-13 13:33:43', '2019-11-13 13:33:43'),
(1480, 885, 20, 'molestie at nec gravida ipsum elementum vitae neque dolor vel Quisque eu ', '2019-09-08 20:13:28', '2019-09-08 20:13:28'),
(1481, 885, 8, 'Vestibulum sodales justo condimentum dapibus dui Nunc ex nisi vestibulum molestie in tellus odio sodales dolor amet pulvinar euismod risus tellus Nullam interdum in ', '2019-08-24 07:16:57', '2019-08-24 07:16:57'),
(1482, 886, 11, 'vehicula ultrices dis condimentum nisi orci Nunc Sed placerat fermentum erat erat varius ', '2019-10-30 06:04:52', '2019-10-30 06:04:52'),
(1483, 886, 15, 'Quisque in vel interdum amet nascetur Integer congue nisi tristique vel vehicula quis tempus risus ac nec at Cras ut nec laoreet ornare diam nisi eros ', '2020-02-24 19:26:29', '2020-02-24 19:26:29'),
(1484, 887, 21, 'auctor vehicula at suscipit porttitor Mauris sapien molestie convallis ex Nullam nec mus egestas ut lacinia eget eu parturient pulvinar dolor pretium dolor fringilla ultricies maximus Phasellus posuere malesuada pretium enim sagittis quam ex eu odio et vitae at ', '2020-02-27 19:21:52', '2020-02-27 19:21:52'),
(1485, 887, 13, 'a nec et vel parturient purus rhoncus id quis Ut at Ut viverra Donec accumsan tempor quis amet tempus fames pellentesque orci massa neque libero placerat eu viverra Aenean egestas dui ornare amet eu at nascetur urna mi neque ipsum condimentum facilisis gravida eros ullamcorper non velit metus montes ', '2019-12-28 05:51:17', '2019-12-28 05:51:17'),
(1486, 887, 5, 'dapibus fermentum quis porttitor viverra iaculis porttitor sed Mauris mi luctus mi parturient accumsan Fusce sit feugiat Ut ac in laoreet neque eu interdum tortor nec nibh sit interdum at ante amet ridiculus nunc Donec ', '2019-11-11 13:03:33', '2019-11-11 13:03:33'),
(1487, 887, 19, 'Mauris bibendum lectus Donec penatibus justo penatibus ac Mauris magna tempor nascetur lacus pellentesque nisi tempus dolor semper Donec nunc orci laoreet id risus id Morbi sem maximus tempus tellus in ornare tempor accumsan ', '2019-10-06 09:14:17', '2019-10-06 09:14:17'),
(1488, 887, 5, 'malesuada nec nec dapibus feugiat magna eu id gravida Quisque at Cras Integer arcu Donec justo elit sapien pellentesque maximus euismod id gravida felis faucibus pulvinar congue augue ridiculus lectus felis blandit at suscipit arcu laoreet vel laoreet Phasellus fringilla at at lobortis ', '2019-11-23 11:36:23', '2019-11-23 11:36:23'),
(1489, 888, 14, 'venenatis non fringilla malesuada quis lorem Mauris mattis accumsan mattis penatibus montes quis Vestibulum in Pellentesque faucibus neque ornare tempor Ut montes dis ut dapibus magna interdum risus quis laoreet in non ', '2020-02-10 15:40:53', '2020-02-10 15:40:53'),
(1490, 888, 14, 'eget nec pharetra Nunc Donec Cras eget pellentesque molestie bibendum placerat auctor ipsum nibh dolor mi suscipit Sed luctus mi feugiat arcu Quisque urna justo tincidunt nulla risus nec sapien tempor eleifend accumsan nibh amet amet Ut eu ', '2020-02-27 14:51:01', '2020-02-27 14:51:01'),
(1491, 889, 21, 'nascetur elit velit quis quam lorem nascetur vestibulum luctus at quis nunc vitae Donec non tempor Cras justo odio commodo auctor vel justo odio aliquam vel ac Morbi nisi natoque risus feugiat erat dapibus eu ornare mi eget pretium id quis ', '2019-10-05 15:48:31', '2019-10-05 15:48:31'),
(1492, 889, 17, 'consequat a varius Nam vehicula amet eu maximus erat diam mus erat purus egestas tempor ', '2019-11-21 16:42:01', '2019-11-21 16:42:01'),
(1493, 889, 20, 'elit elit tellus sed lectus tincidunt ultricies eu amet a malesuada finibus nisi maximus maximus lorem varius vel Mauris bibendum ligula id sit Nunc suscipit fermentum condimentum dui porttitor dolor in a aliquam accumsan posuere ', '2020-02-02 08:41:33', '2020-02-02 08:41:33'),
(1494, 889, 21, 'eget mi amet dui tortor interdum fames dis tempor molestie Nam viverra euismod id consequat penatibus porttitor maximus accumsan tellus risus leo ', '2020-01-26 07:42:49', '2020-01-26 07:42:49'),
(1495, 889, 18, 'dapibus mattis amet ipsum dolor et libero a vehicula tempor nisi interdum rhoncus nec condimentum tincidunt et vel tempus Proin amet laoreet Proin justo mus nisl ultrices pellentesque sed bibendum scelerisque finibus risus maximus ', '2019-10-31 15:30:20', '2019-10-31 15:30:20'),
(1496, 890, 13, 'luctus maximus justo vel Quisque dis consectetur ipsum iaculis scelerisque lacinia non urna Ut porttitor interdum dapibus ante Sed Orci risus porttitor condimentum risus est volutpat primis odio elit velit risus Mauris Fusce tortor Mauris nec augue ', '2020-02-26 08:22:48', '2020-02-26 08:22:48'),
(1497, 890, 17, 'sit id suscipit faucibus ipsum Cras pulvinar in laoreet vitae dolor elit ipsum nisi vestibulum iaculis Sed volutpat arcu non ipsum accumsan a vulputate Nullam Morbi vestibulum at fringilla lectus interdum et molestie lacinia luctus ornare in pulvinar lobortis ', '2020-02-28 16:32:53', '2020-02-28 16:32:53'),
(1498, 891, 17, 'penatibus maximus fringilla ultrices congue nec in amet consequat bibendum Donec faucibus elementum magnis dui volutpat egestas eu leo et parturient Mauris mattis volutpat ', '2020-02-26 07:21:52', '2020-02-26 07:21:52'),
(1499, 891, 13, 'Donec vehicula dui et vel nisi amet quis tellus pulvinar maximus eros et arcu ipsum penatibus sapien interdum quam eu venenatis Nunc ipsum condimentum Ut Integer malesuada Nullam posuere risus maximus vel scelerisque ipsum eget nisi ornare est mi at bibendum Fusce neque ', '2020-02-27 09:47:32', '2020-02-27 09:47:32'),
(1500, 891, 16, 'ultrices Quisque orci suscipit eu gravida at sodales magnis porttitor tempor accumsan penatibus eu interdum nulla maximus ipsum at in faucibus accumsan ', '2020-02-25 07:08:56', '2020-02-25 07:08:56'),
(1501, 891, 13, 'ornare Pellentesque montes ipsum lorem risus diam nec lorem egestas rutrum arcu eu eget mi magnis Donec turpis et Cras ', '2020-02-27 02:15:24', '2020-02-27 02:15:24'),
(1502, 892, 16, 'In Morbi commodo commodo condimentum enim tortor laoreet molestie vitae sapien lobortis non molestie tristique ornare placerat dapibus Aenean vel nec libero id nec Nunc pulvinar vel nisi tincidunt luctus bibendum magna In ', '2020-02-19 07:48:14', '2020-02-19 07:48:14'),
(1503, 893, 21, 'amet dui justo Nunc a Morbi Mauris ligula orci eu elit tempor erat quam accumsan Nullam consequat congue Nullam vestibulum euismod dis ornare neque nec est ac Sed Donec Cras fringilla elit fermentum mus mi odio risus nisi varius Nullam at elit nunc Donec ', '2020-02-22 02:31:59', '2020-02-22 02:31:59'),
(1504, 893, 13, 'nulla nisi risus odio Vivamus Fusce Morbi nascetur risus sit erat elit dapibus est varius Orci fringilla vitae aliquam luctus lacinia nisi Suspendisse dolor ', '2020-02-07 09:00:39', '2020-02-07 09:00:39'),
(1505, 894, 15, 'mattis purus et pulvinar vitae maximus Vestibulum velit penatibus facilisis ultrices mi tellus Proin justo tempus nibh vestibulum fames neque a Interdum a blandit sapien lorem ac Morbi purus luctus Etiam ipsum neque velit nisi pulvinar faucibus eu condimentum Mauris ', '2019-08-06 20:05:15', '2019-08-06 20:05:15'),
(1506, 894, 2, 'tempor quam ultrices Ut in placerat nisi neque fames felis Donec ultrices at at Fusce Morbi vitae ac Donec nec ', '2019-12-18 23:18:55', '2019-12-18 23:18:55'),
(1507, 894, 2, 'facilisis consequat Nullam mattis Morbi lacus augue pellentesque lacus fringilla Morbi mattis nec arcu elementum In quis lacinia iaculis parturient porttitor ex convallis rutrum varius vel Interdum luctus sit sem sapien quis nec erat justo vel nibh vitae odio egestas interdum mattis pretium ', '2020-02-06 21:42:12', '2020-02-06 21:42:12'),
(1508, 894, 20, 'vel ipsum gravida Ut Ut nascetur efficitur mauris vestibulum sem et Orci sit ultricies dui ante ullamcorper varius Nullam bibendum neque malesuada sapien tellus a dolor iaculis malesuada Donec mi laoreet adipiscing eros vel laoreet vel felis viverra et ', '2019-12-31 11:03:29', '2019-12-31 11:03:29'),
(1509, 895, 15, 'Nunc erat congue lacinia erat dapibus maximus mi risus tempus mus maximus accumsan Nunc auctor scelerisque Proin ac cursus erat iaculis et vel Fusce pretium malesuada consectetur magnis velit molestie interdum ', '2020-02-23 07:39:10', '2020-02-23 07:39:10'),
(1510, 895, 18, 'convallis finibus interdum penatibus venenatis at vel a elit quis Etiam ac dapibus laoreet non In accumsan vitae turpis ', '2020-02-25 20:32:44', '2020-02-25 20:32:44'),
(1511, 895, 21, 'pulvinar sed ipsum laoreet dui erat Cras Pellentesque mauris mus et pellentesque Vestibulum mattis laoreet erat quis diam tellus Fusce arcu at enim eu at ', '2020-02-27 05:50:02', '2020-02-27 05:50:02'),
(1512, 896, 14, 'risus ipsum nunc neque vel et non orci malesuada Mauris nisl Donec suscipit quis ', '2020-01-10 16:17:04', '2020-01-10 16:17:04'),
(1513, 896, 20, 'parturient eget ullamcorper venenatis faucibus pulvinar vitae leo elit Integer adipiscing amet nisi nunc leo egestas accumsan neque at elit non vitae ', '2019-09-18 08:08:14', '2019-09-18 08:08:14'),
(1514, 896, 18, 'consectetur ante a auctor ornare In penatibus tortor lobortis quis mi vehicula a laoreet est risus ', '2019-10-17 04:11:27', '2019-10-17 04:11:27'),
(1515, 898, 20, 'Nunc magnis consequat ac velit pellentesque Nunc molestie dolor in Morbi vel Donec at condimentum arcu Mauris molestie orci euismod vitae ante fringilla neque auctor maximus laoreet ', '2019-10-15 19:02:54', '2019-10-15 19:02:54'),
(1516, 898, 20, 'massa id ipsum accumsan magnis arcu vel mi congue sed lacinia pulvinar gravida In sit odio magnis magna ornare condimentum euismod ligula laoreet ullamcorper ac lacus et nisi neque quis commodo leo nec ', '2019-12-06 03:37:21', '2019-12-06 03:37:21'),
(1517, 898, 21, 'eu consequat Fusce mi interdum purus tincidunt pulvinar sit Proin orci a eu sed vel varius et at quis malesuada at orci nunc commodo accumsan at tempor vel metus neque ornare luctus facilisis mauris facilisis porttitor nunc iaculis risus tempus eget commodo ', '2019-11-17 05:24:26', '2019-11-17 05:24:26'),
(1518, 900, 16, 'amet volutpat magnis ante molestie velit Proin semper euismod Vestibulum est magnis risus ante montes dui Ut augue et nec pulvinar nec ac Phasellus ac Cras quis tristique vel Proin suscipit amet amet posuere mus mus pulvinar ', '2020-01-25 00:30:34', '2020-01-25 00:30:34'),
(1519, 901, 19, 'egestas egestas malesuada dui tellus nec ac pellentesque est mus ac id sit nec purus ', '2019-07-01 06:02:03', '2019-07-01 06:02:03'),
(1520, 901, 14, 'ornare faucibus ipsum a consequat elementum eleifend nisi tempus massa egestas vitae id dapibus augue quam accumsan Vestibulum sit lobortis quis eget leo porttitor elementum Donec dolor accumsan amet velit mus mattis felis at ipsum Donec ', '2019-07-03 14:50:17', '2019-07-03 14:50:17'),
(1521, 901, 15, 'auctor nascetur erat iaculis volutpat molestie posuere ut accumsan interdum tincidunt lacinia blandit vel mattis nec sagittis et est nisi sed ultrices at feugiat Vivamus ', '2020-01-14 04:18:40', '2020-01-14 04:18:40'),
(1522, 901, 17, 'nisi laoreet mi commodo posuere quis Nam sodales blandit at odio est sed scelerisque at Donec est lectus nec laoreet Nunc tincidunt tincidunt ipsum nisi Donec sapien nec ultricies at magnis lacus risus ', '2019-10-07 21:31:27', '2019-10-07 21:31:27'),
(1523, 901, 15, 'vestibulum risus neque Pellentesque et quis ante quis venenatis elit ac bibendum fringilla amet augue penatibus sagittis eu Aenean luctus pellentesque lorem faucibus Cras ', '2019-11-17 16:17:49', '2019-11-17 16:17:49'),
(1524, 902, 10, 'augue Proin eu laoreet vestibulum condimentum at In arcu Suspendisse montes felis ornare Donec ex ridiculus Ut at ', '2020-01-10 22:01:13', '2020-01-10 22:01:13'),
(1525, 902, 21, 'at Nunc est nec Vestibulum nisi adipiscing tempor placerat mattis vel tincidunt ornare mi erat tellus a vitae egestas congue vel arcu odio ornare ligula vestibulum non neque gravida eu Donec dolor egestas nulla pulvinar est laoreet ornare non ullamcorper erat pharetra venenatis Ut tempus in Nunc ', '2019-12-09 15:52:58', '2019-12-09 15:52:58');

-- --------------------------------------------------------

--
-- Structure de la table `enabled_social_media`
--

CREATE TABLE `enabled_social_media` (
  `social_media_name` varchar(32) COLLATE utf8mb4_unicode_ci NOT NULL,
  `is_enabled` bit(1) NOT NULL
) ENGINE=InnoDB DEFAULT CHARSET=utf8mb4 COLLATE=utf8mb4_unicode_ci;

--
-- Déchargement des données de la table `enabled_social_media`
--

INSERT INTO `enabled_social_media` (`social_media_name`, `is_enabled`) VALUES
('facebook', b'1'),
('linkedin', b'1'),
('twitter', b'1');

-- --------------------------------------------------------

--
-- Structure de la table `file`
--

CREATE TABLE `file` (
  `id` int(10) UNSIGNED NOT NULL,
  `proposal_id` int(10) UNSIGNED NOT NULL,
  `path` varchar(255) COLLATE utf8mb4_unicode_ci NOT NULL
) ENGINE=InnoDB DEFAULT CHARSET=utf8mb4 COLLATE=utf8mb4_unicode_ci;

-- --------------------------------------------------------

--
-- Structure de la table `proposal`
--

CREATE TABLE `proposal` (
  `id` int(10) UNSIGNED NOT NULL,
  `title` varchar(255) COLLATE utf8mb4_unicode_ci NOT NULL,
  `date` datetime NOT NULL,
  `submitter_id` int(10) UNSIGNED NOT NULL,
  `social_media` varchar(255) COLLATE utf8mb4_unicode_ci DEFAULT NULL COMMENT 'social medias where the proposal will be published',
  `status` varchar(20) COLLATE utf8mb4_unicode_ci NOT NULL
) ENGINE=InnoDB DEFAULT CHARSET=utf8mb4 COLLATE=utf8mb4_unicode_ci;

--
-- Déchargement des données de la table `proposal`
--

INSERT INTO `proposal` (`id`, `title`, `date`, `submitter_id`, `social_media`, `status`) VALUES
(803, 'mattis aliquam tincidunt est dolor posuere ac lacus in in sagittis tortor interdum dolor Ut pharetra luctus felis quis ', '2019-06-27 09:43:18', 17, 'twitter', 'published'),
(804, 'in lacinia enim Mauris pharetra risus efficitur Morbi pellentesque sapien vel velit ', '2019-08-12 01:02:49', 3, NULL, 'rejected'),
(805, 'vitae fermentum sed molestie ultricies quam consectetur facilisis ', '2019-11-09 22:24:24', 13, 'twitter', 'published'),
(806, 'Cras condimentum dolor molestie sagittis facilisis accumsan faucibus sagittis natoque nunc ', '2019-11-21 21:42:55', 17, NULL, 'pending'),
(807, 'eget elit maximus volutpat maximus elit justo neque ', '2019-06-17 21:20:44', 20, NULL, 'rejected'),
(808, 'nec vitae justo mi pharetra at at eu ut at pellentesque pulvinar nisi magna ', '2020-02-16 05:07:44', 11, NULL, 'pending'),
(809, 'nec cursus adipiscing tempor tincidunt mus ultrices non ipsum tellus vehicula eu Nullam mi ', '2020-02-29 18:12:00', 3, NULL, 'rejected'),
(810, 'iaculis Donec auctor velit arcu odio consectetur sodales sapien posuere lectus Nunc sit penatibus sapien accumsan quis ', '2019-12-13 19:50:59', 4, NULL, 'rejected'),
(811, 'condimentum ipsum Quisque mattis accumsan mi a nunc sapien volutpat vitae tempor auctor ', '2019-08-29 08:56:01', 3, 'twitter', 'published'),
(812, 'nunc posuere fringilla ipsum montes amet tempor velit sed neque leo interdum commodo et et orci ', '2019-12-13 00:27:22', 11, NULL, 'pending'),
(813, 'mauris aliquam primis urna tortor Fusce maximus Donec parturient Cras ', '2019-12-07 21:54:38', 16, 'twitter', 'published'),
(814, 'pretium quis Orci dui pellentesque eget massa pellentesque bibendum ', '2020-02-26 07:56:21', 1, 'twitter', 'published'),
(815, 'libero nisi vel scelerisque id sit mattis neque Fusce tortor in erat amet scelerisque non nec Morbi ipsum augue ', '2019-11-27 20:50:14', 5, NULL, 'rejected'),
(816, 'penatibus Nam neque tempus nisi commodo orci vitae Proin vel pulvinar ', '2019-11-14 03:37:20', 1, NULL, 'pending'),
(817, 'in risus amet at nisi vitae est tellus sed tincidunt tempus vel Fusce accumsan sed nisi egestas pretium feugiat ', '2019-08-08 08:28:26', 9, NULL, 'rejected'),
(818, 'fringilla cursus interdum ac velit magna id egestas ', '2019-09-17 04:38:49', 19, NULL, 'pending'),
(819, 'nec accumsan elit elit ac molestie pellentesque et nunc tortor magnis orci felis auctor elit fringilla cursus fames ', '2019-12-19 06:12:05', 20, NULL, 'pending'),
(820, 'at tortor magnis pellentesque magna nec mi vestibulum metus penatibus laoreet dolor nunc ', '2019-07-25 23:52:10', 10, NULL, 'pending'),
(821, 'erat tincidunt justo luctus sapien ac elit sem Proin odio elit accumsan laoreet ultrices vitae ', '2019-08-24 18:24:55', 20, 'twitter', 'published'),
(822, 'in Ut Donec risus posuere et nibh facilisis mi molestie ', '2020-01-17 15:57:42', 10, NULL, 'rejected'),
(823, 'in accumsan at cursus nisl nec mi Pellentesque pellentesque Fusce et ', '2019-09-11 10:07:32', 20, 'twitter', 'published'),
(824, 'tincidunt est vehicula vitae congue amet consequat velit at venenatis magna neque in molestie ', '2019-07-31 10:48:15', 7, NULL, 'pending'),
(825, 'luctus nunc ipsum fringilla euismod diam accumsan turpis scelerisque ornare risus ', '2019-06-30 19:46:59', 18, NULL, 'rejected'),
(826, 'mi accumsan et Interdum Cras maximus laoreet mattis accumsan orci dui fringilla tempor ', '2019-12-24 00:04:38', 17, NULL, 'pending'),
(827, 'purus libero interdum nisi nascetur In Fusce a ', '2019-10-17 18:25:28', 12, NULL, 'pending'),
(828, 'semper at erat a Fusce fringilla amet odio interdum mattis sit pulvinar magnis ', '2020-02-20 08:31:33', 8, NULL, 'pending'),
(829, 'quis molestie sapien eros pellentesque facilisis vestibulum in ', '2019-06-29 22:21:48', 18, NULL, 'pending'),
(830, 'Donec vitae luctus Proin diam sem magna pellentesque commodo dui nunc commodo ridiculus penatibus eget nec lectus scelerisque lorem lacinia ', '2019-06-30 21:18:36', 13, 'twitter', 'published'),
(831, 'et blandit malesuada odio dui laoreet Integer nibh ac varius vehicula magna molestie Sed nulla vel sit Integer vitae Vivamus ', '2020-02-03 00:16:47', 9, 'twitter', 'published'),
(832, 'Nunc est tincidunt Orci orci ultricies at amet eu sapien vel erat gravida ', '2020-02-02 10:21:05', 3, 'twitter', 'published'),
(833, 'nec sapien lectus dolor luctus urna ipsum ante ', '2019-06-06 23:54:04', 1, 'twitter', 'published'),
(834, 'at vulputate sed velit vel erat efficitur parturient imperdiet condimentum elit non nascetur mauris ipsum fringilla nunc Donec iaculis ', '2019-10-13 00:45:33', 3, NULL, 'rejected'),
(835, 'dui lacinia pulvinar odio posuere Donec porttitor sit Nam Nunc Mauris metus in elementum neque ', '2020-02-28 03:17:23', 15, 'twitter', 'published'),
(836, 'fermentum tortor dui et ornare sed gravida arcu vehicula ', '2019-11-22 04:27:37', 2, 'twitter', 'published'),
(837, 'felis eget nec viverra magnis Vivamus sit justo felis congue lorem vitae elit eu ', '2019-12-19 20:20:20', 9, 'twitter', 'published'),
(838, 'amet bibendum Morbi sed Morbi laoreet Donec Etiam nunc Nunc suscipit ', '2019-10-05 15:51:23', 11, NULL, 'rejected'),
(839, 'dolor pulvinar Ut blandit felis vehicula congue ante nec erat dolor ', '2019-11-30 03:50:29', 9, NULL, 'pending'),
(840, 'Nullam erat pulvinar bibendum at neque pellentesque bibendum gravida commodo magna neque fermentum auctor pellentesque quis nec pulvinar justo tincidunt ', '2019-07-19 13:21:56', 6, 'twitter', 'published'),
(841, 'amet arcu nibh luctus accumsan dis neque tellus elementum orci Morbi molestie et at euismod libero id tellus ', '2019-06-21 00:30:06', 9, NULL, 'rejected'),
(842, 'euismod vel Nam quis Vivamus in nec a ', '2019-07-23 22:48:35', 11, 'twitter', 'published'),
(843, 'sem ligula orci eros at ornare ornare odio dui neque massa sagittis ', '2019-08-13 23:53:08', 2, NULL, 'rejected'),
(844, 'semper quis tristique orci ac Mauris fermentum efficitur mauris Mauris sit gravida fermentum egestas ', '2019-08-26 03:24:17', 10, NULL, 'pending'),
(845, 'sem accumsan ipsum mi sed vel rutrum fermentum ', '2019-07-03 13:45:07', 13, NULL, 'pending'),
(846, 'fermentum porttitor a nulla varius arcu lobortis erat consequat eget aliquam ', '2020-01-22 11:04:24', 8, NULL, 'rejected'),
(847, 'posuere eget rutrum neque justo quis in auctor nibh euismod ', '2020-02-02 12:55:27', 4, NULL, 'pending'),
(848, 'Donec Nullam et orci libero ultrices bibendum et tortor at in ipsum risus tortor tortor rutrum ridiculus ', '2019-08-21 12:52:28', 12, NULL, 'rejected'),
(849, 'Donec enim risus erat accumsan velit Vivamus Fusce primis velit eu erat Phasellus dui velit nulla elit euismod ', '2019-08-30 19:58:32', 9, 'twitter', 'published'),
(850, 'elit Donec nunc Morbi a tellus interdum euismod sem sed Phasellus neque massa vestibulum feugiat consequat ', '2019-08-30 19:42:02', 11, NULL, 'pending'),
(851, 'amet nunc mattis ante erat vehicula vel vestibulum accumsan ', '2019-10-29 04:24:22', 6, NULL, 'pending'),
(852, 'ac quam in pulvinar risus orci maximus congue a sodales mi imperdiet magna Cras gravida leo ', '2020-01-12 04:42:54', 14, NULL, 'pending'),
(853, 'convallis cursus eget Sed mi risus Proin Quisque erat vestibulum fringilla volutpat amet parturient ', '2019-06-02 08:06:21', 17, 'twitter', 'published'),
(854, 'non iaculis neque aliquam quis luctus laoreet dui elit risus erat ', '2019-10-04 03:08:17', 1, NULL, 'rejected'),
(855, 'laoreet Ut blandit tempus ornare egestas quis bibendum erat ipsum odio elit ', '2019-08-11 21:27:27', 16, NULL, 'pending'),
(856, 'vitae a velit dolor maximus velit sapien erat nunc ipsum orci dui euismod justo congue ', '2019-08-22 05:04:11', 17, NULL, 'pending'),
(857, 'sit dignissim fames nulla at arcu viverra accumsan non ac Morbi quis feugiat augue a pulvinar arcu in ', '2019-10-14 13:43:03', 8, NULL, 'pending'),
(858, 'eros eu mi commodo eget tristique ac luctus varius quis ultrices Vestibulum efficitur Mauris elementum interdum vestibulum ', '2019-12-05 12:58:06', 7, NULL, 'pending'),
(859, 'montes fermentum Integer Donec rhoncus rhoncus risus vestibulum fringilla ', '2019-10-07 07:33:21', 14, NULL, 'rejected'),
(860, 'blandit consectetur efficitur eleifend eget interdum sem leo Donec blandit Donec ', '2019-07-29 15:24:17', 6, NULL, 'rejected'),
(861, 'felis quis montes sit sit odio vel vel augue commodo ultrices sapien amet nisi fringilla eu nulla mattis ', '2019-07-13 15:57:32', 8, NULL, 'pending'),
(862, 'enim erat consequat parturient non Interdum ipsum fringilla arcu lorem iaculis neque tellus porttitor Proin risus rhoncus pretium vitae eros ', '2019-11-19 02:48:00', 14, 'twitter', 'published'),
(863, 'Cras rutrum laoreet Fusce ac dui bibendum at montes fames nunc tempor ', '2019-12-16 19:26:43', 2, NULL, 'pending'),
(864, 'ut tortor Vestibulum accumsan Donec magnis ullamcorper Donec congue parturient in lobortis eget ', '2019-08-13 14:25:50', 21, 'twitter', 'published'),
(865, 'parturient non neque non vel amet accumsan arcu in arcu est vehicula ', '2019-09-22 07:33:04', 14, NULL, 'pending'),
(866, 'consequat vel dis vehicula mi Integer condimentum eget faucibus ', '2019-09-26 06:48:36', 21, NULL, 'pending'),
(867, 'justo Donec maximus eu auctor ultrices Nullam velit pretium dolor Fusce libero pellentesque molestie Donec ', '2019-09-24 23:25:10', 18, 'twitter', 'published'),
(868, 'semper a Donec nunc tempus rhoncus congue lacinia ac Donec dolor et eu vitae sapien quam varius in diam bibendum ', '2019-07-14 19:09:22', 1, 'twitter', 'published'),
(869, 'lorem odio Orci at luctus id Proin mattis erat ', '2019-07-30 21:42:30', 17, NULL, 'rejected'),
(870, 'a risus natoque est risus ex vel ante in ', '2019-07-07 19:04:37', 2, NULL, 'rejected'),
(871, 'scelerisque nisi elit tellus lacus Fusce et orci non ipsum ', '2019-11-13 16:49:58', 11, NULL, 'pending'),
(872, 'mi ipsum sapien pellentesque finibus dis maximus ornare libero fringilla lorem et fermentum suscipit fermentum dolor Pellentesque ', '2019-10-16 19:51:56', 10, 'twitter', 'published'),
(873, 'magna sit volutpat faucibus finibus nisi fringilla Nunc nec augue nec Proin congue non tempor eros pellentesque vel ', '2020-01-06 06:07:31', 1, NULL, 'pending'),
(874, 'augue tempus ultrices vehicula congue risus luctus Pellentesque Nullam ', '2019-10-17 21:32:42', 12, 'twitter', 'published'),
(875, 'Donec Phasellus mi Nullam neque primis vitae odio ante libero Etiam at Morbi in vestibulum non ', '2019-06-03 12:13:07', 7, 'twitter', 'published'),
(876, 'molestie orci tempor erat parturient felis nunc justo vel diam lorem pretium non ', '2020-02-04 15:13:29', 21, NULL, 'rejected'),
(877, 'odio mattis eget dis eu condimentum id euismod ', '2020-02-14 01:50:43', 19, 'twitter', 'published'),
(878, 'Phasellus viverra Sed vel tellus et faucibus vitae quis Sed porttitor ', '2019-11-17 00:16:19', 13, NULL, 'rejected'),
(879, 'dolor tellus at justo velit rhoncus elit amet elementum justo laoreet parturient fringilla ', '2019-08-29 17:49:50', 18, NULL, 'pending'),
(880, 'Etiam ipsum elit congue imperdiet nulla Donec tincidunt dolor magnis dolor tellus Quisque a tincidunt ridiculus malesuada ', '2020-02-02 02:21:14', 6, NULL, 'pending'),
(881, 'in a ultrices justo egestas finibus laoreet Vivamus ', '2019-07-28 20:59:56', 18, NULL, 'rejected'),
(882, 'Proin purus ante at nisi faucibus interdum ultrices lectus congue eget ', '2019-11-14 09:02:21', 19, NULL, 'pending'),
(883, 'gravida at Vestibulum risus gravida Proin risus tellus ', '2020-01-19 15:15:51', 20, 'twitter', 'published'),
(884, 'consequat nibh congue finibus sem odio sapien consectetur lectus ipsum et lorem enim odio at quis ', '2019-11-23 02:10:39', 16, NULL, 'pending'),
(885, 'vel volutpat mi at id neque id sapien felis lacus porttitor sit non et at a massa laoreet ', '2019-08-04 04:01:13', 8, 'twitter', 'published'),
(886, 'vel eget at egestas adipiscing ac molestie in magna Fusce ', '2019-10-22 05:18:08', 11, NULL, 'pending'),
(887, 'in Donec non pharetra Mauris aliquam et fringilla ', '2019-09-21 06:04:51', 5, 'twitter', 'published'),
(888, 'non vehicula luctus purus Lorem aliquam at fames ornare augue congue ac ac ', '2019-09-03 17:57:28', 18, NULL, 'rejected'),
(889, 'tempor libero Cras et pellentesque Fusce Vestibulum nec amet et Ut tempus ', '2019-08-07 04:36:05', 14, 'twitter', 'published'),
(890, 'vel erat nibh Vestibulum Mauris non nisi Etiam accumsan facilisis neque enim ', '2020-02-08 03:39:43', 13, NULL, 'rejected'),
(891, 'neque sem Cras diam erat neque semper sem accumsan dui sapien convallis ', '2020-02-24 15:47:00', 15, NULL, 'pending'),
(892, 'est a vitae vitae tempor justo est condimentum nibh est Donec elementum commodo ', '2020-01-27 17:36:46', 16, 'twitter', 'published'),
(893, 'felis orci iaculis Vivamus consequat justo pulvinar dolor purus ', '2019-12-19 19:33:00', 12, NULL, 'rejected'),
(894, 'sed eget lorem neque Pellentesque tincidunt in at accumsan Proin pulvinar justo at vel in ex ', '2019-07-12 17:58:37', 2, 'twitter', 'published'),
(895, 'luctus ut elit augue laoreet vehicula montes et malesuada ', '2020-02-18 10:11:11', 18, NULL, 'pending'),
(896, 'justo feugiat Mauris In non ante et parturient laoreet quis volutpat in libero malesuada ', '2019-06-02 18:47:13', 2, 'twitter', 'published'),
(897, 'fringilla fringilla id finibus molestie commodo luctus sed Donec id purus congue mattis varius feugiat porttitor in natoque ', '2020-02-12 11:46:16', 14, NULL, 'rejected'),
(898, 'mi Nam a ridiculus lorem mi Donec et amet tempus erat massa erat ultrices eu aliquam molestie ', '2019-09-06 21:31:30', 7, 'twitter', 'published'),
(899, 'nisi posuere in Cras Fusce felis fringilla ante a malesuada Phasellus lobortis ante Vivamus odio finibus Fusce sem molestie ex ', '2019-08-23 12:17:02', 21, NULL, 'pending'),
(900, 'auctor Aenean efficitur natoque natoque congue erat in vel convallis a neque pulvinar vitae ', '2019-11-02 19:53:11', 10, NULL, 'pending'),
(901, 'faucibus eu ornare Integer accumsan at cursus accumsan sit nec ultricies in mi justo Mauris ', '2019-06-30 06:33:24', 18, 'twitter', 'published'),
(902, 'dis montes fermentum justo non ex et suscipit mattis eu dis Mauris vel est Nullam laoreet maximus ultricies Vivamus ', '2019-11-12 19:44:05', 10, 'twitter', 'published');

-- --------------------------------------------------------

--
-- Structure de la table `proposal_content_history`
--

CREATE TABLE `proposal_content_history` (
  `id` int(10) UNSIGNED NOT NULL,
  `proposal_id` int(10) UNSIGNED NOT NULL,
  `date` datetime NOT NULL,
  `content` text COLLATE utf8mb4_unicode_ci NOT NULL
) ENGINE=InnoDB DEFAULT CHARSET=utf8mb4 COLLATE=utf8mb4_unicode_ci;

--
-- Déchargement des données de la table `proposal_content_history`
--

INSERT INTO `proposal_content_history` (`id`, `proposal_id`, `date`, `content`) VALUES
(301, 803, '2019-06-27 09:43:18', 'commodo in dui lectus in maximus eu varius volutpat arcu ultricies fermentum ornare lacus elementum ipsum Cras aliquam mi ornare non accumsan interdum orci Ut vehicula erat natoque mi nec erat a Mauris Fusce faucibus ornare dis malesuada ornare mi vitae ipsum dolor magna faucibus luctus sed leo Phasellus sit pretium diam Integer sapien ac diam mattis In tempus in vel sit et eu Nullam magna odio nisi interdum nisi a maximus maximus ligula iaculis tincidunt augue tellus erat dignissim egestas justo et maximus Suspendisse vitae euismod Vestibulum blandit Suspendisse at malesuada ultrices malesuada justo elit maximus eu tempus lectus fringilla est urna Pellentesque commodo turpis vehicula Donec vehicula vitae nibh eros augue id mi in arcu Donec faucibus non at justo egestas aliquam luctus eget velit a Ut eleifend pellentesque augue quis tincidunt rutrum nec laoreet Mauris erat vehicula varius dolor odio lobortis elit elit ac vel Mauris Proin Ut eleifend nec ipsum elit vitae fringilla nisi vel vestibulum tellus malesuada lectus finibus commodo sit natoque volutpat Mauris maximus lobortis facilisis Aenean Sed pharetra molestie neque volutpat turpis erat Donec eu non vel scelerisque sapien mattis auctor condimentum massa sapien viverra dui volutpat Donec et odio sit tellus magna vehicula dis euismod vehicula arcu eu amet est nec ridiculus interdum dapibus consequat varius Donec enim justo eget mi interdum Vestibulum ipsum id eget semper amet dis Fusce Phasellus Mauris pulvinar ipsum et vel Nullam et lectus nisi cursus elit Mauris neque ultricies vitae arcu Morbi nec In dignissim posuere sed felis Donec elit Morbi egestas eget orci vel dolor ac vestibulum arcu parturient nec Interdum mi erat dapibus egestas mi elementum sem a interdum molestie venenatis augue interdum molestie sed diam amet condimentum tortor in ipsum tincidunt diam erat ut fringilla commodo justo nisl adipiscing Morbi Nullam vitae non dapibus vitae Ut ultricies vehicula commodo ac vitae nec erat eu penatibus orci consequat est sapien amet Proin Mauris ex Suspendisse congue eu a sed vel Ut nec accumsan consequat tempor tincidunt sapien vel consequat vehicula porttitor varius vel Vivamus vestibulum eros commodo a rhoncus dui eu montes lacus condimentum viverra Morbi vehicula Nullam Donec egestas nisi natoque purus elit ridiculus Quisque Suspendisse ridiculus interdum auctor natoque quam quis lacus lorem augue enim tincidunt risus volutpat erat tellus consequat ullamcorper porttitor quis '),
(302, 804, '2019-08-12 01:02:49', 'nec eget elit ligula condimentum eu amet penatibus placerat aliquam justo orci iaculis Donec dui quam leo at vitae Donec gravida purus mauris scelerisque justo magna nisi euismod volutpat pellentesque mus mus quis odio odio nibh pulvinar quam ut dis orci arcu ornare laoreet bibendum mauris eget nunc ante justo at consequat risus pulvinar at eleifend tincidunt eros faucibus arcu magna orci diam quis scelerisque sem ornare elit in mi sagittis ac tempor nec auctor Nullam egestas est tellus laoreet interdum fringilla quis suscipit gravida sit ipsum vitae sagittis mattis vel vulputate dolor volutpat erat amet consequat posuere ac ut quis vel fringilla Mauris quis justo libero Donec fames amet vel commodo amet egestas elementum In nulla aliquam feugiat auctor Nunc mi dui molestie ac eget Fusce elit at ac eget lectus Nullam mattis posuere mattis elit natoque sodales maximus sem fermentum nec non rutrum vitae maximus felis sed Cras vestibulum et Ut Morbi eget diam condimentum ipsum libero quis molestie molestie erat magna mi Donec odio amet quis ipsum dignissim vel accumsan Etiam ante magna justo vehicula Donec Donec nascetur maximus facilisis fames arcu Fusce euismod id Mauris mattis lobortis fermentum elit Donec nisi sit ornare et urna elit enim ultricies ultricies luctus tempus eget laoreet fringilla ultricies consequat consectetur Cras non faucibus Ut In pulvinar at purus quis et interdum viverra laoreet eu blandit malesuada ornare Ut volutpat Proin tristique sem nascetur mus erat parturient '),
(303, 805, '2019-11-09 22:24:24', 'elit congue Donec ipsum id vitae Sed turpis mattis congue tempus nunc commodo lacinia ornare neque vel massa ut Mauris dis facilisis nec eleifend bibendum sed vel sapien quis bibendum Nullam odio risus odio Nunc varius sed scelerisque nisi varius Quisque erat diam arcu ipsum mattis vitae non ipsum risus varius sit blandit dis ut dolor amet velit at neque egestas interdum et quam dolor primis dolor risus arcu diam a justo montes mus interdum fringilla Morbi turpis Etiam in facilisis suscipit lorem dui Fusce elit accumsan non accumsan ridiculus ipsum vel nisl amet nec maximus faucibus Nullam tempus vel ipsum sapien urna Fusce egestas Integer Suspendisse erat laoreet non condimentum gravida dolor primis egestas laoreet augue rhoncus tempor ullamcorper erat vitae diam risus vehicula lectus Nullam ac vestibulum ex dui amet maximus facilisis at diam In elit Vestibulum et scelerisque Nunc risus mattis Morbi condimentum elit Pellentesque Donec molestie efficitur faucibus Sed erat eu Integer pellentesque dolor sem Donec elementum gravida eu maximus montes tellus quis lorem pulvinar sapien neque ipsum est felis vel purus a eu erat est vel mattis metus Sed lorem nec consequat neque faucibus tellus consectetur Nunc Ut auctor lacus ipsum amet egestas erat molestie neque vitae Phasellus Donec magna risus vel egestas a eros nisi vel non sed Nam maximus tempus dapibus neque risus elit velit lectus in ornare nec at pretium tempus nisi nisi scelerisque erat a accumsan elit vestibulum blandit '),
(304, 806, '2019-11-21 21:42:55', 'consequat maximus neque tincidunt Vivamus mattis vel at enim nisi Vestibulum volutpat pharetra odio facilisis amet lacinia mi Ut dis laoreet sem nunc at finibus sagittis amet Cras vestibulum tellus maximus vestibulum facilisis non quis at est accumsan amet nunc maximus nisi Nullam erat interdum erat urna dolor condimentum feugiat nisi lacinia dui vitae varius Orci leo Fusce diam sed erat diam scelerisque nec eget Cras ac vehicula Sed vitae odio mus Pellentesque nec commodo purus commodo mattis vitae nibh sapien neque in feugiat turpis Fusce est non eleifend Morbi ipsum mattis ultricies vel nulla consectetur dolor mattis facilisis rhoncus sed sapien maximus vitae tempor a sit parturient malesuada ante natoque ante Donec quis natoque quis mattis risus '),
(305, 807, '2019-06-17 21:20:44', 'sagittis justo vitae sit feugiat lobortis ultrices luctus dolor ipsum et sed ultrices Nunc a Sed sodales a Pellentesque vel suscipit non nec justo arcu purus mattis luctus Nullam aliquam nunc Nunc dui viverra erat eu In Donec sodales vitae fringilla vitae neque elit bibendum Nunc tincidunt tincidunt luctus nisi odio lacinia et Suspendisse elit convallis quis et Nullam nisi maximus eu quis pellentesque ut sit sagittis varius lectus In sapien congue quis Nunc maximus efficitur Nunc nulla pulvinar elit nec urna tempus urna odio in mi dolor vel imperdiet Ut amet Mauris mi id penatibus accumsan ornare egestas Integer ornare feugiat ac elit dis ultricies est vehicula Fusce enim Vivamus ipsum rutrum vel Fusce eget Donec felis ornare vel fringilla ut Fusce facilisis viverra arcu posuere magnis arcu penatibus luctus ornare gravida sed purus quis metus at vestibulum eget a a imperdiet Fusce luctus fermentum mi orci adipiscing Proin non at at id laoreet Cras maximus montes erat iaculis Pellentesque Donec in dis feugiat varius velit purus feugiat Donec est amet diam eget eros nulla vehicula nisi malesuada metus malesuada Nunc Proin viverra vel ipsum at natoque Vestibulum vitae dui ultrices nec pulvinar justo in eget massa vitae vehicula Donec neque Pellentesque quis viverra Fusce quis fringilla Fusce Donec nunc velit montes neque vel Nam facilisis iaculis in condimentum pulvinar elit sed velit porttitor nec tincidunt ac in posuere turpis efficitur tellus Fusce orci at at faucibus Pellentesque a ridiculus sodales laoreet magnis vel volutpat tortor at congue felis vestibulum neque Morbi amet quis amet in sit vitae Donec ligula ipsum dui Nunc nascetur sagittis accumsan vel Ut mi facilisis ac at fermentum suscipit justo risus et tortor non ac pulvinar Phasellus consequat '),
(306, 808, '2020-02-16 05:07:44', 'placerat aliquam nec varius magna sed ultrices pulvinar risus arcu quis diam a vestibulum dis sem odio a dolor laoreet maximus tellus interdum justo tincidunt lobortis vehicula Nullam urna et at varius est a nec maximus Vivamus primis quis eu Interdum molestie justo turpis interdum laoreet at vestibulum ipsum luctus gravida dolor adipiscing dolor leo molestie justo Pellentesque nec non leo sit vehicula luctus magnis ipsum tortor odio dui imperdiet maximus nec neque consequat at luctus posuere quis dolor maximus orci tincidunt diam non varius vel tellus sodales montes erat consectetur quis ac eu parturient facilisis vitae mi nec in erat nulla risus nisl Cras fringilla felis non mi laoreet eget vel quis montes molestie risus at odio Mauris amet ipsum quam purus feugiat eu cursus porttitor suscipit lorem tortor Morbi tincidunt congue lectus sit a gravida eget varius magna laoreet ipsum blandit erat accumsan sit penatibus fermentum vitae a fermentum Donec non nulla et mattis auctor penatibus dapibus nisi ante elit amet nec at dolor faucibus ipsum natoque dolor erat libero egestas libero nisi justo Ut tempor velit vitae vitae condimentum faucibus sem vestibulum Orci lacinia Ut scelerisque quis ligula commodo varius mi Sed Integer Fusce odio at condimentum nisi Mauris Morbi a Donec scelerisque elit ante mattis gravida vitae fringilla ipsum vestibulum malesuada varius et Donec maximus suscipit et aliquam dui vel laoreet nulla penatibus nec magna risus id sit Donec laoreet aliquam risus ut Mauris condimentum eget ante faucibus non elit erat ante mi diam eu Mauris suscipit euismod ridiculus laoreet id commodo maximus semper neque sagittis ornare dui tempus vitae vel Fusce nunc Morbi Quisque maximus Ut nulla dapibus dolor Integer Mauris pellentesque nec Interdum nascetur vestibulum Mauris Pellentesque tincidunt at a gravida scelerisque lobortis pharetra Ut Nullam molestie accumsan elit neque eu Fusce tempus iaculis eu quis Mauris mi ullamcorper interdum metus ultricies varius vestibulum fringilla scelerisque Proin Donec penatibus Cras laoreet non iaculis vehicula sed placerat penatibus consequat maximus ullamcorper vehicula Orci bibendum nisi Quisque feugiat et dis non ullamcorper dolor tincidunt Mauris interdum ornare tempus erat mi maximus eu augue eros dolor neque at Fusce maximus amet faucibus a consequat augue Fusce mus eu sem massa maximus id Ut justo est nisi faucibus metus ipsum orci scelerisque nec risus interdum congue augue vehicula ac vestibulum nec in mattis velit arcu Phasellus ante Cras nec pulvinar vehicula nec semper Morbi libero Donec in eros vitae vitae Donec sem vehicula laoreet eget malesuada nec viverra diam consectetur sit mattis ex a condimentum Vestibulum quis lectus quis erat tincidunt quis varius Morbi magna Donec parturient lacus risus et consequat elit tortor dui risus egestas Orci vel tellus a euismod vel iaculis mi Nullam Donec justo Aenean mi Fusce Nunc Pellentesque Donec mus elit eu libero ultrices '),
(307, 809, '2020-02-29 18:12:00', 'vestibulum laoreet consectetur fringilla nunc in parturient Donec faucibus aliquam Vivamus mattis ex porttitor pulvinar a mattis mi in malesuada nisi at nascetur non suscipit nec ridiculus Proin vel neque risus accumsan ipsum volutpat dolor Donec odio ante montes convallis dapibus Proin eget Nunc turpis vestibulum justo Vivamus consectetur montes mauris eget laoreet Vestibulum ridiculus vel quam dolor convallis ipsum congue amet erat Nullam placerat risus faucibus felis sapien Donec pellentesque erat finibus Morbi dolor felis velit et in laoreet posuere quis quis interdum a ridiculus Vivamus tempor arcu elementum nec vel in sit et nec ridiculus id Vivamus tempor neque ornare Donec nascetur Fusce imperdiet pellentesque natoque malesuada '),
(308, 810, '2019-12-13 19:50:59', 'ac mi arcu Orci mus risus eu magna lorem ligula velit Fusce Integer tempus tempor diam Aenean quis augue pulvinar felis amet Donec blandit iaculis luctus est neque maximus rhoncus ipsum tempor maximus Mauris facilisis Lorem lacinia erat in Nullam Donec Integer vitae ipsum Fusce mi tincidunt justo sagittis sapien euismod nec pellentesque quis libero maximus nisi ipsum mus arcu in nisi placerat eu nec erat vel elementum sed vel ante ipsum sit justo lacinia Quisque dolor ornare justo Nunc congue molestie tortor Orci in ante sapien nec Aenean nec vel vitae maximus tincidunt odio maximus eget Suspendisse tempus vel Donec viverra sapien et Morbi faucibus quam sed vitae Orci in scelerisque ipsum at eu ultricies blandit auctor tortor auctor at arcu sagittis sit vehicula nec quis sed rhoncus Donec mi pulvinar dis imperdiet urna condimentum non neque justo nascetur suscipit Ut est eu in vehicula libero at penatibus urna quis vitae amet Cras blandit justo tortor mi aliquam accumsan eleifend quis accumsan velit tellus quis magna Aenean risus tortor '),
(309, 811, '2019-08-29 08:56:01', 'Pellentesque neque vestibulum sed est imperdiet penatibus ultrices sit at Orci in purus Mauris Morbi Cras at accumsan neque Morbi erat Vivamus et Mauris Donec aliquam lorem feugiat lobortis ipsum pellentesque metus eu pellentesque ultricies Fusce ut penatibus nisi viverra sem sem pulvinar nec vel ultricies justo maximus mi varius finibus massa justo sagittis congue tempor justo lorem pulvinar finibus dolor eu velit sed auctor vel pharetra ipsum consectetur et pellentesque finibus elit erat amet nisi Mauris tincidunt a congue viverra at ligula Orci velit Nullam sagittis vitae arcu molestie Quisque dolor accumsan amet non at in odio luctus quis non dolor et lacinia ligula elit faucibus eu varius vehicula euismod mi ipsum facilisis lorem Mauris Mauris magnis odio pulvinar vel penatibus sem turpis neque bibendum interdum sapien diam erat dolor lobortis commodo nulla porttitor blandit erat placerat magna eros quis pellentesque nec viverra non Proin fringilla sagittis nisi In congue a mauris orci maximus elit nisl risus Donec tincidunt ornare elementum at parturient felis commodo accumsan quam '),
(310, 812, '2019-12-13 00:27:22', 'dolor lacus accumsan pulvinar vitae malesuada elit ac tempus tellus felis odio pretium gravida imperdiet quis purus ipsum in Nunc nulla odio est tempor eu natoque a elit et molestie dapibus efficitur risus tincidunt Vivamus Pellentesque pretium mi velit tincidunt nulla nisi fames nunc Aenean blandit mus ac Quisque sem Ut lacus Quisque dui laoreet Integer posuere est Fusce nec neque parturient varius risus justo vel sit nisi nec eros a vel pretium penatibus varius faucibus in magna eu eleifend Ut viverra mattis ultrices montes Donec Fusce vestibulum Sed in consequat arcu sit purus ac lacinia commodo pulvinar pellentesque efficitur egestas quis orci mattis sagittis amet luctus natoque fames purus justo nunc nisi accumsan primis dui Nullam volutpat a facilisis vel lobortis elit sem at venenatis vel tincidunt felis commodo nisi molestie diam lorem lobortis volutpat maximus a non mauris accumsan erat diam augue lorem ipsum dolor id nisl quis mattis natoque aliquam quis maximus diam blandit vitae nec Donec posuere fringilla ac a egestas augue auctor odio vestibulum et erat luctus eu vel ipsum elementum elit Integer venenatis vehicula elit mi iaculis Orci faucibus enim purus faucibus nisi purus fringilla varius consectetur et eget tempus eget egestas dolor rhoncus dapibus adipiscing bibendum quam et molestie quis in fringilla lobortis mi elit odio vitae purus nec Ut ipsum turpis eget Proin arcu condimentum ac sodales vehicula Nunc nisi nisi mi vestibulum tempus '),
(311, 813, '2019-12-07 21:54:38', 'egestas consequat Interdum a consequat risus nisi rutrum ac mus auctor eleifend gravida justo orci pulvinar quis dolor auctor erat laoreet nascetur diam magnis quis tellus neque consectetur malesuada urna sagittis a sed odio nascetur placerat ut cursus risus congue justo lacus Nullam risus nec vel erat mi sapien Proin nec maximus magna Fusce dui justo malesuada Fusce dui Vivamus maximus id ullamcorper lacus pharetra ipsum sit adipiscing Donec ante eu dui quis odio ut risus commodo Mauris Donec faucibus eros risus eros eros a luctus interdum sapien eget nunc varius a nec nec vehicula scelerisque augue a consequat augue laoreet in consectetur Phasellus mi tempor eros dui neque gravida vulputate Mauris lacinia fringilla parturient a id Integer in a consectetur amet malesuada rhoncus est consequat elit turpis diam ullamcorper facilisis quis urna fringilla a In Mauris varius pulvinar et amet est ut congue erat Phasellus vestibulum maximus molestie pulvinar auctor facilisis erat non nunc nec magnis Donec sed quis justo Mauris mauris dui orci Cras egestas posuere finibus purus pulvinar quis Nunc elit sit Ut interdum mi fringilla dapibus augue facilisis ut dis Sed magna massa dapibus at at at feugiat Sed aliquam vitae consequat condimentum dui odio at rutrum tempus ante Donec non fermentum ante vestibulum ultrices velit laoreet lacus erat non magna laoreet faucibus in maximus diam dui diam ac ridiculus finibus ipsum mi odio dolor sodales malesuada at finibus at justo Morbi posuere egestas justo laoreet velit ornare Quisque tempus at eget Proin vestibulum Interdum erat sem sit auctor facilisis id finibus neque nisi vel Donec leo odio Donec congue a sapien a consectetur sit gravida maximus velit enim ipsum lobortis dolor feugiat ultrices accumsan molestie nisi sapien Fusce quis neque elit nibh quis sagittis ullamcorper nisi congue justo nec neque arcu vitae dis aliquam neque et sem arcu vehicula malesuada quis mattis vestibulum at sapien velit sit nunc volutpat arcu in fringilla metus a malesuada at penatibus euismod quis risus lobortis in dolor mattis posuere Nunc id urna dui Phasellus eleifend odio pulvinar Nunc lobortis nunc parturient Morbi eu libero in purus id risus ultrices in lorem adipiscing Nunc ipsum fringilla lacinia mus Mauris posuere Nunc pretium '),
(312, 814, '2020-02-26 07:56:21', 'nisi erat Fusce interdum mus dapibus volutpat vitae maximus mi sem ipsum vehicula luctus mattis amet dapibus Vivamus nisi bibendum malesuada libero neque lacinia tristique sapien sapien congue fringilla erat quis efficitur odio ex neque dui consequat finibus Donec ipsum consequat fames elit erat diam quis auctor elit ac consequat varius condimentum sapien ac elit quis eu eget ac sit risus ac finibus felis purus eu dis neque ultrices penatibus Fusce mattis ac porttitor mus libero volutpat est consectetur posuere purus erat condimentum Nunc ante sed non Proin Ut laoreet accumsan at pulvinar odio mi nisi congue tincidunt condimentum nunc nascetur fringilla risus est dignissim erat neque velit bibendum vehicula felis luctus Nam at orci et enim ut ex at mi fringilla pellentesque eget malesuada arcu ipsum sapien fermentum neque nisi maximus sapien lobortis Donec tincidunt laoreet primis at posuere id urna augue finibus montes neque dignissim mi placerat non vestibulum Mauris neque vehicula id accumsan cursus a in nisi nisl luctus Fusce vestibulum sed Donec condimentum eget quis mauris magnis at consequat tellus Donec sagittis Nullam vitae sit pulvinar vitae lobortis pellentesque ipsum montes justo ornare in pulvinar tincidunt ut urna Vestibulum elit est sapien at dapibus ac in at nulla odio blandit placerat Donec primis risus vestibulum rhoncus Ut id lacus velit sapien nascetur primis id Nunc in sapien Phasellus ipsum pulvinar quis Lorem quam Donec non id nisi vitae congue felis montes at consequat mi erat libero a mauris malesuada risus metus diam ut libero magnis accumsan nisi Morbi tempus arcu leo congue est congue ex mauris in Morbi condimentum laoreet id et vel eget Donec diam ac nunc malesuada pretium risus pulvinar ullamcorper ac amet vel eget mus Nam vel justo ut Orci luctus ac faucibus nunc Donec risus Fusce non nec fermentum nisi non quis Morbi condimentum pulvinar Integer ex in blandit sem vestibulum gravida egestas et pulvinar elit tempor nulla in diam fermentum luctus sem molestie pellentesque nisi ornare tincidunt Fusce condimentum erat euismod posuere ac Orci neque molestie vestibulum vel in varius laoreet eleifend at accumsan vel maximus pulvinar tempor lobortis accumsan penatibus sem tincidunt quis mus diam a Nullam vulputate tempor Phasellus dolor est Proin nisi pulvinar luctus dis finibus consequat justo suscipit est egestas congue auctor lacinia Vivamus dignissim Cras congue congue sapien Morbi Fusce condimentum gravida a Aenean lectus nisi finibus in viverra sit diam Aenean Nunc blandit quam Nunc Fusce nunc at Mauris magnis malesuada elit nisi leo eros velit quis maximus tincidunt sagittis lacinia auctor amet quis odio nunc ultrices risus Fusce aliquam Orci diam nisi et dapibus Interdum dapibus sagittis luctus Mauris nulla pellentesque ut at nisi congue at in in erat in ipsum odio ipsum iaculis est a parturient euismod accumsan Integer fringilla '),
(313, 815, '2019-11-27 20:50:14', 'felis pulvinar interdum parturient pretium scelerisque ornare lobortis augue vestibulum ex Ut congue laoreet leo sed metus et a tempus Nunc bibendum vitae diam et dolor Morbi interdum Sed risus sem sed ac augue ultricies vitae vel erat nec ligula elementum tellus massa at nec enim maximus interdum Donec lorem lacus augue et pellentesque Proin ac malesuada iaculis in nisi lorem nisi ridiculus accumsan quis Proin ante sagittis consequat maximus orci et sapien et condimentum Donec semper Morbi Interdum pulvinar pulvinar dolor elit non ipsum congue aliquam nisi Orci ipsum Lorem elit egestas neque facilisis tellus auctor Fusce Nunc odio lectus tempor iaculis tincidunt eu amet erat vestibulum vitae magna erat at quam ornare Proin vel quis sodales malesuada ac eleifend molestie neque vitae tortor molestie lobortis Pellentesque Suspendisse In neque posuere maximus vulputate in Aenean imperdiet vitae tempus Cras nisi felis Fusce '),
(314, 816, '2019-11-14 03:37:20', 'ut blandit tortor et facilisis neque sagittis laoreet eget maximus dui dui adipiscing faucibus mi ornare sapien natoque arcu euismod venenatis ornare orci varius id Nullam nisi nisi in luctus dui elementum sit viverra interdum interdum maximus nisi fringilla Sed ante augue tristique auctor Pellentesque penatibus mi maximus maximus mattis mattis ex accumsan penatibus consequat iaculis lacus quis ridiculus neque at Ut magnis massa congue Aenean pharetra Nullam Nullam imperdiet tortor lectus tempor felis nec nisi vel neque ex vulputate molestie consequat eu nec mattis quis justo euismod urna feugiat congue purus varius at laoreet eu lectus neque Ut risus Phasellus neque eget quam tortor ornare a malesuada justo diam nunc sed pharetra arcu at magna mus arcu convallis quis elit vestibulum Phasellus elit neque pulvinar ipsum nunc sapien ullamcorper Donec Donec id nec ipsum dis mi faucibus volutpat vitae tincidunt erat Nunc bibendum aliquam felis sit Donec sapien justo amet at tortor eget Fusce varius porttitor egestas elit nec fringilla neque lorem at vitae nisi tincidunt a pulvinar mi nec Morbi ac amet erat ornare libero dolor Proin odio sapien Pellentesque nisi Nullam dapibus odio Etiam tellus non Donec Integer interdum Donec Nunc Mauris nibh consequat a vel nisi condimentum vehicula Vestibulum pretium montes ex molestie In mus sem Orci iaculis vel Fusce congue et dolor Ut eget nisi dui eget odio Vestibulum Ut ornare sit Nam congue eget aliquam erat dui augue maximus lectus elit nec tortor Mauris penatibus interdum quis ante Nullam maximus iaculis nisi feugiat nibh vestibulum vitae elit purus Lorem lectus Quisque varius magna adipiscing in laoreet ac vitae est pharetra nunc Pellentesque accumsan ac Pellentesque cursus sapien quis molestie blandit sit in dolor maximus pellentesque eu consequat gravida malesuada sem Sed volutpat euismod magna montes euismod lobortis nec interdum et cursus purus dui primis nec nisi auctor aliquam risus consequat dolor egestas '),
(315, 817, '2019-08-08 08:28:26', 'ut tortor lorem libero accumsan arcu laoreet malesuada molestie ac nulla at libero mauris quis mi dis eu Phasellus quis nisl consectetur vel lacus adipiscing in Morbi sem non Morbi at et interdum Orci nibh scelerisque amet a mi varius in Nullam feugiat Fusce luctus vel arcu dolor sit Fusce Nullam Lorem Donec sit odio scelerisque sapien faucibus Ut ac egestas sit molestie nunc dolor pulvinar sit feugiat elit Mauris Pellentesque vel laoreet augue posuere tincidunt arcu dolor molestie sed Orci dolor ultricies sapien nisi amet malesuada id lorem vestibulum tincidunt vitae quis lorem enim varius tellus lacus felis nascetur laoreet Vivamus volutpat est pretium sed in nisi eu bibendum ac fringilla orci vitae libero magnis faucibus dolor nisi auctor sapien cursus Integer felis Donec fames felis erat nunc elit mattis cursus congue feugiat ante ante ornare odio luctus facilisis odio commodo magna tincidunt quis pulvinar Vivamus Nullam tempor augue feugiat sem Morbi Proin vitae erat elit et egestas nascetur at vel dis laoreet tempor quis Aenean tempor mattis odio molestie vitae sem vitae turpis finibus non magnis Orci nulla Pellentesque ac tristique '),
(316, 818, '2019-09-17 04:38:49', 'odio Donec laoreet lorem finibus Donec maximus neque ipsum commodo lacinia justo feugiat justo bibendum sed nulla mi enim adipiscing vehicula tortor leo tincidunt nec risus accumsan lorem Mauris justo dignissim in tellus egestas orci diam aliquam dignissim at at id ipsum ac et lacus varius finibus magna bibendum at ultricies pulvinar justo volutpat fermentum sagittis accumsan ipsum sagittis consequat tristique vitae justo nisi lacus ac ac Ut neque in Nullam vestibulum faucibus neque ipsum dis non finibus neque vehicula Cras magna elementum Lorem leo ut Quisque sem risus quis sem Mauris blandit sagittis bibendum Mauris imperdiet laoreet magna Proin consequat nascetur consectetur lorem scelerisque nec eget augue justo viverra nulla vitae Fusce justo pulvinar eros Phasellus convallis sem elit maximus consequat justo sit eu pulvinar erat ac accumsan consequat felis neque molestie vitae interdum Donec ornare diam faucibus amet Nam arcu ac scelerisque dolor laoreet dapibus ante laoreet luctus ornare pulvinar enim Integer odio sapien lacinia laoreet varius in odio diam felis sem in maximus elementum penatibus elit id dui est aliquam erat pulvinar quis quam laoreet est enim natoque pulvinar faucibus laoreet eget odio nibh mi nunc augue consectetur sem in posuere a fringilla amet Donec erat accumsan urna luctus scelerisque bibendum dui posuere nulla vitae pretium porttitor at nascetur lectus Donec Vestibulum nunc sed finibus justo nulla posuere nec accumsan arcu laoreet amet tortor tempor varius nunc tempor molestie amet tempus Nullam vel viverra urna euismod rutrum condimentum nec odio '),
(317, 819, '2019-12-19 06:12:05', 'non maximus eu sem est natoque maximus Orci non tincidunt ipsum mattis risus Vestibulum vel facilisis molestie tempus nunc amet dis gravida lobortis volutpat ornare neque justo dignissim vel Proin rutrum Mauris tempor Cras felis Ut risus Morbi consectetur efficitur tellus at magna augue lobortis Fusce Donec ex Integer eget Cras consequat nisi arcu justo pulvinar at diam nisi egestas commodo leo lobortis Cras dis ridiculus fringilla nisi molestie eget lacinia nec nisl malesuada dolor magna tortor pellentesque diam nec eros Nunc varius libero pharetra at enim sit eget Cras nec nunc Vivamus mi id ultricies ultricies condimentum at ex Mauris tempor lectus in accumsan Quisque neque egestas sapien vel quis nunc mus erat arcu Cras amet Phasellus at libero '),
(318, 820, '2019-07-25 23:52:10', 'laoreet sit justo ante Nunc blandit at magnis quis amet velit vel laoreet erat mi faucibus dolor quis posuere finibus enim diam ut faucibus lectus ornare libero est semper non luctus eget varius ultrices scelerisque id euismod amet Phasellus ornare sit maximus posuere dui Pellentesque montes dolor ac bibendum malesuada Mauris sed finibus mi sapien posuere parturient accumsan ornare molestie sit facilisis dis eu felis molestie eros auctor nec pellentesque Aenean ipsum consectetur nisi eu odio sagittis at vel faucibus Morbi sit et dolor Pellentesque condimentum Donec et eu eros Donec ex facilisis efficitur accumsan efficitur malesuada congue sed rutrum congue consequat quis sodales egestas diam Fusce posuere diam odio facilisis metus pellentesque tempus scelerisque nulla mi dignissim in condimentum lorem augue mi elit neque neque odio quis consequat ac Integer scelerisque Proin a leo varius condimentum consequat fermentum augue feugiat arcu orci nisi Cras Phasellus elit iaculis tellus arcu fermentum arcu commodo feugiat laoreet fringilla justo mattis orci Integer sit quam quis vel Mauris vel arcu in justo elementum in est lorem Phasellus nibh odio nisl mi eget eu Pellentesque Donec gravida vehicula iaculis commodo velit gravida interdum consequat erat Nam dolor justo eget ac mi libero dui a Proin non Cras fringilla vel arcu ultricies ante consequat accumsan nisi erat sit diam neque eros vestibulum non Orci ex magnis ornare quis Phasellus diam dignissim interdum suscipit euismod ultricies nec tristique risus lacus lectus mi eu ornare Interdum ridiculus pharetra id sit mus ridiculus velit neque interdum adipiscing accumsan in '),
(319, 821, '2019-08-24 18:24:55', 'faucibus interdum erat vel varius cursus amet tincidunt scelerisque varius felis penatibus elit a Integer pellentesque in amet nec feugiat non erat odio consequat nulla tincidunt vestibulum fames maximus quis at Pellentesque Aenean sem eu vehicula Sed vehicula Nunc sed mi ac ipsum Vestibulum elementum tempus Cras vitae elementum leo quis Donec Proin quis Pellentesque non nascetur Mauris molestie a purus elementum nisi et faucibus nisi non quis quis laoreet Nullam viverra laoreet sapien nec odio Donec tortor maximus lorem elit parturient fermentum at quis arcu varius natoque Suspendisse Vivamus rhoncus Nam natoque luctus volutpat in gravida a ornare montes vehicula iaculis non varius facilisis maximus vel facilisis sit volutpat laoreet justo arcu eleifend ornare sapien mi dis Aenean ac egestas amet eu vel mauris Proin eget pellentesque Morbi congue dui nunc amet vel Cras maximus suscipit enim dolor neque odio libero consectetur odio laoreet ipsum justo penatibus odio nibh dui vestibulum maximus interdum tempus feugiat Donec magna Orci amet pellentesque ornare fermentum dignissim leo Orci rutrum in vehicula a Mauris Cras rhoncus sem laoreet cursus Nullam quis molestie dolor mi faucibus odio pellentesque vitae quam congue malesuada mattis volutpat tellus a nec et cursus pulvinar at ridiculus Nam Proin justo augue vel in erat Suspendisse et risus quis sit sit quis Mauris risus vel vestibulum velit nec diam mauris pellentesque Lorem accumsan est pellentesque blandit vel erat Mauris sit Nullam libero justo Cras semper ultrices nibh Etiam laoreet vehicula odio ultricies maximus quis odio diam venenatis magna congue quis commodo sapien Nunc suscipit Mauris vestibulum vulputate nisi sapien fringilla vitae sem vehicula Quisque Pellentesque lorem varius luctus est lectus quis Proin nisl eu convallis est nisi eu bibendum Cras dolor maximus Mauris sem dis augue tincidunt neque vel congue et at facilisis vel vel condimentum gravida eleifend elementum commodo nisi aliquam Mauris maximus quis tempus Ut Nullam natoque nunc pellentesque auctor maximus mattis vel laoreet vestibulum Nullam eget amet amet gravida nulla volutpat Pellentesque a pretium congue interdum lacus odio nunc suscipit vel vel varius mi malesuada efficitur Nam faucibus accumsan faucibus vel enim non commodo dolor varius risus consequat iaculis molestie accumsan malesuada Nullam odio quis Etiam at ac ultrices consectetur nec ut dolor et non scelerisque Vivamus Fusce sit in mi faucibus nascetur non amet convallis eget nec Donec ac mi erat Donec viverra sit sit nec sem maximus a augue Etiam nec Nullam lorem parturient faucibus tempus magna pulvinar nec gravida Etiam maximus at Mauris lorem ac ipsum non pharetra magna eu suscipit in in varius dolor sem gravida posuere erat Donec velit mi suscipit id efficitur Vivamus erat eget neque a suscipit diam ipsum volutpat est euismod ultricies vel quis vel felis nisi luctus vestibulum ultrices Ut fringilla Donec quam et dis sed quis laoreet Quisque lacus leo volutpat at ultricies ut fames sodales ex Donec Donec luctus vehicula mauris condimentum condimentum elementum leo magnis in justo fermentum faucibus eget iaculis scelerisque tempor dapibus bibendum neque tempus ullamcorper Morbi eros Mauris feugiat '),
(320, 822, '2020-01-17 15:57:42', 'ac mi diam feugiat eu sit blandit justo augue odio nascetur odio mauris lobortis nascetur vel sem dui vel Cras nunc vehicula gravida vehicula Cras pulvinar Donec fringilla pulvinar mauris Mauris Donec consequat laoreet orci diam scelerisque diam nunc fermentum consectetur urna diam vehicula at nisl non maximus fringilla commodo neque Nullam tempor accumsan Donec pellentesque velit sapien sit sem justo vel erat auctor vitae Suspendisse quis arcu erat scelerisque mattis maximus vestibulum Etiam accumsan ut Cras egestas mi interdum erat iaculis pulvinar at et facilisis porttitor rhoncus mi gravida quis felis molestie ac tortor odio ultricies id Donec facilisis congue Ut odio lorem risus suscipit commodo posuere ut et id tellus Donec leo Donec et vehicula vel a elit Mauris augue tempus neque augue lobortis sit sapien accumsan non facilisis faucibus vehicula sem sit ipsum vestibulum est lectus congue arcu nulla tellus Etiam nisi tincidunt Mauris non nec lorem facilisis ipsum a justo faucibus non vitae enim penatibus lobortis pulvinar lorem Donec pellentesque Vivamus ultricies magna iaculis sapien interdum quam Orci suscipit Mauris non turpis tempor posuere efficitur et et montes nascetur tempor in primis Donec Cras luctus vel in est primis et vel sit eu id Mauris libero nulla laoreet Orci a a gravida et sit orci risus erat eget auctor eget est tellus dui ante Mauris molestie mi suscipit ante vel Orci a pulvinar dolor Lorem Integer est montes suscipit risus velit luctus amet blandit massa tempor orci vel vitae quis sed sed felis a velit odio ex primis diam Mauris amet vestibulum urna id amet interdum Pellentesque pulvinar Ut egestas vitae porttitor accumsan parturient nisi eu Mauris Cras molestie lacus in vestibulum commodo mattis erat odio eget neque sed dui fermentum neque vitae bibendum Proin pulvinar mi elit Cras interdum vehicula rutrum sem pharetra fringilla lectus ipsum pellentesque erat egestas eu eget quis Nunc molestie ac tortor quis luctus eleifend odio nec malesuada interdum bibendum nunc auctor dui metus elit accumsan risus libero neque laoreet elit eleifend neque diam Morbi augue rhoncus Pellentesque lacus orci Etiam primis tincidunt lorem ultrices est et Donec eget vel condimentum dui Nunc justo amet enim Donec erat amet interdum Donec at odio eu euismod Donec nisi Morbi ut tincidunt malesuada odio Nunc vitae nisi quis dolor tortor Mauris amet urna mi pellentesque Donec sagittis amet fermentum molestie eget tincidunt tellus finibus maximus arcu et at diam Nullam volutpat eu parturient in mus dis placerat vehicula quam at eu et scelerisque eget tristique id mauris eros vitae non vestibulum laoreet elementum Nam interdum faucibus nisi sem finibus mi neque quam felis feugiat Vestibulum ipsum '),
(321, 823, '2019-09-11 10:07:32', 'mus amet efficitur ullamcorper Nunc sem ante laoreet elit Fusce vitae tincidunt sit nec Donec sed dui bibendum sit mus ornare Cras mattis risus amet erat luctus mattis dolor justo elementum laoreet mattis Fusce id Quisque odio malesuada neque gravida sed velit nascetur sapien consequat congue augue Ut dolor quis orci natoque maximus condimentum non maximus dui lobortis maximus purus at Donec erat consequat interdum quis molestie Fusce Pellentesque ante pulvinar Pellentesque in orci fringilla at pharetra elit ex mattis vitae erat Pellentesque in erat erat sem tempor mi nec faucibus mi ac mus Vivamus laoreet luctus dolor volutpat laoreet lacus nisi nec luctus quam non vehicula erat cursus erat laoreet orci sit a vitae nec condimentum Vivamus porttitor eget vestibulum at accumsan egestas Mauris mauris Fusce velit Nullam lacus laoreet venenatis nec adipiscing porttitor nunc erat neque nulla euismod Integer sed euismod condimentum Ut egestas semper Donec quis eros quis sagittis amet quis Vivamus Etiam purus ex dignissim enim Interdum nascetur non eleifend Fusce volutpat fermentum auctor at Nunc risus a nulla Cras auctor condimentum consectetur quis pretium pellentesque imperdiet vitae ridiculus Pellentesque iaculis vestibulum tristique auctor pellentesque neque laoreet massa nisi pulvinar pharetra purus non pulvinar sagittis Donec interdum diam fermentum accumsan nibh pulvinar eu congue Fusce quam at nisi pretium erat Quisque facilisis eget elit mi in elit at justo accumsan commodo vel et diam suscipit non gravida luctus enim quam nec eget fermentum elit risus vitae maximus eget feugiat suscipit consequat Suspendisse in ultricies Donec facilisis tempor vel penatibus Nunc maximus libero feugiat sem molestie pulvinar faucibus vel nascetur Lorem vestibulum neque condimentum at neque risus Vivamus lorem nec nisl est Quisque fermentum sagittis mi at finibus eu sapien natoque sapien ipsum purus id amet justo blandit feugiat ipsum et pulvinar vitae faucibus nascetur vel Vestibulum Integer luctus elementum in erat nulla ut Mauris Fusce penatibus nec tellus quis elit at pulvinar nec maximus lacus quis consectetur fringilla Ut nulla Ut penatibus Fusce suscipit Donec mi ipsum justo interdum Morbi orci accumsan ac scelerisque diam eget purus lorem neque Donec lorem ipsum congue nisi in aliquam vel eu congue vitae turpis nisi eu eu fermentum accumsan sem mus nunc dolor sapien Integer aliquam turpis est nisi mi semper et in nibh molestie purus justo neque magna ipsum Integer volutpat varius id luctus nec fringilla nunc euismod ipsum consectetur pretium Proin in malesuada eget dolor felis Donec mi porttitor consectetur odio porttitor tortor Lorem amet Nullam at tortor eros sapien finibus In vel mattis '),
(322, 824, '2019-07-31 10:48:15', 'sem sagittis a vel nulla sed augue at condimentum nibh enim Ut magnis Nullam Ut dui posuere justo cursus nec dolor mus rhoncus condimentum risus tempus vel Interdum egestas fermentum arcu non nisi Nullam et a dolor nec ut accumsan risus ridiculus Mauris Morbi faucibus ac est varius sapien felis finibus eget Nullam Cras id eget tincidunt semper sed mi interdum Mauris feugiat a erat natoque Sed nunc Lorem Orci Aenean eget nisi vitae augue dis nunc nec Lorem vestibulum Etiam et pharetra aliquam sit Aenean tortor in egestas justo quam laoreet Ut odio mus at nisi orci eget nunc in tristique ac vel augue accumsan a quam Donec eget id nisi varius mi Fusce purus risus neque libero suscipit volutpat commodo scelerisque in vehicula dapibus erat in in pulvinar lectus amet pulvinar Donec aliquam elit consectetur feugiat aliquam montes risus et mi Donec Cras eros Sed tempor libero tortor Ut mattis feugiat Phasellus nec malesuada varius interdum Suspendisse gravida in erat vehicula Integer vulputate quis Suspendisse adipiscing eget dolor est Suspendisse laoreet nisi placerat non eu Pellentesque augue erat gravida nisi mi viverra eget tristique nascetur nisi pulvinar auctor ac egestas justo aliquam feugiat Proin magnis tempor fringilla ac accumsan consequat lobortis congue risus ipsum Aenean et nulla fermentum at eget pulvinar non a in Quisque ultrices quis felis eget neque quis cursus libero elit purus orci Proin accumsan Nunc ipsum sodales pulvinar sit Proin adipiscing vestibulum nascetur Vivamus nec Vivamus porttitor Cras Cras Donec vitae neque Nunc quis purus Donec diam eu primis ac odio quis at Nullam molestie Phasellus in elit accumsan ut Pellentesque malesuada blandit purus eu amet sapien ante tempus et Fusce ex erat placerat fames Pellentesque mi laoreet Nullam Donec pellentesque consectetur eu congue ante vestibulum sed ultricies nisi mi Morbi Nullam nisi Ut erat penatibus magna at vitae at vestibulum maximus luctus Morbi eu sem montes justo eros nec molestie dapibus in Cras lorem posuere ornare ipsum congue et molestie ac orci Mauris eu est neque a enim pellentesque consequat tristique Nunc suscipit egestas non nec commodo maximus ante pulvinar elementum magna scelerisque feugiat neque a facilisis Integer mattis est luctus molestie Donec aliquam vel arcu tortor arcu ornare a consequat ac vulputate convallis justo laoreet amet maximus malesuada Mauris odio in quis montes Donec eu massa lorem consequat Donec posuere est in volutpat varius id eros pulvinar sed et in neque velit vehicula lobortis In laoreet ridiculus sit vel vulputate erat '),
(323, 825, '2019-06-30 19:46:59', 'fringilla dapibus Morbi id ornare fringilla dis risus lacus faucibus amet massa Nullam vitae elit ridiculus vel consectetur Morbi Quisque dolor vehicula elementum et erat parturient mi egestas posuere risus egestas ex lacinia lorem velit varius magnis accumsan Nullam volutpat ut iaculis vehicula iaculis augue Nunc viverra consequat feugiat varius amet consequat Nullam vestibulum at egestas blandit natoque luctus nisi vel Donec elit sem laoreet posuere pellentesque ut laoreet malesuada nascetur tristique malesuada dis mi lobortis ipsum vel Fusce amet ipsum lacus eu quis amet accumsan quis Nunc eros nisi odio ipsum fringilla mi lectus sed Mauris in parturient vulputate Quisque congue erat tellus congue odio accumsan elementum ex In felis quis a odio pellentesque dui pellentesque molestie pretium in eu efficitur laoreet interdum natoque Mauris arcu cursus semper natoque in ultricies aliquam montes gravida id arcu sem ornare elit bibendum maximus scelerisque mattis eu nascetur semper lacus risus Cras Donec nec diam quis risus Ut id ridiculus ac tincidunt quis Orci nec molestie dui in faucibus ipsum a magna vel eu ultrices elit a facilisis Donec ipsum convallis condimentum quis ornare vitae a vestibulum blandit volutpat Nullam parturient Nullam luctus faucibus quis lobortis Quisque eu urna egestas elementum sit pulvinar parturient sem eget ac dolor felis Ut Fusce Morbi Mauris sit bibendum magnis at Proin Donec id molestie pulvinar ipsum vestibulum aliquam Donec vel velit mattis augue eros orci Donec at egestas sit nascetur dolor Phasellus vel faucibus '),
(324, 826, '2019-12-24 00:04:38', 'libero Integer Suspendisse aliquam nec at neque tortor urna at Lorem augue Aenean fringilla ultricies elit nunc euismod quis parturient malesuada quis Donec lacinia varius tempus metus mi vehicula Donec purus quis neque consequat commodo aliquam metus sagittis non tincidunt et laoreet blandit aliquam vitae lectus pulvinar sem lacinia interdum erat Donec dolor quis at dapibus Nullam maximus vitae congue dis blandit eleifend diam laoreet euismod at neque mi Donec a tincidunt accumsan tellus montes ipsum nec diam nec lorem neque quis odio dis quis porttitor ipsum purus Nullam vehicula vitae ac sapien quis odio faucibus elementum magna justo nunc Nullam dis facilisis orci lorem lacinia imperdiet varius et elementum nascetur commodo vel fames ante Donec laoreet bibendum Fusce fermentum at quis vel dui cursus est quis ipsum magnis erat ipsum lectus justo Donec Fusce at feugiat ex mauris maximus in molestie est Fusce congue porttitor blandit neque auctor Proin diam nunc eu dolor ipsum vehicula nec Nunc molestie imperdiet vel mus malesuada mi erat dapibus eu Interdum congue fringilla felis in varius ultrices ultrices Phasellus justo dolor vel eu molestie quis condimentum fringilla Donec rutrum Cras lobortis non id '),
(325, 827, '2019-10-17 18:25:28', 'condimentum Donec a ornare ligula fermentum blandit imperdiet nunc malesuada sem tempus aliquam pulvinar diam est luctus scelerisque pretium molestie congue facilisis ex nunc convallis augue augue Donec Orci in neque fermentum consequat elit erat tincidunt cursus interdum diam orci Phasellus sem laoreet nunc erat augue dolor tortor sit interdum dolor dignissim Phasellus commodo magna ipsum dignissim nunc erat elit et vehicula fermentum quis pulvinar ipsum amet vel sapien neque id nec varius sagittis interdum mi vulputate eros at risus vehicula risus ornare auctor sem Vestibulum vehicula finibus quam dolor quam pulvinar interdum vel augue arcu sodales dolor diam magnis nulla vel et quis Morbi ultrices amet ex faucibus risus augue erat facilisis sit magnis consectetur libero quis accumsan vestibulum maximus eget accumsan sit purus justo erat Fusce vitae turpis fermentum consequat Donec Nunc eu vel vestibulum maximus Cras nisi luctus condimentum nec nisi imperdiet blandit dui elementum ac ipsum ornare molestie Fusce posuere eu maximus In Etiam pellentesque auctor lacus viverra dui urna est et mi ante Interdum feugiat et ligula et faucibus dapibus eget eros quis lobortis vel feugiat odio erat Phasellus a viverra Vestibulum Donec mattis feugiat et non in mattis suscipit dolor at gravida quis risus magna ultrices nascetur Proin risus neque porttitor commodo ante eget montes tellus neque felis Proin mus congue semper et dui elit est consectetur dolor nunc vel odio erat mattis mattis aliquam risus turpis vel Nullam ornare leo Mauris dui dui at congue Donec maximus lobortis risus non pellentesque eget Donec gravida nisi gravida suscipit a ornare mus Quisque nisi Donec fermentum vel vehicula sem sed tempor a sit vel primis ultrices elit gravida fames lectus Ut Proin ex Quisque mattis nunc est in Mauris accumsan Suspendisse mus commodo amet urna diam tellus dolor ullamcorper dapibus a feugiat sapien accumsan Phasellus Phasellus dui natoque congue quis quis Orci nec erat leo et felis erat ornare et odio quis placerat pulvinar congue amet tempor erat ante pretium Aenean iaculis laoreet arcu erat interdum Fusce varius '),
(326, 828, '2020-02-20 08:31:33', 'eget gravida ipsum neque eget fames commodo elementum ultrices at libero in in ex arcu a a commodo penatibus elit id pellentesque neque ultrices arcu fringilla volutpat faucibus urna pharetra interdum nulla nisi accumsan aliquam sed varius justo aliquam eget neque eu a arcu quis Vivamus dolor sem amet penatibus ex rutrum massa mattis ex nulla aliquam at nec sit Quisque euismod pulvinar justo scelerisque tempus Nullam neque iaculis in risus vel sem erat justo Donec enim Integer ex erat blandit Vivamus et risus primis gravida laoreet ridiculus urna sit posuere Pellentesque quis id maximus vehicula vitae in erat non bibendum pulvinar velit eu odio mattis sapien '),
(327, 829, '2019-06-29 22:21:48', 'dui Proin magna risus nec mus nascetur mi et condimentum at mus interdum Vivamus id vulputate eget id consequat Nullam vehicula gravida vel sem blandit at Mauris rhoncus elit vitae condimentum dui ac nec maximus Proin et accumsan eu pulvinar faucibus Pellentesque nascetur Donec ridiculus lorem pellentesque vitae ullamcorper feugiat odio nunc nec quam aliquam mattis tincidunt suscipit Sed varius erat varius nec fringilla et vehicula pretium augue amet fermentum luctus suscipit Donec mi quis facilisis ridiculus a Donec fermentum purus aliquam vitae varius Etiam elementum tincidunt vestibulum eget scelerisque neque sem et pellentesque lorem sem pulvinar ac placerat ante euismod in nunc vehicula a varius interdum eget non sit diam maximus fringilla in risus est at facilisis diam ridiculus malesuada mus parturient maximus lorem enim augue nec laoreet feugiat quis fringilla commodo orci semper amet Proin est tincidunt urna ipsum ultricies vestibulum neque lorem sem lacus non sit non est sapien luctus scelerisque erat a consectetur mattis egestas Nunc Integer ex euismod molestie justo orci orci neque vestibulum vehicula consequat neque sit luctus massa in at turpis purus Mauris egestas Morbi odio pulvinar Donec velit amet sapien accumsan purus libero amet congue Quisque ultricies interdum tristique at Vivamus molestie gravida lectus Orci vehicula efficitur non in at Cras a elementum eget consectetur condimentum diam est felis auctor mi facilisis Proin velit nunc commodo scelerisque elementum Phasellus sapien nec eget tincidunt neque elit ridiculus dui Donec quam ultricies quis facilisis pellentesque lacinia risus Integer convallis mi volutpat ex vehicula et mattis nec consectetur odio molestie molestie nunc urna id posuere Interdum sed turpis quis lorem purus commodo nisl malesuada primis ');
INSERT INTO `proposal_content_history` (`id`, `proposal_id`, `date`, `content`) VALUES
(328, 830, '2019-06-30 21:18:36', 'quam nibh non Nullam ipsum varius at maximus in tempor adipiscing fermentum posuere rhoncus feugiat nec justo Fusce volutpat Etiam felis penatibus Vestibulum non Nullam a luctus Phasellus tempus quis pulvinar a congue orci feugiat pulvinar adipiscing nisi posuere risus erat purus nisi maximus arcu dapibus nisi euismod dolor nisi ligula convallis sem arcu nunc magna a volutpat quam dapibus varius commodo nec condimentum eu auctor tellus montes erat mi Fusce risus mus egestas imperdiet vitae mi ac amet ornare Phasellus bibendum tempor magnis id maximus pulvinar scelerisque fringilla congue dolor tempor Fusce in condimentum Integer vehicula parturient adipiscing vehicula magnis at sem lacus sed interdum suscipit lorem tellus mattis nunc In Donec varius auctor amet adipiscing justo sit Mauris amet eget a sapien sit sed vulputate lorem rhoncus a Nunc purus elit Pellentesque Mauris blandit amet nec dolor Ut non tempus non sed nec Donec ipsum elit et vehicula Quisque et neque odio iaculis sit elit at dis consequat euismod nulla ultrices blandit metus a malesuada facilisis at eget in justo nunc montes placerat luctus congue vehicula elementum sem quam magnis pellentesque Sed diam varius tincidunt vitae tincidunt eros maximus magna ut feugiat ultricies fringilla Nullam est velit tellus sem cursus et blandit diam nec eget eget dolor fames id ligula orci ac massa nisi ipsum pretium venenatis sem elit tempus nec magna fames dapibus est odio eget ipsum neque ante tellus ridiculus volutpat orci quis nisi turpis amet elit Donec sagittis sit a lectus Aenean Fusce porttitor Donec amet auctor vitae at justo vehicula ipsum Donec aliquam ac risus purus vehicula erat enim mi eleifend neque risus natoque sapien at nunc erat facilisis feugiat neque odio laoreet massa tristique laoreet lacus vitae et a nec pretium ac nec id quis neque dui maximus pellentesque montes ullamcorper a nec dui molestie Mauris vestibulum odio augue tellus dolor fringilla mi nec primis volutpat natoque vestibulum vel diam aliquam nec dolor molestie molestie iaculis diam est facilisis fringilla ante id vel ut maximus vel dui facilisis eu augue feugiat vestibulum Orci vel sapien nisi arcu Interdum purus Fusce magnis vestibulum dolor in Donec maximus vestibulum a gravida sed ullamcorper '),
(329, 831, '2020-02-03 00:16:47', 'amet nisi felis vel at ornare Donec eget fermentum felis molestie venenatis vitae et velit fermentum vulputate a primis dis laoreet vel risus Mauris lorem accumsan Donec pretium congue in at tellus a magna ac sit at est ultrices sit varius quis justo luctus eget nec amet mi porttitor non suscipit Nam finibus eu auctor fringilla eleifend mi luctus id quis aliquam maximus dolor non odio feugiat pulvinar Nullam sit metus erat sem mi odio odio pellentesque orci iaculis quis quis eros auctor penatibus Ut interdum tortor natoque magnis Sed mus montes montes ipsum Nam tempus suscipit urna a nec fermentum commodo malesuada sed odio Proin nec elementum molestie gravida a elit eget eu vitae lectus a Suspendisse mi felis facilisis penatibus Mauris sagittis pulvinar pulvinar eget bibendum interdum vehicula ut vel tellus dui Morbi ultricies in blandit nunc blandit egestas at id nunc ut penatibus quis nec vel interdum posuere gravida Integer lorem felis nec fames Vestibulum vehicula Fusce odio odio risus ornare nisi eu dolor viverra quis in lacinia malesuada eleifend ullamcorper nascetur ultrices pulvinar iaculis varius non Proin Phasellus finibus fringilla Vestibulum vel rutrum risus felis parturient maximus varius arcu commodo blandit risus vehicula tincidunt ante nulla fringilla eget mattis Sed fringilla vitae ex nascetur sapien at iaculis ac Etiam '),
(330, 832, '2020-02-02 10:21:05', 'mattis Fusce sapien augue in vehicula sed Pellentesque a sit nulla eget ligula posuere ornare pulvinar odio scelerisque vulputate Donec facilisis auctor congue laoreet Phasellus eros Lorem justo neque velit in ac lectus condimentum feugiat dignissim penatibus id fermentum risus sit consequat commodo ex arcu Quisque Mauris ridiculus accumsan vel mus purus Donec parturient justo laoreet adipiscing lectus a lorem justo mattis Nullam et ipsum egestas ante congue elit quis Nunc leo congue pulvinar dui suscipit commodo gravida at Donec lacus id pulvinar odio arcu blandit tellus nec purus Proin vel neque nec Fusce ornare ante quis a purus aliquam feugiat sapien mus dolor sapien commodo laoreet ipsum diam felis turpis dapibus pulvinar justo Fusce quis consectetur eget odio sed dolor dapibus malesuada venenatis nec vel a ac sem orci accumsan felis eget nascetur Donec risus fringilla mi a diam penatibus nec leo tincidunt montes mattis dui diam at tempus vitae est vitae ipsum nulla id sodales lobortis erat faucibus ultrices et Pellentesque mattis ridiculus magna pulvinar quis sed suscipit Integer maximus vitae molestie mattis tortor in egestas vestibulum maximus auctor parturient eros Fusce tempor imperdiet et nulla vestibulum lacinia felis scelerisque luctus pulvinar tellus tristique eu parturient quis Mauris faucibus vel blandit auctor neque blandit eget a maximus dis Fusce mi erat tellus parturient eu Integer orci vitae dolor nec nec consequat gravida elit mi nascetur sem penatibus erat vitae enim vestibulum viverra Proin gravida elit a nisi sem nunc erat tellus a lacinia luctus nisi Morbi odio erat non fermentum penatibus pulvinar tempus vehicula malesuada eu erat nec quis eu Donec ullamcorper tellus velit Nullam diam mi maximus ex luctus nascetur magna Fusce adipiscing risus est enim magna bibendum vel ex ac Etiam velit laoreet lacus accumsan malesuada nunc eget quam erat tempor Pellentesque egestas quis viverra in Orci scelerisque elit est vel nec at facilisis consequat vestibulum Orci nunc vel Etiam quis auctor euismod quis id neque porttitor dui malesuada consectetur molestie semper malesuada Cras vestibulum ullamcorper Integer libero magnis at sit mi molestie erat laoreet molestie Donec commodo diam et et odio nulla porttitor suscipit natoque neque Mauris diam tempus nunc ipsum ipsum et quis commodo nascetur erat Aenean varius posuere Integer ipsum malesuada egestas Morbi porttitor sapien eget at malesuada sed id tempor nec vel Aenean interdum mauris volutpat dui felis suscipit erat amet Quisque in varius nulla commodo quam ac finibus nulla fermentum ipsum blandit mi sit neque odio egestas venenatis molestie et fermentum mi tempor bibendum pellentesque odio non nisi feugiat in risus ornare nec turpis eget sem Sed nisi commodo tempus quis risus ac tempor mattis tristique Cras aliquam libero pulvinar odio ipsum pharetra parturient a lorem in ultricies mi justo nascetur interdum ornare vitae accumsan urna nisi risus justo molestie fames Donec fringilla egestas gravida interdum vel bibendum lacus Interdum Orci in fames id quam et malesuada elit '),
(331, 833, '2019-06-06 23:54:04', 'Vivamus cursus sem eros tincidunt sit vestibulum In quis primis in at Vivamus mi justo pretium finibus ac sem vehicula nec eu lacus magna facilisis Fusce eu dolor et fringilla faucibus elit consectetur convallis mattis nec sem quis laoreet non gravida consequat ac nunc tortor tellus nisi a nunc lorem at posuere nisi tortor diam tempus porttitor sodales felis sed vel enim elementum penatibus nec Morbi risus sit vestibulum vel tincidunt quis Suspendisse vitae nunc et accumsan Nam Lorem scelerisque magnis consectetur nisi pulvinar Nunc erat molestie justo vel porttitor est maximus vehicula pellentesque viverra a fringilla pellentesque facilisis Mauris nunc adipiscing natoque Phasellus nascetur suscipit sit volutpat quis quis massa odio In Morbi ipsum Donec lorem augue sit vestibulum molestie Nullam consequat Vivamus Cras nec at in condimentum eu sapien Lorem odio at Nam id nisi lorem suscipit bibendum lacinia est eu lorem luctus id finibus natoque Nullam neque maximus Nullam consectetur purus Mauris id non consectetur auctor vitae justo vitae in mi egestas neque id fames posuere eget arcu vel quam sapien Donec tempus interdum mi porttitor tortor tellus condimentum quis accumsan Fusce et orci in ultricies varius Nunc nec tortor eu sit libero placerat Suspendisse justo eu Morbi ac accumsan Donec ante consequat porttitor aliquam ac Integer vitae est Proin interdum consectetur sem eu malesuada erat tellus non turpis quis quis et posuere rutrum tortor fermentum in penatibus porttitor ex et vel odio penatibus congue risus et Mauris vitae Sed gravida odio amet tempor tellus vestibulum ipsum viverra nisi tincidunt nunc Pellentesque ut parturient Nunc Fusce Donec nulla natoque amet justo Aenean '),
(332, 834, '2019-10-13 00:45:33', 'fringilla odio vestibulum imperdiet congue augue nibh dolor nec feugiat Phasellus amet Donec in neque Integer pulvinar libero luctus in Morbi risus dapibus natoque magna vel condimentum ante Nunc laoreet iaculis eu sapien elit odio Donec in eu sit vehicula elementum odio iaculis ac et libero Quisque et justo posuere a quis Ut montes neque vel et nec varius vel sit dolor fermentum ullamcorper scelerisque facilisis nisi sed vel commodo Nullam parturient et arcu tellus ut Donec Integer lacinia iaculis at ornare in id justo risus cursus Donec Cras nisi ipsum a ridiculus quis cursus nec vel massa amet non fames arcu vestibulum Donec odio sit nibh lobortis montes risus magnis vel eleifend gravida finibus iaculis quis erat pulvinar feugiat dui at Donec interdum consequat et gravida pulvinar dolor a lacus pellentesque lectus tellus Pellentesque amet euismod maximus venenatis nascetur tortor in est tincidunt vel Nullam ut magnis erat orci maximus sagittis Quisque neque Morbi posuere eleifend nisi ipsum bibendum et nec Vivamus lorem Phasellus eget erat Donec Donec mi scelerisque lobortis risus arcu consectetur pellentesque id velit lacus tempor vestibulum tortor elementum penatibus Donec commodo dolor varius odio Orci non auctor tempus posuere maximus id arcu tellus ante non quis amet neque rhoncus accumsan elit nec mattis eros massa nunc bibendum nec natoque ipsum tincidunt parturient montes convallis Donec augue viverra tellus orci augue risus risus faucibus sit consequat at consectetur Cras ornare varius vitae luctus consequat at congue et Vestibulum consequat consectetur varius nec eget Cras Nullam dis non eros montes amet gravida molestie justo Ut in consectetur fames feugiat quis congue vehicula quis eros ornare est nisi sapien blandit malesuada magna molestie odio natoque efficitur in in nisi semper diam feugiat Fusce in mus natoque magna mattis justo arcu cursus suscipit tempus nisl erat primis luctus sapien blandit egestas pulvinar nunc laoreet vehicula maximus at blandit tempor Nunc vel ex congue volutpat Donec lectus maximus condimentum viverra interdum laoreet lacus pulvinar eleifend elit laoreet sapien vehicula Pellentesque gravida egestas velit Nullam commodo varius interdum at condimentum ut elit mi vel libero a eu tortor malesuada sed leo purus lorem Donec erat nunc auctor nunc pellentesque congue vitae sapien vehicula diam quis nisi mi vel tempor imperdiet fringilla vestibulum faucibus eu erat congue Pellentesque Integer augue pulvinar orci Nullam finibus elit eros a eget sapien ipsum ante est a eget diam commodo nec tempor ridiculus dui ante odio mi quam mattis congue consequat consequat arcu vehicula ipsum purus aliquam velit tempor et elit neque Ut egestas tempor rhoncus condimentum neque purus dis et id gravida suscipit Fusce '),
(333, 835, '2020-02-28 03:17:23', 'dui Interdum pulvinar nunc Mauris Cras neque tempor amet fames Morbi Fusce montes consequat pharetra ipsum fames Pellentesque consectetur ornare dolor iaculis montes consectetur in ornare natoque dolor euismod orci at tempor in felis sit non molestie sapien egestas pretium ornare pulvinar massa volutpat risus a odio Lorem laoreet parturient tincidunt accumsan vel sagittis Integer nisi lectus vel fringilla vel et Orci blandit tortor gravida Mauris laoreet quam fringilla dolor auctor augue id sem ultricies elit nec id Vivamus eget turpis maximus ac ligula Morbi risus fermentum maximus semper nisi neque in non in vehicula tincidunt dapibus auctor varius diam molestie mauris eu sagittis neque odio eget bibendum Ut quis Orci luctus Pellentesque massa dolor lorem consequat imperdiet varius euismod placerat et convallis congue odio rhoncus diam in nec congue nec nec nisi congue ut cursus odio magnis luctus ex eu laoreet quis magna ante consequat vestibulum tempor consequat magnis Pellentesque nunc risus Ut Nullam augue porttitor maximus rhoncus dapibus tellus in dui Vivamus accumsan erat in Fusce at Donec elit lacus neque natoque odio scelerisque amet pretium tempor Aenean in mattis tellus et quis convallis dui non malesuada Morbi tincidunt fringilla est eget nunc ipsum Cras fringilla massa erat mattis iaculis diam consequat elit Fusce magna neque nisi at vitae suscipit tempor nec est Fusce mi diam posuere lacinia maximus velit ut natoque ac arcu gravida odio dolor pulvinar luctus libero at vel varius Ut ridiculus at molestie accumsan Nunc a laoreet pellentesque neque mi mus amet montes rhoncus eros at at nunc Phasellus pulvinar congue Interdum arcu dapibus interdum in elit eget tellus ultricies magna varius vestibulum vel tempus augue et vitae eu turpis rutrum scelerisque maximus vitae quis feugiat et tempor justo Ut dui eu magna pulvinar mi tincidunt urna fringilla convallis Donec venenatis sit fermentum eget maximus erat Morbi urna quis elit id eleifend amet varius nisi nisi Cras mi semper Nullam est Cras amet a Fusce ligula velit eros accumsan ornare blandit ultrices commodo mi erat Ut vel Donec condimentum quis finibus ex tincidunt Orci nisi accumsan scelerisque mattis penatibus montes Donec finibus ornare viverra in mus quis nisi interdum amet euismod varius nascetur ac aliquam eros Nullam est felis vitae Etiam eget '),
(334, 836, '2019-11-22 04:27:37', 'aliquam Integer tempor interdum sit magnis eu aliquam sapien eu accumsan nascetur quis magna malesuada eget neque magna a fermentum ornare Aenean Fusce fames quis ac et euismod erat condimentum Aenean maximus Mauris dis eu nunc venenatis a in interdum Nullam elit facilisis elit nisi neque neque felis Donec vel amet sem augue odio Proin luctus dui Donec Aenean placerat tortor accumsan sagittis eu ut a ornare dis Proin tempor Donec accumsan Orci vehicula sed Fusce ridiculus tempor ante nascetur Proin amet Quisque quis neque sapien tempor erat Nam diam nec urna odio erat vitae mi dui mus vehicula id mi est neque Donec Nunc nec maximus orci Donec Nullam Nunc tortor accumsan erat vulputate orci montes quis condimentum tincidunt Donec libero ridiculus scelerisque sit risus Phasellus dui Fusce tellus laoreet sit dolor nisi ipsum tincidunt gravida amet orci felis lobortis ridiculus ex nec quis viverra ut fames laoreet sagittis eros Donec vel condimentum maximus maximus quis tincidunt Fusce tortor eget penatibus interdum magnis dolor rhoncus est auctor vel egestas sapien tempus risus feugiat tempor risus interdum et odio feugiat a est magna maximus at in sem Proin mi vestibulum diam tempor quis vel ultrices nulla nulla orci interdum a faucibus porttitor est maximus Proin tellus quis purus Phasellus tortor Mauris dignissim pharetra Mauris Nunc Fusce Nunc erat vestibulum Nunc mus eget magnis semper odio Ut id nunc at maximus non non neque justo Cras arcu eget Pellentesque diam neque lacus eros purus eu et mattis congue ac erat sit felis a vehicula Cras porttitor vitae eget laoreet fringilla Morbi auctor neque erat in ante enim Donec pulvinar id mi Donec faucibus id fermentum urna dui eu ultrices augue ornare nec commodo sed quis vitae mi vestibulum metus volutpat vitae mus nunc vel Vivamus tellus vel nisi vestibulum nisi dolor Mauris amet Nunc Nullam odio ultrices nec quam sit non dis eleifend risus rutrum massa Cras Sed in dignissim justo velit ac Mauris Orci sem tellus Phasellus in scelerisque quam congue nulla nibh scelerisque sed Quisque ac Donec eleifend scelerisque vitae fermentum eu neque nascetur id vel ornare metus ac diam Mauris auctor neque ultrices parturient erat a Donec erat pulvinar semper faucibus ante commodo quis Donec nisi augue lacus dolor quis a elit est ridiculus Donec tellus ornare quis in volutpat rutrum quis commodo sit vulputate dolor Pellentesque Pellentesque at ante aliquam sapien dolor Nam erat ornare dolor sapien erat pulvinar gravida a Sed in vitae Fusce eget tincidunt justo justo Fusce vestibulum Cras ultricies varius dis Integer id quis at in risus nisi condimentum ac Morbi arcu Quisque Orci a Nullam Pellentesque nisi et interdum malesuada Cras non enim ultricies nec arcu dapibus id mi adipiscing tincidunt eu quis nunc Donec '),
(335, 837, '2019-12-19 20:20:20', 'Pellentesque commodo ut elit pulvinar semper neque varius nisi mi euismod eget ex vestibulum pulvinar maximus faucibus Ut molestie turpis eget velit turpis congue parturient quis parturient maximus iaculis mattis eget congue at penatibus Interdum non dui elementum ante diam Fusce sagittis iaculis lacus Donec mi nec laoreet in sapien neque nec magnis quis eu In varius mi varius eget consequat pulvinar a auctor natoque neque malesuada nec non mi sit Nullam neque urna Donec diam nec luctus gravida facilisis parturient vitae Integer laoreet dui a Donec amet Nam a vitae sodales interdum diam Vestibulum sapien in pulvinar felis Nullam consequat orci et placerat vitae viverra auctor Cras blandit quis mi enim molestie lorem finibus lectus Ut dapibus elementum non at vitae in scelerisque malesuada facilisis nec nisi vestibulum elit ornare felis Aenean suscipit nec Cras Integer varius pretium Ut tempus ipsum erat sapien nec erat mus augue felis vehicula justo neque natoque montes scelerisque mi luctus scelerisque vel lorem interdum vehicula dapibus vestibulum efficitur consequat est ex tincidunt Fusce sit tempor Donec augue auctor consequat urna nulla fames vel erat Nullam bibendum maximus accumsan Morbi lectus arcu sapien a dis arcu in Morbi odio vestibulum at vitae non consectetur massa commodo ante porttitor nulla Fusce elementum vitae libero sit suscipit dolor lectus diam mi felis consectetur scelerisque parturient id laoreet lobortis at mattis non sapien gravida lorem euismod vitae gravida dolor nulla ac blandit odio a dolor nisi lacinia at quis massa a imperdiet eget felis Vivamus Orci elit vestibulum sit nisl ullamcorper a dapibus varius mi Nullam feugiat sem et velit Proin dapibus lacus laoreet at nascetur enim non sapien finibus malesuada sem vitae laoreet mus odio libero nisi Nunc justo odio non In nisi tincidunt egestas commodo cursus nisi eros Nullam vel magnis nec elementum elit sapien parturient erat lacus amet luctus lacus nunc arcu Donec lectus Cras Cras sagittis blandit nisi Nullam at nisi sapien at Nunc ac erat sem montes vulputate congue maximus Vivamus sem scelerisque molestie sit gravida felis dapibus nec lacinia a tortor condimentum Donec dis et '),
(336, 838, '2019-10-05 15:51:23', 'sit feugiat ultrices fermentum est maximus eleifend et maximus non risus primis et accumsan ipsum ante fringilla Fusce mattis condimentum ac nec Donec velit id pulvinar malesuada molestie tellus metus quis ultrices dis purus felis iaculis odio odio tempor Proin maximus varius placerat pellentesque nibh nunc elit et consequat eleifend magna eros scelerisque Vestibulum montes ut laoreet est ipsum malesuada tincidunt vitae vitae Quisque nisl nec in gravida ac nec consectetur natoque vitae consequat gravida nec lacinia nisi eros dolor scelerisque ultricies nec sit augue cursus a posuere tempus consequat tortor mi odio tempor Donec neque justo molestie orci dis condimentum natoque Proin nascetur elit vestibulum adipiscing fringilla dolor ante sit eu varius lectus vel et sem maximus tincidunt tempor laoreet sit lorem feugiat finibus Mauris sodales augue neque interdum lobortis augue facilisis mi a ultrices imperdiet fringilla accumsan justo penatibus sem lacus ultricies mi dolor porttitor congue eget auctor Orci euismod interdum sit vitae neque ligula diam Nunc gravida ante quis feugiat ante et vitae nisi Nullam eget fringilla ac consectetur sit varius montes rutrum in Nam '),
(337, 839, '2019-11-30 03:50:29', 'dolor pulvinar viverra quis luctus dui vitae ipsum Nullam erat in condimentum sodales diam vel pretium Ut luctus pretium mi est fringilla neque tincidunt semper mus sit in libero risus elit nec mattis erat varius elit erat pulvinar porttitor ante Donec fringilla vel id diam pellentesque felis interdum mi tincidunt urna viverra quis sit tristique fringilla congue convallis Quisque et tincidunt ipsum vulputate urna nec dolor urna urna scelerisque Nunc Fusce elementum dolor Donec a penatibus commodo accumsan tincidunt nisi in eget Fusce risus magnis Donec ut elit massa maximus magna Donec malesuada risus interdum suscipit lobortis suscipit consectetur eu et nisl id mattis a ac maximus varius neque elementum vestibulum tincidunt augue nec imperdiet nisi tempus maximus Pellentesque purus nec Donec commodo dui dolor montes Phasellus facilisis scelerisque feugiat sit quis erat condimentum In odio diam feugiat Vestibulum ullamcorper lacinia Pellentesque eros faucibus fermentum a Fusce justo mattis nec vel elit mi fringilla molestie tempor et interdum varius risus vitae eget erat ultrices laoreet risus Suspendisse sodales est bibendum non finibus tincidunt Lorem ornare libero interdum vehicula est eget dapibus felis a laoreet porttitor amet ipsum posuere purus penatibus erat auctor diam vel et ac ante adipiscing tortor urna imperdiet aliquam pellentesque sed malesuada vehicula luctus scelerisque vitae tristique vel Integer Quisque fermentum neque tincidunt Nunc malesuada ornare dis vitae eu fringilla erat Nunc justo pulvinar vestibulum congue dolor congue sit Proin eros quis amet fringilla Nam justo ante vestibulum libero pellentesque accumsan risus nascetur quam tellus laoreet pulvinar nascetur Mauris in ex metus non Proin non maximus eu diam lacinia Mauris odio neque lobortis facilisis Fusce ligula faucibus arcu justo nisl auctor Orci nunc risus quam a suscipit ipsum adipiscing iaculis congue Proin nec congue libero vel odio eget eget risus mi auctor blandit luctus semper vehicula ridiculus tempor Fusce eget non interdum amet risus in quis vehicula justo convallis elit congue '),
(338, 840, '2019-07-19 13:21:56', 'libero sit Nullam pulvinar accumsan amet Mauris parturient mi Fusce feugiat tellus tellus erat vel facilisis laoreet ex augue Nunc tortor quis nunc nisl blandit risus Lorem Donec tellus faucibus odio amet interdum in condimentum vel nulla Donec vehicula erat magnis vitae dolor ligula auctor in urna lectus accumsan ut justo iaculis condimentum molestie ante tempor vestibulum velit ex congue neque sed in Quisque malesuada ac facilisis eget non nisi gravida at faucibus arcu lobortis in arcu maximus ornare mi eu tempor neque ligula porttitor facilisis vel Aenean dis lobortis vestibulum lectus quis sapien primis amet feugiat neque at erat sit Vivamus Nunc felis pharetra placerat suscipit lacinia placerat penatibus at malesuada Cras lobortis odio tempor non consectetur varius rutrum quis laoreet augue ridiculus Donec vitae Donec justo tincidunt vestibulum amet Donec dis varius dis lectus feugiat ipsum sed varius nunc non quis ullamcorper Nam dapibus interdum posuere nisi justo felis risus malesuada quis augue pulvinar lacus vestibulum nec nulla Quisque dolor eu at ridiculus Donec dolor Integer at sapien eros dui odio laoreet ipsum Morbi viverra non pulvinar faucibus faucibus interdum laoreet sem vel et Donec maximus maximus ridiculus vel varius vehicula condimentum sapien Integer scelerisque magna quis laoreet nunc et volutpat maximus a ut id ultrices rutrum viverra ac feugiat eget molestie quis eu gravida eu venenatis suscipit sit sem Sed Phasellus lectus egestas maximus scelerisque Suspendisse et eleifend non Donec diam eget commodo tortor sagittis purus velit eros sit risus tempor at placerat ridiculus purus nunc non at ipsum non amet mi ligula congue est varius eleifend elementum ornare a vel neque tellus nunc faucibus fermentum quis ullamcorper gravida maximus sit sit ante commodo ornare congue Proin Interdum nec mus enim erat amet orci bibendum dui et Donec in vitae nec sit dui Nunc laoreet dolor Donec dolor nec Donec at accumsan tempor Fusce at nunc Sed dis ipsum quis sit blandit magna ridiculus at consectetur convallis nisi vel Cras ex Mauris eu tortor Vestibulum consequat fringilla sem vel orci luctus Donec libero gravida vel augue tincidunt erat primis magna Morbi ac elementum pellentesque vestibulum feugiat vitae orci bibendum In ante non pulvinar facilisis accumsan amet ac faucibus malesuada fermentum sem risus malesuada quis pulvinar Donec massa rutrum vitae Pellentesque eleifend maximus laoreet malesuada quis quis adipiscing rhoncus eros fringilla quam velit Donec Vestibulum luctus eu eget Nullam montes eget Ut varius cursus egestas Donec magna Interdum a sit enim neque at risus dapibus ex molestie maximus justo ut in nec maximus amet mi odio elit in molestie neque tempor Integer Quisque accumsan congue faucibus rutrum fermentum tincidunt feugiat vitae vitae Ut arcu magnis magna lectus varius penatibus ridiculus velit tempus faucibus Pellentesque nunc felis Mauris mi fermentum Etiam neque '),
(339, 841, '2019-06-21 00:30:06', 'ac Donec nisi arcu mattis magna vel metus nulla vitae ornare consequat diam Nullam commodo quam massa Mauris Nunc odio congue tristique enim parturient tortor suscipit vel erat blandit sit Donec elementum tellus vel a eu magnis mi sem ornare libero nunc facilisis diam ornare penatibus erat sodales commodo Phasellus vitae Orci Orci dolor ultrices nec id non nulla Lorem aliquam nascetur nec euismod nascetur ex Fusce mi et quam malesuada ligula condimentum varius lacinia vel nec nascetur euismod eget massa parturient faucibus ipsum Fusce natoque lobortis nec luctus at erat vitae luctus a id ornare varius pulvinar felis tempus vel fringilla tellus ac sit augue mi purus condimentum id eget Nullam interdum facilisis at fermentum gravida sapien ipsum mi Fusce at vel Ut varius diam viverra est nisi nisi quam volutpat ridiculus velit turpis venenatis Orci fringilla felis Vivamus at velit scelerisque dui faucibus Fusce vehicula In Pellentesque vehicula mi in Donec Donec mus quis auctor gravida penatibus ultrices justo gravida ridiculus vitae tempus leo Proin luctus nisi arcu amet ipsum purus mi mattis vestibulum Vivamus velit lobortis vel non auctor odio commodo felis accumsan justo ipsum purus elit vel aliquam fames quis Interdum fermentum et sem gravida lorem laoreet ornare blandit Donec erat mattis a eros blandit laoreet eu Donec Nullam at a Pellentesque aliquam varius tempor parturient sem at accumsan pulvinar ac quis posuere Donec Integer ex Orci eget dolor varius Ut neque at nisi in maximus sit tellus id ipsum a a nec vel finibus Nam aliquam at arcu blandit viverra mauris Nullam condimentum faucibus magnis Fusce fermentum et est congue congue mus eget vehicula sed pellentesque eu Orci purus montes blandit justo placerat iaculis euismod neque ornare quis mus quis Morbi quis commodo Proin porttitor vitae vulputate eget nunc Cras Nullam mauris varius molestie elit dignissim vehicula justo facilisis vel tempor Nullam et vitae sit nec justo orci enim Mauris purus suscipit ac turpis tempor vel eleifend nec dolor magna arcu felis laoreet amet eros aliquam consectetur orci dolor condimentum diam nunc ipsum '),
(340, 842, '2019-07-23 22:48:35', 'nunc risus risus pulvinar nisi Vivamus nec Morbi finibus Proin sem est sit diam nisi vestibulum egestas vel accumsan metus primis in orci laoreet lacinia condimentum fringilla risus gravida Lorem malesuada ipsum dui erat mattis Integer tempus Pellentesque elit a vestibulum scelerisque et augue sapien orci eros eget erat Nullam quis risus sit condimentum nisi Donec velit magna nibh a egestas molestie interdum nec non convallis tempor Nam id velit finibus et dapibus vel tellus et volutpat Suspendisse Integer dui mus Nullam sit Nullam vitae in parturient viverra sit vitae ac nec Morbi maximus Cras odio malesuada mattis nascetur in non pulvinar ante vulputate interdum Mauris dui Phasellus egestas et a ridiculus in a pulvinar ipsum tristique neque ante Fusce lectus congue Pellentesque in nec in mus Quisque elementum lobortis penatibus nulla at eget eget odio varius vel varius nascetur vehicula sapien sit enim pretium elit mus volutpat ipsum vestibulum non Interdum auctor malesuada porttitor mattis magnis tempus sem Orci at amet purus vel sodales mattis accumsan gravida condimentum convallis Nullam ullamcorper Cras lorem at elementum in pellentesque enim amet nec lorem eget erat placerat quis quis ornare velit cursus vitae id justo nisi nisi sit tempus eget est suscipit at primis orci cursus tellus libero orci erat ut dolor interdum eros commodo mattis congue amet nec egestas magna et suscipit Nullam dui tempor '),
(341, 843, '2019-08-13 23:53:08', 'nisi diam vitae erat ligula fermentum porttitor primis vestibulum in consequat molestie vel et volutpat Phasellus varius varius Fusce at at fringilla felis auctor purus ipsum ac purus congue neque quis interdum gravida vehicula lectus Vestibulum risus tempor at interdum quam Nullam varius Mauris neque tincidunt vel scelerisque blandit montes dignissim nisi erat imperdiet nec nec sapien amet Etiam odio massa elit fermentum nec Integer nunc ipsum Donec et euismod lorem ac magna volutpat molestie venenatis lorem elit magna id eget quis Orci Fusce Integer sed vel non amet augue Nullam nec mattis vel dapibus Cras odio ultrices dignissim mi parturient purus Vestibulum erat erat neque nec orci non at ridiculus Etiam Ut maximus mi tempus vitae placerat dui Ut quis vitae convallis Aenean sit cursus mattis diam Phasellus at nisi felis nulla accumsan tellus Quisque gravida congue mi justo varius malesuada varius maximus nunc faucibus aliquam odio Proin sagittis non nisl quis in neque ligula dolor consequat Integer felis nec velit convallis iaculis egestas Ut scelerisque sit vestibulum varius luctus enim accumsan Quisque tincidunt sagittis ante Orci nisi adipiscing justo ultrices arcu felis vel neque metus eget viverra velit Donec semper elementum tellus diam a commodo bibendum a natoque odio neque lectus massa Ut at massa risus pulvinar malesuada tempus tempor at nunc eros vitae justo neque tempus tellus purus tellus justo quis id vel fermentum egestas Etiam a risus eros fermentum blandit Nullam Fusce tortor Vivamus dui nascetur erat quis montes egestas accumsan turpis mi placerat varius tortor diam tempor ullamcorper maximus velit purus faucibus libero eu consectetur magnis ac nec ac Donec magna a quis ipsum tincidunt egestas Vivamus dignissim erat tellus Nullam tincidunt turpis eget Vivamus velit Donec pharetra Etiam diam ex Nullam eu tortor pellentesque scelerisque ac sed mi tempus lacinia vitae penatibus faucibus metus nisi Fusce elit Cras et pellentesque lorem accumsan mattis nec vel ornare malesuada efficitur et sit tempor Proin sit sodales justo auctor vel ornare justo sapien convallis et nisi porttitor sit penatibus varius elit dolor nisi velit Donec diam nibh nunc Fusce Donec tempus vel vehicula massa Integer dapibus malesuada erat Vivamus in eget justo sit quis ipsum sem magna sapien nec nisi Pellentesque ac rutrum Morbi in In molestie a nulla facilisis mauris tempus nec in Donec in nascetur Orci nec mi a Donec imperdiet varius quis Phasellus nisi Morbi feugiat luctus mi vel vel quis ipsum neque neque gravida vitae ac maximus purus molestie magna finibus dolor justo odio ante ex penatibus consectetur vitae pulvinar et molestie tincidunt faucibus accumsan laoreet varius fermentum Ut Nunc blandit mus quis augue nunc Fusce in tincidunt odio massa Ut sit In Donec neque Fusce augue '),
(342, 844, '2019-08-26 03:24:17', 'neque id Ut dui nunc Pellentesque erat laoreet id varius dolor sapien vel at consectetur tortor dui quis Etiam accumsan dolor natoque ac luctus in Fusce commodo tellus quis quam id Donec Proin libero purus luctus sit laoreet arcu Phasellus risus ipsum dolor sapien eget eget faucibus maximus Mauris lacus tincidunt mi dui maximus feugiat Fusce semper ac laoreet gravida sit urna dolor laoreet lobortis neque elit molestie lacinia non odio congue molestie gravida fringilla ipsum Donec neque laoreet malesuada at felis Vestibulum magnis maximus dis et Mauris eget pulvinar consequat et consequat vel varius id ipsum non risus euismod nunc sed nisi ante Vivamus consequat orci pulvinar facilisis eu velit tristique euismod eros Fusce nec mattis risus eu risus ac auctor Nunc felis non Mauris odio '),
(343, 845, '2019-07-03 13:45:07', 'est augue viverra interdum maximus at nibh at felis ac orci nisi a et Pellentesque vitae luctus in fermentum id et felis eget natoque amet Integer condimentum dapibus metus sed neque Donec viverra pellentesque eget quis penatibus eu dui neque fringilla Fusce Donec odio varius congue consequat vehicula tempor interdum at Morbi interdum scelerisque Aenean efficitur fermentum vehicula amet vitae ipsum tempus dui gravida malesuada Fusce vel Etiam neque molestie risus at erat nec amet pharetra aliquam sapien viverra imperdiet pellentesque mus blandit nisi risus feugiat ultricies laoreet pellentesque mi porttitor id fringilla tempus volutpat tortor at ante quis quis dolor lobortis lacinia justo quis nunc varius neque tortor semper augue a lacinia massa nascetur Cras congue lorem sed elementum quis Phasellus facilisis Fusce Cras neque non magna venenatis felis tortor dui sit mattis odio fermentum congue eu Nullam dolor lacinia quis nunc at in justo adipiscing laoreet magnis et dolor Suspendisse rutrum orci ut risus suscipit eleifend Morbi volutpat Fusce interdum Morbi facilisis quis imperdiet Nunc Proin a cursus eget scelerisque amet nec in est Mauris maximus penatibus eget Aenean mi orci Cras tempus Mauris nulla elit quis pulvinar semper nascetur justo volutpat vel congue feugiat maximus erat neque diam Vivamus laoreet mi vitae nisi at neque Fusce ornare diam ridiculus eu in Suspendisse pretium a imperdiet neque id sapien augue ante Sed blandit purus consequat at Quisque amet Donec justo vehicula porttitor sem risus ultrices maximus eleifend diam pellentesque elit augue dui metus semper justo Orci Donec sem felis scelerisque velit purus feugiat pharetra arcu faucibus Nullam facilisis eu Lorem ex consectetur ex viverra vitae quis nascetur est dolor ut eget Donec suscipit auctor Donec sem parturient nec scelerisque vel Nam congue maximus et erat eu Nam Cras eget nibh orci Nunc Pellentesque Donec dolor nibh ac et natoque Donec neque faucibus placerat lacinia ultrices non iaculis tempor fringilla risus et '),
(344, 846, '2020-01-22 11:04:24', 'non sodales tempor id consequat dolor congue massa nec mauris vulputate vitae volutpat feugiat enim risus dapibus Quisque sodales egestas scelerisque dolor iaculis ac interdum Donec luctus nulla feugiat Mauris convallis sed nec auctor Mauris pulvinar malesuada ipsum neque tempor a et et Ut Quisque tellus mus non felis tellus non varius Donec odio posuere nisi efficitur commodo nisi eu nascetur tincidunt faucibus vel fringilla accumsan Mauris vitae Nam orci quis aliquam Proin elit elit quis vel accumsan quis eros dui in nunc augue vitae felis elit magna turpis et vel dui nunc sem mi Donec elementum dolor mi consectetur quis et In erat ultrices felis condimentum risus arcu Nunc faucibus amet scelerisque Fusce sem quis lorem ac ex tincidunt ut et id faucibus tempus erat feugiat malesuada tempus dolor ultrices mauris porttitor viverra sagittis feugiat quam ornare feugiat magnis sit ante In lacus primis vestibulum mattis tempor nisi magna parturient vel a nisi non rhoncus parturient accumsan ornare parturient semper congue tempor diam auctor egestas at risus Phasellus arcu orci Orci molestie pulvinar ornare massa commodo tempus Fusce est Mauris orci nisi vehicula risus non aliquam ipsum convallis quis luctus erat fermentum iaculis a a diam velit vulputate purus lorem vestibulum Vestibulum vel odio in amet odio Nunc eu vitae pulvinar lobortis felis tortor ac nisl Interdum scelerisque dapibus eu molestie luctus bibendum mi dis porttitor blandit Fusce lorem Mauris non vel risus vulputate ipsum libero id dui quis felis at elementum elit Donec accumsan molestie dolor Proin dis euismod aliquam molestie Etiam fames arcu amet Nullam Interdum sit Interdum fringilla tincidunt arcu Donec congue velit pharetra tincidunt rutrum non montes molestie tortor at Donec Donec convallis nunc in Donec dui blandit elit odio ac dolor aliquam vitae accumsan ipsum penatibus vel vel Cras parturient id viverra orci non laoreet faucibus et gravida accumsan vel non libero laoreet Pellentesque Proin elementum urna congue in ac quis imperdiet amet non quis fermentum '),
(345, 847, '2020-02-02 12:55:27', 'vel nunc congue nulla non dui erat faucibus condimentum accumsan amet ornare ante pulvinar felis non magna in amet condimentum auctor metus justo tempor mus ipsum in volutpat nascetur quam feugiat est velit sagittis ipsum Donec mi sem risus congue tincidunt Fusce scelerisque varius mattis diam finibus fringilla massa diam vel sit est sem eget lobortis Donec odio laoreet mi elit suscipit ex pellentesque Proin nisi ut sagittis nec Lorem penatibus mi elit purus sit tempus aliquam ullamcorper elit suscipit est bibendum in ex felis nec mi sem volutpat dapibus nisi iaculis Cras interdum dui egestas volutpat a molestie dui erat quis ridiculus odio magna in maximus finibus non luctus augue urna nec malesuada aliquam et Donec ac sit Donec risus tincidunt pellentesque varius neque Mauris finibus sapien fringilla felis ridiculus at massa gravida elit luctus Orci vitae orci tortor porttitor non primis accumsan elit dolor purus Mauris finibus vitae suscipit lorem neque lobortis nascetur vestibulum nisi mi tincidunt mauris risus primis aliquam feugiat quis justo malesuada vestibulum elit Proin dolor risus sit parturient vel pretium odio interdum suscipit dui Pellentesque Mauris in non at montes commodo accumsan tempor imperdiet nisi laoreet interdum mus congue vitae ultricies at mi in elit maximus Morbi interdum tempor sed mi metus '),
(346, 848, '2019-08-21 12:52:28', 'placerat Lorem nunc consectetur pulvinar egestas volutpat ultricies Integer quis dapibus eget Vivamus pharetra Donec dis interdum ultricies magna lectus sodales sapien diam lectus tincidunt sapien risus massa commodo lobortis fringilla aliquam sit luctus Vestibulum parturient Nullam erat vel ante mi ipsum montes fringilla vel ornare Donec vitae amet nisi nisi fringilla nunc Interdum tempus natoque ac metus natoque sit eu mus tempor a primis vel sagittis eget ornare faucibus parturient arcu luctus Donec tincidunt Fusce Donec sapien molestie amet est erat Sed elit Nullam vehicula odio diam blandit lorem et elit bibendum erat tempor Ut nec ipsum et diam justo Integer at nec tortor turpis vestibulum varius porttitor at ex maximus vitae neque nisi volutpat nisi elit interdum velit scelerisque sem neque Etiam lorem Lorem mattis vitae consectetur vel vel Ut Ut commodo est a maximus felis pellentesque faucibus varius suscipit molestie nunc nec Phasellus vel parturient vehicula Sed in Donec molestie scelerisque penatibus Nunc congue porttitor libero consequat in neque mi commodo magna at blandit penatibus tempor odio Fusce eu nec gravida viverra ornare condimentum sem ligula sapien faucibus risus ipsum nisi Mauris ipsum gravida vestibulum at Ut sit quis risus volutpat augue varius maximus vel scelerisque interdum tellus elit accumsan accumsan nibh nec nunc nascetur ut Donec pulvinar nunc at pharetra orci dis arcu at a egestas erat tempor sem In amet vestibulum eu quis at amet molestie mattis nisi consequat egestas risus velit blandit mattis Quisque fermentum dis Donec montes Quisque massa metus molestie Donec neque ac vitae risus sem leo erat diam dapibus Ut varius iaculis Mauris interdum Interdum nec ipsum vitae Interdum dolor justo purus et Mauris justo sem vulputate vel Nullam et neque erat at molestie fringilla sit vestibulum pretium euismod eu Ut massa Lorem Proin augue enim diam a maximus ut posuere eget rutrum Nullam ipsum erat justo congue dolor eleifend et viverra eleifend vel tempor risus maximus mi quis tincidunt felis volutpat Cras sit Vestibulum fringilla dolor tempor libero quam vitae dolor scelerisque vitae neque velit tincidunt fringilla vestibulum consequat Orci Donec semper fringilla ultrices dui elit Cras magna sapien neque posuere iaculis aliquam Nunc pulvinar nisi laoreet dui id ornare eget finibus mi vel penatibus laoreet diam accumsan pellentesque Donec parturient elit Donec justo faucibus tempor eget luctus accumsan sed accumsan sed vitae varius quis velit rutrum gravida eros justo nisi id Donec sit neque egestas congue varius velit Quisque dolor lectus massa lectus natoque varius tempus nisi a laoreet Morbi Orci non Integer ipsum enim magna fringilla montes accumsan Nullam eget In congue auctor vestibulum pulvinar quis varius mattis pulvinar Mauris purus ipsum quis vel eget vitae euismod id Fusce eget vehicula laoreet Nullam lorem suscipit ante libero vestibulum Morbi mattis Fusce Orci vitae consectetur est euismod dignissim '),
(347, 849, '2019-08-30 19:58:32', 'lobortis porttitor nisi sem dolor accumsan posuere varius quis metus massa sem Vestibulum massa nascetur porttitor erat sapien Donec Fusce penatibus dui risus varius malesuada volutpat id sapien lorem justo diam neque Quisque In interdum egestas arcu ultricies ridiculus nec ac finibus ligula Lorem id pretium auctor sit nec Integer ipsum sapien tortor lacus elit neque maximus varius vitae commodo odio non ultricies erat imperdiet justo dui natoque varius neque laoreet lorem neque in pulvinar commodo Proin lorem a dui ante dapibus sem Fusce justo luctus non fermentum porttitor et erat Donec mattis odio tristique sit Cras augue justo molestie tempus Morbi suscipit et tortor vestibulum '),
(348, 850, '2019-08-30 19:42:02', 'Lorem erat Pellentesque tortor arcu imperdiet Integer accumsan et nulla vitae tincidunt metus lacinia eu consequat et eget scelerisque luctus fringilla Ut mi vestibulum diam tortor nibh odio natoque ullamcorper primis velit penatibus tellus at Cras ridiculus ante bibendum vel est tincidunt mattis sapien ultricies Phasellus aliquam montes Fusce at eget arcu nulla condimentum eros justo dignissim Orci lorem eu placerat adipiscing scelerisque ornare consectetur est at nisi facilisis justo consequat ut varius fames a pulvinar congue luctus quam Cras vulputate Donec interdum in felis eget non ipsum a arcu a viverra Donec erat eu arcu rhoncus penatibus massa quis elit eget egestas varius suscipit natoque dis condimentum egestas pulvinar orci eget vitae magna nunc ante elit lectus nisi in Pellentesque vehicula dolor dapibus adipiscing ornare sit neque tellus sit commodo magnis Mauris Fusce commodo tincidunt est a ultrices luctus nisi vulputate vel Quisque eu mi Donec molestie varius Nullam tellus vehicula ante lorem eget Mauris condimentum mi a dapibus justo quis nec maximus ullamcorper tellus Donec ac et vel tellus risus ipsum suscipit euismod dolor vel molestie porttitor magna vel placerat molestie Vivamus augue consequat varius gravida vel et augue Mauris nunc eu Orci Donec dui tempor eget nec cursus non et vitae nec tellus Proin pellentesque vel vel ligula volutpat lobortis quis ante Donec risus viverra pretium ultricies nisi In tempor lacinia fermentum sit mi Mauris montes vitae finibus vel Proin amet dolor at Cras sem tortor ipsum vitae Nullam Quisque aliquam feugiat nulla tempor penatibus volutpat et eu elementum dignissim at vitae consequat nec congue mi a a lacinia dignissim dolor interdum risus sodales vehicula feugiat Cras nec quis vehicula nisi quis vestibulum varius dui vitae augue Pellentesque est tincidunt condimentum augue egestas libero tincidunt parturient cursus Ut malesuada justo Nunc amet Fusce nisi et fringilla tincidunt est mus eros montes penatibus amet Donec eros non at ac in laoreet pretium in laoreet magna congue in at varius laoreet elementum consequat ac nascetur penatibus natoque faucibus nec tellus vel sit vitae et gravida '),
(349, 851, '2019-10-29 04:24:22', 'tellus odio id faucibus finibus luctus a Cras arcu eget sapien nisi tempor sagittis arcu fringilla justo elementum semper a felis tempor enim sit gravida nec quis natoque vitae accumsan velit Pellentesque vehicula Nullam ultrices neque Integer non pulvinar id tristique justo massa neque Pellentesque nec mattis a Donec risus vitae justo ipsum et vestibulum ipsum massa ac ipsum commodo sem feugiat eu magnis vel tempus neque bibendum ipsum auctor sapien ultricies sed velit accumsan Donec gravida elit mi nascetur pulvinar maximus Fusce bibendum scelerisque condimentum maximus magna ipsum erat vel ipsum mi in ipsum sed Quisque quis quis sapien tincidunt Donec Nullam egestas dui quis quam magna interdum tempus Ut scelerisque vulputate erat In odio ultrices pretium blandit laoreet accumsan sapien tellus pulvinar vitae magna sem mi faucibus Fusce augue facilisis Donec at purus justo non a at Etiam quis tincidunt laoreet risus Suspendisse Donec adipiscing a scelerisque consectetur Donec varius elit vitae vitae risus viverra at sem eget eget Nullam nec mi vitae vel ultrices in neque viverra vitae faucibus dapibus at at neque vestibulum quis ac fermentum amet a at a aliquam interdum dis erat diam feugiat velit ridiculus diam gravida et nec Nullam erat venenatis Phasellus laoreet Phasellus finibus maximus ipsum posuere condimentum vel sapien quam dolor arcu Fusce ipsum risus justo sed Cras Cras interdum quam Etiam enim vulputate est orci accumsan consequat natoque vehicula vel enim augue auctor consectetur vulputate ullamcorper elementum augue maximus ipsum mi at tortor pharetra Donec non quam facilisis consectetur nec luctus Aenean non vestibulum elementum velit pulvinar arcu dui condimentum ante diam elit fermentum fermentum urna vitae vitae bibendum venenatis velit ultrices odio justo mi arcu condimentum vel nunc ut dignissim volutpat congue congue nisi natoque ac vehicula dignissim condimentum eu convallis est auctor dolor libero sed consequat mi nec nascetur vestibulum amet vel interdum Donec risus nec purus nascetur consequat quis condimentum Mauris imperdiet dolor laoreet nisi nunc et risus non faucibus venenatis gravida in eget amet dolor felis congue in faucibus sed eget nulla purus nec penatibus consequat augue a euismod nec malesuada odio tristique luctus luctus lorem a Nunc scelerisque ornare fringilla volutpat faucibus interdum sem fermentum vel nascetur natoque at ipsum suscipit mus ipsum interdum est justo adipiscing euismod Nullam Proin odio laoreet eros ipsum pharetra maximus Nullam et sit gravida mauris Morbi ipsum elementum odio libero tempor in nisi porttitor consectetur egestas posuere magna nunc felis Nullam luctus nascetur at consequat libero Orci elit tincidunt lorem ornare neque in egestas et laoreet erat ornare montes nec est a laoreet '),
(350, 852, '2020-01-12 04:42:54', 'fringilla scelerisque sagittis ornare lorem vel nec lobortis condimentum ullamcorper euismod fringilla tincidunt mattis ut commodo ornare dui commodo volutpat vel Nunc fermentum urna Mauris sagittis dolor non tempor adipiscing quis Fusce mi risus non condimentum a augue aliquam ipsum neque pulvinar sit sapien accumsan ridiculus Donec Integer et ac sit sit primis mattis sapien felis at Nullam fermentum Nunc nisi diam sapien est risus felis natoque et accumsan suscipit ac luctus tincidunt volutpat Vivamus sed congue Quisque nisl Donec nunc ut at condimentum vitae erat Sed massa fringilla mi scelerisque vestibulum sit dolor est elit mi ipsum risus at at eu neque fringilla Donec Orci erat nec condimentum mattis justo odio posuere finibus ex a euismod in nibh at dui sagittis ipsum commodo adipiscing pulvinar faucibus accumsan amet mauris mauris Fusce in dui luctus ornare ullamcorper penatibus Etiam molestie faucibus Phasellus quam Quisque Suspendisse vestibulum finibus Proin maximus laoreet gravida lorem in felis mi augue maximus magna Lorem vehicula neque tincidunt elit quis ut dignissim Donec orci dui vitae a Donec vel amet tempor at tincidunt in vestibulum accumsan volutpat accumsan a nascetur ac congue faucibus a Fusce id purus condimentum montes Vivamus lobortis Lorem auctor laoreet porttitor molestie purus fringilla eget laoreet Morbi Fusce est in ac vitae montes malesuada Etiam vestibulum non sodales rhoncus faucibus varius dui scelerisque Nunc a quis pellentesque at mi Donec sapien nisi tincidunt Fusce vitae rutrum ac erat ex lacus nunc in porttitor neque amet feugiat in molestie nec egestas at tortor fringilla Fusce Vivamus tempor at Phasellus adipiscing aliquam porttitor nisi risus sit finibus ridiculus accumsan in ullamcorper justo sem euismod justo rutrum lorem metus non Pellentesque Orci a nisi est mi ultrices interdum enim porttitor dolor semper interdum at lacinia turpis ante venenatis natoque Fusce nec Ut placerat pellentesque vitae sapien lorem neque a elit mi dis In elementum fermentum Pellentesque a faucibus Etiam Interdum lectus mus mi ac et nulla amet erat in nec sit sagittis a sem ');
INSERT INTO `proposal_content_history` (`id`, `proposal_id`, `date`, `content`) VALUES
(351, 853, '2019-06-02 08:06:21', 'purus quis est nec magna malesuada molestie augue quis in commodo vel erat velit congue condimentum volutpat sed ultricies et neque tincidunt mi felis semper nunc Cras urna magna viverra mus ipsum auctor maximus dolor lacinia feugiat porttitor justo magnis vitae nisi quis erat finibus fermentum In tellus adipiscing blandit elit maximus sed nec est velit volutpat parturient pulvinar elementum purus vel turpis congue vel euismod ornare dignissim nec eu primis dolor fringilla nulla venenatis urna ipsum neque Sed quis neque scelerisque est tincidunt varius ex scelerisque dignissim Aenean risus orci magna erat et nisl maximus vestibulum euismod primis elit fermentum aliquam nec accumsan vehicula eleifend suscipit erat molestie sem Pellentesque eros placerat Proin dolor orci sit elit risus imperdiet Nullam scelerisque erat vel molestie felis massa nec nec diam Pellentesque accumsan laoreet Fusce mi et In faucibus dis mattis in scelerisque lorem tempor vehicula erat Cras ornare fringilla ornare a arcu nulla mi mus velit tellus sem penatibus in lacinia egestas metus elit ac pellentesque vitae fringilla neque ridiculus arcu laoreet accumsan Donec et pellentesque condimentum accumsan Mauris justo ultrices vitae nec quis Proin ridiculus interdum at Integer justo tempor iaculis sit sagittis sapien a amet Pellentesque maximus a lacus egestas molestie erat sed a pulvinar luctus feugiat at ante pulvinar dignissim at velit Donec urna risus pellentesque dapibus odio varius a vehicula mi sit mus vehicula quis Cras ipsum at dis varius quis vel libero pharetra Proin bibendum risus quis lacus in consequat nisl ac quis tincidunt ante tempus finibus vel purus velit elit Mauris quis imperdiet lacus rutrum lorem risus vitae blandit Nunc neque a at pulvinar viverra laoreet varius a Integer nulla nec ipsum vitae tellus eget faucibus ultrices sit in Suspendisse congue elit '),
(352, 854, '2019-10-04 03:08:17', 'amet Lorem neque Cras purus quis ornare parturient velit faucibus porttitor Nullam scelerisque sagittis Fusce nisi risus nunc laoreet massa nisl egestas vitae commodo vel sem dui risus varius non mi neque dolor venenatis Nunc faucibus tincidunt odio ut sagittis sed nec at blandit Ut commodo volutpat vitae efficitur et feugiat luctus Proin accumsan ut velit posuere diam maximus sem nisi purus vel sapien amet lectus vel eget nunc Nullam sem molestie feugiat diam Cras vestibulum Proin quis vitae Aenean amet velit maximus elit mus fermentum luctus erat parturient eu odio nunc lectus porttitor mattis risus diam Vivamus Donec sapien finibus ac Morbi eu neque varius sit a vitae laoreet neque malesuada Vivamus vitae pretium quis eget quis accumsan vehicula viverra iaculis faucibus eleifend Mauris maximus purus egestas vestibulum nulla accumsan varius at tempor fermentum laoreet eu pulvinar dignissim eros elit risus maximus risus magnis a maximus velit auctor egestas Phasellus ex odio id laoreet egestas nascetur lobortis et neque dolor magnis justo justo molestie id maximus placerat faucibus in odio maximus pulvinar quis mus montes feugiat feugiat elit in erat Donec vitae sem Nullam tellus finibus parturient non odio elit varius scelerisque id diam leo laoreet magnis nisi auctor sapien tristique mattis eget congue vel ligula enim vitae in eu dapibus mi ultricies eleifend at enim maximus in Fusce dui pellentesque mi quis odio cursus lacus eu vitae libero neque eu dolor quis magnis lacus porttitor feugiat risus egestas pulvinar ac ex bibendum gravida vehicula ipsum iaculis commodo molestie scelerisque nec porttitor sed tristique Ut ultricies nec pulvinar accumsan efficitur odio ac in Pellentesque cursus in augue ornare odio Fusce dui a lacinia massa neque Vivamus non tristique mi luctus Donec gravida mi nec at orci vel orci luctus pellentesque faucibus auctor molestie placerat ornare ac commodo Donec et eu amet risus Mauris '),
(353, 855, '2019-08-11 21:27:27', 'congue pulvinar faucibus nunc in blandit a tortor fermentum justo risus sed erat natoque Fusce augue Proin felis dui eu laoreet feugiat Nullam tortor eu odio odio id Nullam natoque vestibulum mi est dapibus laoreet laoreet iaculis condimentum augue eu euismod pulvinar neque Donec eu Pellentesque sem finibus quam at arcu metus pharetra vel erat sit sit enim luctus turpis nec Donec vitae consectetur et ipsum odio nulla Sed tellus neque augue nisi a tincidunt viverra malesuada dolor vitae porttitor at euismod suscipit arcu scelerisque risus laoreet tortor ac diam purus metus Fusce vitae justo augue consequat magnis consequat mauris id pulvinar malesuada vel ullamcorper odio vitae imperdiet eu vitae tempor Vestibulum elementum commodo convallis congue tellus natoque facilisis risus Cras Nullam id quis consequat at dolor pellentesque dolor quis dis tortor in elit est dis non et bibendum mi pellentesque sed molestie vel dolor viverra ornare tempor nec ac elementum consectetur dolor pulvinar odio gravida montes eu erat nascetur varius in nec penatibus eleifend sagittis at magnis vitae amet libero Cras ipsum dapibus et et sodales dapibus dolor arcu Aenean Donec sit natoque sem interdum malesuada In sit vitae In vitae ultricies magnis erat nec dui consequat eu diam risus fringilla ac quis nisi iaculis orci sem vehicula ipsum tristique quis dui Sed interdum nec nulla amet finibus ornare leo congue eleifend Quisque et erat nisi eu Morbi nisi diam amet faucibus vel mi Pellentesque Nam congue laoreet eu fames Nunc arcu ipsum vel Donec commodo gravida velit libero nec Morbi maximus enim Quisque Donec mi a nunc odio leo ridiculus erat vitae odio tortor elit vitae vitae ullamcorper posuere nisi vitae Integer commodo eget feugiat et Donec quis tempus Nam auctor mi convallis fringilla libero justo massa laoreet mi elit velit tortor non erat tellus sagittis pulvinar sit Morbi '),
(354, 856, '2019-08-22 05:04:11', 'neque at commodo justo commodo diam pulvinar feugiat erat Quisque Mauris vel risus vitae eros malesuada at neque auctor purus Ut lacinia penatibus nisi pellentesque Donec eu erat erat magna ornare laoreet rhoncus posuere vitae elementum ipsum feugiat Integer tempor porttitor ipsum nec ac interdum Donec vel placerat interdum imperdiet velit magna Donec libero aliquam congue eu tempus lorem velit arcu eget diam parturient felis enim viverra tortor vehicula nunc mi risus pretium ac tortor eget nascetur feugiat pellentesque Pellentesque sem mi molestie Nunc nulla ac sodales commodo malesuada Cras Proin sagittis vitae vitae eget sapien dis egestas id at vehicula urna vehicula placerat dignissim odio dapibus tempor sit imperdiet eleifend eleifend ante nec nunc lacus neque Nullam sem eget consequat imperdiet in varius commodo ligula molestie urna sagittis dignissim orci neque interdum sagittis condimentum Fusce varius enim pulvinar ac lacus metus ut molestie fringilla ex mauris Donec commodo quis Donec vestibulum eget lacus tempus molestie Donec maximus viverra nec interdum vitae vel sapien neque volutpat vehicula gravida natoque Fusce diam primis erat sit vitae et dolor fermentum amet Fusce et eros nulla feugiat quis pulvinar gravida massa elit pulvinar nibh tellus eros mi '),
(355, 857, '2019-10-14 13:43:03', 'at sapien amet lorem molestie at in commodo volutpat quis pulvinar turpis Mauris elementum elit in sit enim tincidunt amet primis ex erat accumsan ultrices Donec sit mi sit faucibus nascetur pellentesque amet eu congue varius neque Nam accumsan ipsum augue erat sapien Fusce diam fermentum maximus at velit arcu lorem Morbi elementum posuere nisi quis Fusce erat fermentum lorem eu justo at ornare magnis quis pulvinar risus nunc imperdiet odio tristique nunc sagittis molestie congue odio dolor tempor elit non Integer suscipit Nunc condimentum at lobortis primis id erat venenatis vitae leo eu Orci consequat faucibus velit nulla quis felis sed commodo Mauris condimentum dolor non Ut Cras odio nisi quam Mauris ipsum auctor mi velit a elit adipiscing odio dolor Donec Fusce bibendum nisi scelerisque faucibus quis tempor dolor eleifend commodo feugiat orci nisi dolor elementum malesuada lacinia et natoque risus nisi Ut id odio at eget penatibus a natoque libero vestibulum Fusce elit ac egestas posuere varius odio pulvinar a varius eu purus in facilisis leo nascetur Nullam amet mi felis tellus consectetur ipsum nec fringilla vehicula dui feugiat felis quis sem tristique penatibus ante pellentesque quis sit semper odio Donec neque erat suscipit Pellentesque quis Integer ornare ipsum neque pulvinar ultricies commodo ipsum Donec est id at ac gravida vitae justo turpis ligula non gravida Nullam Donec elementum id a Nam faucibus blandit id gravida pulvinar pulvinar vestibulum odio Mauris Nunc tortor enim congue fames sit diam ornare et in dolor vitae dapibus congue Fusce interdum tempor est ultricies velit pellentesque molestie Donec nunc id amet fringilla tristique justo tincidunt accumsan diam Integer nisi aliquam eu nec Morbi ipsum eu in Integer nec vel Nullam ex elementum arcu convallis quis congue vestibulum in tortor tortor tristique penatibus finibus natoque tempor eros eros cursus amet vitae fames vehicula quam erat in dolor ligula Pellentesque accumsan egestas ut In id nec tellus quis vel Fusce at lacus tempor interdum tortor vel quis ipsum vel varius ante Morbi ipsum bibendum justo commodo eu luctus ante nec tempus ipsum lobortis ut diam interdum elit consequat Fusce eu iaculis in Fusce fringilla nascetur amet odio tortor quis maximus pellentesque Proin maximus dis tristique Donec lacus mi vehicula Morbi dis varius venenatis nisi molestie gravida Proin Morbi viverra porttitor dignissim laoreet erat nascetur Nunc at sodales vel vitae Cras diam '),
(356, 858, '2019-12-05 12:58:06', 'pulvinar egestas nascetur pulvinar ornare auctor sagittis nulla rhoncus Fusce Donec feugiat diam gravida accumsan arcu ex accumsan vestibulum risus odio Mauris amet et Pellentesque nulla nisi finibus semper et dignissim tempus varius dui tempor Quisque interdum congue tortor sapien Ut feugiat dis sit arcu rhoncus eu elit posuere at accumsan odio consectetur quis est sit est mi in tincidunt nec metus interdum ac odio nec vitae ac odio dapibus Cras dolor nec at at leo quis Quisque penatibus Mauris Proin non arcu dolor maximus dui ipsum eget Donec tincidunt eget ut nisi nec convallis dui congue semper sit quis mi eu maximus vestibulum maximus mattis Orci dui pulvinar lectus odio consectetur nec consequat Morbi gravida eu nec congue dui commodo luctus consequat molestie dapibus laoreet massa mattis nascetur ut diam eleifend Cras consectetur ante Vestibulum vehicula magna parturient ligula Sed maximus suscipit Quisque ut in montes parturient erat orci et pellentesque Proin congue augue eu ornare suscipit convallis ultricies fermentum quis viverra Nullam suscipit fermentum elit enim est ipsum interdum tempor tellus magna sed adipiscing Donec pulvinar montes a non eget quis faucibus congue pulvinar porttitor pulvinar dolor justo maximus vestibulum elit Mauris tempor orci nisi dapibus quis est '),
(357, 859, '2019-10-07 07:33:21', 'faucibus nunc efficitur et eu tincidunt at sapien quis aliquam nec Fusce Donec est blandit lorem pulvinar in diam pulvinar vel Mauris consectetur a Nunc elit iaculis ac non nec congue quis maximus sit magnis accumsan lobortis justo vehicula mus sit tincidunt vel ridiculus enim Aenean ullamcorper diam ridiculus nunc ornare gravida mi semper vestibulum luctus diam sed ante feugiat lorem vestibulum sodales et nisi malesuada accumsan egestas Ut Mauris ante vehicula et ultrices penatibus dapibus vel Quisque dolor arcu fames at urna Proin neque eu nisl sem lorem tortor lacus Pellentesque amet luctus mi fermentum feugiat Proin elit fringilla bibendum aliquam libero quis dapibus Mauris Fusce fames lobortis varius facilisis odio nec Pellentesque neque Nam laoreet interdum Vivamus vitae faucibus accumsan vel magna in justo ridiculus tincidunt bibendum ipsum a rutrum et Donec lacinia volutpat placerat Nunc turpis ac pulvinar varius lacus mi varius risus odio facilisis faucibus cursus luctus nisi id sed quis non neque nibh a feugiat non at sagittis Aenean Nam nisi sodales quam quis ornare risus lacus Vivamus mattis justo nunc luctus dis velit maximus Donec dolor velit augue lacus erat ultricies felis tempus risus feugiat sit vitae sapien id ipsum Morbi sit tincidunt quis facilisis quis augue erat et penatibus Sed ante quis quam vehicula justo est a quam at molestie egestas tellus nisi tempus sagittis vitae tincidunt facilisis vel montes finibus lacinia in eleifend Mauris tempor elit Donec in metus et a fermentum fringilla quis dui montes ipsum finibus eleifend nisi malesuada faucibus vehicula arcu tempor Mauris at amet risus fringilla Vestibulum est a orci rhoncus nascetur vel gravida nisi est molestie eget nec suscipit felis varius tempor lorem ex vulputate nibh tincidunt vestibulum mi at aliquam tempor Fusce eu dis fringilla dis libero quis Donec Fusce diam quis posuere sapien Ut scelerisque nec amet augue montes malesuada posuere primis laoreet diam ultricies Phasellus Donec sapien congue Donec elementum Nullam turpis at vehicula fringilla lacinia vulputate dolor sit lobortis imperdiet Donec Donec consequat quis scelerisque Nullam pulvinar eu sapien ex et cursus Morbi Mauris Quisque varius fermentum mi viverra ante nec odio a ipsum consectetur non natoque Fusce pellentesque Morbi ornare ex viverra Orci non elit ut augue elit feugiat euismod libero ipsum in Fusce Nunc eget vitae '),
(358, 860, '2019-07-29 15:24:17', 'eu ridiculus interdum ipsum montes sed commodo fermentum amet nec et commodo eget ac Mauris arcu enim quis a elit Phasellus elit in non parturient vel erat fermentum mattis ex Morbi nec commodo vitae purus varius orci Vivamus ex Donec augue purus luctus felis et commodo Donec at fringilla sem dolor dapibus ornare nascetur suscipit pellentesque condimentum nisi odio tellus pellentesque at penatibus vel lectus dolor Quisque fermentum rhoncus penatibus elementum euismod dapibus maximus Cras odio lacus ac neque Sed sapien sem faucibus nibh Nullam ornare Pellentesque neque justo nec ex elit a semper est Cras sapien Donec varius tempor turpis interdum vel Morbi eget laoreet commodo Nullam interdum porttitor luctus et nec in condimentum Mauris Fusce Donec consequat justo varius felis fringilla purus ac mus Vivamus sagittis nunc leo consequat mattis justo condimentum rhoncus efficitur maximus vel blandit vel pellentesque a dolor augue eu nunc consectetur amet auctor Sed neque erat mi tortor dui magna magnis risus eget vehicula pulvinar finibus ornare vel gravida sodales sem pellentesque finibus Mauris interdum tincidunt Donec dignissim maximus a montes dapibus a risus nec efficitur justo in ipsum fringilla primis vel vitae molestie sem eget amet pulvinar et erat vehicula magnis nec sem lectus nec in maximus luctus nec at Donec fermentum In interdum erat Proin massa ut Ut tempus tempor molestie Mauris quis luctus egestas nisi pulvinar eget arcu posuere fermentum quis augue Sed Suspendisse vitae ante ultricies Lorem lectus magna accumsan justo suscipit tortor cursus at tincidunt a malesuada euismod faucibus nisi magnis vel at '),
(359, 861, '2019-07-13 15:57:32', 'Integer tincidunt Vivamus rhoncus Donec congue molestie faucibus varius luctus nec scelerisque justo feugiat lobortis lorem diam Quisque erat lectus finibus erat Morbi neque felis Ut gravida accumsan penatibus neque nulla maximus ultrices metus suscipit urna In metus diam mattis amet Nunc turpis congue tempus facilisis risus ornare laoreet gravida vulputate laoreet ipsum nec quis mauris mi quam vel Proin gravida porttitor quis cursus arcu sit mus Donec pellentesque Vivamus nec accumsan urna sapien iaculis magna Nunc Donec faucibus congue nisl urna felis molestie ante dolor mi auctor pulvinar lorem Donec vitae Mauris id nec arcu mattis et metus amet euismod Cras metus ut vel tellus Morbi vitae vitae cursus amet ipsum accumsan laoreet faucibus scelerisque sit nisl sagittis ac quis cursus mattis ipsum vel Morbi dolor mi risus Orci efficitur commodo sit arcu Cras pellentesque accumsan nisi dolor ipsum maximus non consequat risus Lorem felis Fusce Lorem risus lacus id nec odio ac ante massa ante facilisis ipsum vulputate Ut suscipit et imperdiet dolor facilisis risus ridiculus est volutpat sit augue tempus ut varius elit Quisque justo Nunc Donec vel pulvinar Fusce pulvinar sapien nulla libero vitae mi est eget nisi Vestibulum nibh sit malesuada Nunc scelerisque ridiculus Fusce penatibus placerat ante accumsan pulvinar Ut erat lacinia nisi Mauris vel porttitor et magna feugiat tellus ligula fermentum congue erat odio amet Proin odio quis a arcu Fusce arcu fermentum pulvinar a odio sagittis velit feugiat elit iaculis bibendum a in laoreet diam justo finibus Nam enim convallis sapien nascetur erat Vivamus tellus penatibus Quisque dui ac fringilla commodo Nullam felis euismod arcu in magnis et ante ac ipsum sem vehicula montes '),
(360, 862, '2019-11-19 02:48:00', 'quis Integer vitae et Donec dolor ante Phasellus quis vitae quis consectetur finibus dui sit molestie quis ornare odio at viverra Aenean condimentum ornare ipsum parturient in Mauris congue vehicula sapien dui lorem in tellus quis Mauris orci elementum ornare laoreet luctus ac ex vestibulum blandit Donec eget eget vel in sed Nunc bibendum elit fermentum fringilla pulvinar egestas at orci semper purus laoreet tincidunt interdum suscipit Donec dapibus est pellentesque eu arcu fringilla ipsum mauris quis in tempus in penatibus eu enim Morbi fringilla Quisque fermentum dolor Mauris at semper sem a dui nec lorem tincidunt Ut tellus orci fringilla nec orci velit Vivamus in fermentum malesuada Mauris faucibus maximus velit efficitur egestas lorem tortor diam eu quis maximus congue lacinia et fringilla Etiam montes consequat Vivamus amet mattis Pellentesque pellentesque Nullam erat Donec nisi euismod pretium est Mauris erat augue lorem auctor a quis Donec odio Nullam ac mi aliquam elit est tincidunt at Ut eu risus nec Donec maximus vitae auctor Donec sem interdum laoreet ac luctus nec orci varius urna ac tempus et vel sed blandit mattis eget Donec Donec varius metus est nunc justo bibendum pellentesque maximus pretium laoreet Donec scelerisque Orci vitae pellentesque '),
(361, 863, '2019-12-16 19:26:43', 'lorem orci dolor vestibulum non lorem a mattis diam mi luctus molestie a eget efficitur consequat accumsan non id interdum nunc faucibus nec mi a vestibulum Sed nunc id vitae nec viverra et sit lectus non vel nec magna pulvinar sodales id metus Interdum luctus Nunc vitae justo lacus tortor Donec augue ornare vel dui montes dui Aenean velit erat a justo tincidunt gravida risus gravida maximus dis maximus dui cursus sagittis purus tempus parturient nulla eget Cras tempus accumsan Aenean elit in auctor est in mattis vehicula erat libero malesuada In justo iaculis lacinia finibus fermentum vitae malesuada Nullam Phasellus diam maximus Ut eros ante tellus vel sem purus a odio Quisque a Nullam nascetur est odio In leo varius pulvinar eget magnis Morbi congue lorem lobortis Fusce et feugiat ante euismod in a malesuada ornare elit dapibus pellentesque ligula commodo neque risus vestibulum Nam penatibus porttitor ultricies faucibus non a molestie at parturient Morbi Donec tortor pellentesque ante fermentum sapien elit ac molestie nunc dui Pellentesque accumsan in sit ipsum neque quis ornare Phasellus Ut Nullam vehicula Donec Etiam magnis molestie Vestibulum leo Etiam varius id fringilla ex Morbi et ornare vel accumsan justo lacus vitae vel at vulputate eu eleifend felis vitae Integer odio purus Fusce consectetur augue amet feugiat in elit Vestibulum risus neque faucibus augue molestie neque augue ac consectetur ut Phasellus pulvinar fermentum auctor neque pulvinar Nunc fringilla ultrices ex commodo viverra Nunc '),
(362, 864, '2019-08-13 14:25:50', 'et neque tempor Cras Integer erat Fusce quam vel lacinia In et Nullam dui accumsan Proin faucibus faucibus vel erat orci Nunc quis interdum pellentesque dolor sem congue nec consequat quis Integer arcu consequat amet laoreet finibus odio elit tempus vehicula elit lobortis quis eleifend efficitur parturient id commodo faucibus arcu nulla ridiculus vehicula Proin Donec in Mauris eget Mauris odio vehicula at a Proin amet enim tincidunt Fusce pulvinar odio sed pulvinar mattis nec risus et id vestibulum a Vivamus a sapien ex diam odio quam ornare finibus quis nec blandit consectetur elit natoque Mauris posuere faucibus vestibulum finibus vel odio imperdiet faucibus dolor aliquam consectetur diam augue Pellentesque in Lorem tempor ultricies quis quis penatibus lacinia Orci magna nunc luctus dapibus faucibus congue at diam fermentum at Quisque volutpat justo lacinia vel leo nunc Proin Donec pulvinar fermentum euismod tempus a tincidunt urna risus in Fusce commodo tellus quis molestie Pellentesque nisi Sed nec maximus dolor turpis ipsum vestibulum ipsum varius nulla Suspendisse id elit arcu Proin amet tincidunt porttitor eu commodo congue rutrum gravida magna Nunc pellentesque neque nec Donec lacus enim a maximus non faucibus Quisque elit ornare dis non metus nec eros tempor mattis laoreet a est laoreet facilisis vestibulum maximus tellus nec enim varius gravida non Phasellus rhoncus nulla mi est sit sapien ac ipsum maximus sed vehicula metus felis elit et sed dolor Morbi lorem malesuada Integer bibendum maximus id sit feugiat placerat sit faucibus molestie varius tortor fringilla montes erat odio vitae nisi vel laoreet a purus molestie posuere porttitor maximus erat commodo accumsan tellus sem odio a montes et nunc Donec nisi nulla quis ante est laoreet ultricies Donec et velit augue nunc vitae quis ipsum laoreet Donec non ac magna magnis risus mi ultricies dui pellentesque congue Donec nisi ornare libero feugiat mi sodales eu sapien scelerisque eu pulvinar fermentum tincidunt ridiculus non interdum cursus vel sodales in vitae condimentum quam viverra volutpat mattis libero lorem neque massa faucibus et mattis volutpat nisi odio velit vitae luctus lorem sem aliquam maximus accumsan in neque dui dis nisi Integer dolor in varius nec nascetur efficitur Morbi mauris varius elit fermentum a dis '),
(363, 865, '2019-09-22 07:33:04', 'Integer Lorem nulla tempus bibendum Vivamus lobortis aliquam magnis lacinia tempor laoreet lacus odio purus Pellentesque Morbi bibendum sit vel felis Etiam maximus nunc nascetur enim mi metus gravida cursus risus maximus mi tempor fringilla malesuada tortor velit fringilla nisi Morbi consequat neque orci dapibus odio faucibus scelerisque est volutpat Nullam Proin lorem commodo varius pellentesque est natoque sit vitae maximus iaculis erat vitae malesuada Interdum Phasellus neque parturient pulvinar parturient parturient eget sapien finibus tincidunt consequat et Orci Aenean porttitor Donec tempor posuere malesuada efficitur est ex et Cras vitae varius odio mus Donec nec penatibus Orci commodo erat faucibus molestie et ipsum lectus pellentesque Donec non luctus justo in commodo adipiscing dolor gravida risus blandit vulputate sit erat nunc montes Donec ac eu odio Morbi laoreet Morbi massa fermentum Nam mattis est magna lectus enim tincidunt quam a justo fermentum in ipsum commodo maximus egestas eu molestie semper lorem elit quam orci elit porttitor faucibus condimentum diam aliquam a ac in nec congue enim id gravida nisi Etiam condimentum ipsum vehicula erat orci maximus penatibus dolor quis quam lobortis erat Donec diam vitae pulvinar vulputate molestie lobortis nec luctus libero varius elementum laoreet sapien libero amet mi vitae auctor porttitor pretium erat montes orci nec varius magnis varius ut fringilla dignissim sed Nullam maximus erat purus porttitor egestas interdum Pellentesque porttitor magna eu vehicula luctus placerat non interdum tempus pellentesque tincidunt vel luctus eu laoreet odio odio vehicula diam condimentum tortor vitae Donec ut erat dolor Orci varius erat orci fermentum id Donec vehicula ligula posuere molestie ultrices at a diam quis condimentum consequat urna ipsum accumsan Etiam vestibulum neque Quisque arcu bibendum Cras a lobortis eget sem varius vel ridiculus neque mi mi lacinia montes dignissim augue faucibus nec ultricies nisi nisi at et id quis lacinia ornare tempus volutpat eu Donec magna Proin non nunc arcu dis consequat odio ante convallis neque et augue lorem vehicula tempor Aenean neque egestas felis parturient quis nunc at mi congue odio nisi et vel vulputate massa scelerisque congue ultricies varius nisi ridiculus justo vel enim ac fermentum id ac laoreet natoque viverra eu quam neque id Cras ornare tempor risus ornare iaculis amet justo sem nunc laoreet eu ornare fringilla penatibus adipiscing varius dis facilisis ultricies fringilla et '),
(364, 866, '2019-09-26 06:48:36', 'orci nec erat fermentum in posuere Nullam consequat non natoque elit vestibulum lacus nisi aliquam justo in lacus iaculis non tortor condimentum consequat congue lectus vitae quis in laoreet libero placerat interdum non eu ullamcorper vel eleifend non ipsum feugiat erat a lorem Quisque ac vehicula porttitor quis pulvinar mattis consequat laoreet faucibus odio in viverra eget a vel vel commodo congue justo viverra imperdiet elit Mauris eget erat eu pretium elit luctus vestibulum urna ridiculus vitae dui vitae facilisis et quis mi vel Phasellus suscipit vel viverra tempus mus maximus tincidunt consectetur maximus maximus maximus dui eget Lorem nec tincidunt justo a euismod gravida viverra erat Donec ante Pellentesque pulvinar ornare Suspendisse Morbi elit ac in vel tempor sem faucibus molestie varius felis vel Morbi elit justo risus elit sapien ornare sed tincidunt laoreet sit congue ultricies Morbi in pellentesque laoreet tempor nec libero fringilla ut tempus odio erat eleifend risus amet tincidunt ante condimentum maximus Mauris dui Fusce tempus molestie eu Ut nunc eu dui tortor eget nascetur metus porttitor luctus diam nec id ipsum Fusce non suscipit neque accumsan eros tincidunt vulputate tempus in risus faucibus at quam consectetur mi gravida montes nec et interdum ornare Mauris Nullam Aenean finibus scelerisque Quisque Morbi felis tortor elit mi ipsum eu penatibus auctor lobortis varius diam dui Donec auctor mattis fringilla metus odio Cras Morbi Donec Integer tempus tincidunt dignissim Vivamus a in mattis amet ultricies sit quis magna est consequat sem leo mi diam nunc quis Nunc placerat laoreet semper pellentesque libero arcu fringilla cursus eu odio varius tempus est metus natoque Pellentesque a Proin Nullam id sed iaculis velit varius viverra mi Donec imperdiet non faucibus nec elit commodo metus interdum commodo parturient at congue a vitae ipsum '),
(365, 867, '2019-09-24 23:25:10', 'Phasellus sapien imperdiet accumsan nisl sapien maximus gravida varius erat lacinia ornare Fusce sapien elementum dolor vel accumsan porttitor varius amet maximus eu enim sit maximus sit ultricies vehicula pellentesque neque dolor malesuada vestibulum fringilla pulvinar convallis mi Mauris et natoque est ante sit arcu eget interdum vitae id est ac fermentum molestie tempus elit et sem blandit laoreet mi sit gravida ultricies magnis nascetur ornare sem Nam ultricies et tortor gravida risus at et est quis ultricies vitae arcu Aenean tellus Nunc egestas tempor diam Vestibulum iaculis bibendum ridiculus tortor mattis blandit rhoncus montes tincidunt Nam elit Lorem maximus leo elit blandit sed posuere nec sit vel ante fringilla odio neque in ultricies a urna condimentum erat Fusce parturient ipsum bibendum '),
(366, 868, '2019-07-14 19:09:22', 'Nam condimentum nascetur tellus parturient augue ex natoque quam nisi finibus lobortis luctus nunc quis vulputate Nunc luctus pellentesque natoque interdum Integer pulvinar sapien vel Fusce at interdum lobortis erat arcu in consectetur natoque nec at malesuada fermentum laoreet est odio id pulvinar varius ante Sed magna bibendum Pellentesque et tellus ante tempor dis mus augue tempor mattis elit a id erat interdum auctor feugiat Morbi condimentum tellus mi diam gravida Nunc lacinia sed penatibus accumsan Morbi vel et at nec sit placerat nulla imperdiet et laoreet lorem interdum et in Nullam Proin dui Ut Donec ultrices vestibulum vestibulum nunc lacinia non quis Donec vitae felis tortor risus est tincidunt nulla amet interdum condimentum ipsum fermentum ligula eu augue pulvinar Ut nisi in a velit dolor Mauris ultrices ipsum mi non at luctus Orci dolor viverra ante vel lorem maximus ridiculus interdum '),
(367, 869, '2019-07-30 21:42:30', 'amet Quisque ullamcorper feugiat nunc ipsum diam Nunc pulvinar nec sapien condimentum suscipit Fusce sapien dignissim iaculis auctor arcu a laoreet justo accumsan eu Nunc urna adipiscing penatibus laoreet nec enim parturient Nunc mi eu fermentum et mauris commodo nec odio non odio lectus congue Vivamus diam lacinia sapien tempus risus mi Fusce auctor maximus Vivamus pellentesque quam vel iaculis eget lectus fringilla magna faucibus quis vehicula erat Donec est et erat sodales Cras Etiam sagittis amet dolor laoreet varius Donec nisi commodo sit Mauris ipsum pellentesque non erat gravida lobortis dui finibus non enim sagittis et a justo congue mattis euismod nisl consectetur sapien venenatis nec interdum Mauris laoreet non pulvinar consectetur commodo Ut Proin lacinia vitae sem in et ornare a sit efficitur vel erat faucibus fermentum imperdiet neque pulvinar ipsum Pellentesque amet eleifend urna ante sapien Cras mi mauris Phasellus vestibulum in et sapien commodo maximus ultrices mattis fermentum Orci fames tincidunt erat elit vitae pulvinar Fusce at Ut cursus Cras in Vivamus Lorem pulvinar lacus diam eget faucibus varius faucibus a quis et odio Fusce ligula egestas vel diam accumsan commodo ut Pellentesque justo odio Phasellus eu quam porttitor laoreet vestibulum condimentum ipsum semper sit egestas eget convallis ridiculus Proin iaculis erat fringilla Mauris elit Morbi Donec placerat Fusce Nullam elementum nulla dui Morbi velit a Nullam vel viverra Nunc ultrices est laoreet amet congue eget quam elementum dui accumsan magnis Fusce erat in tincidunt Etiam magnis scelerisque at Donec nec magna in pulvinar at molestie pharetra nulla cursus porttitor Donec tortor sit luctus laoreet semper mattis id parturient pulvinar sit Donec sapien turpis sed purus quis sem Vivamus a ipsum accumsan pellentesque Orci faucibus arcu molestie purus nisi quis Cras Donec Pellentesque consequat consequat tempor odio laoreet faucibus elit nisi elementum in et Nunc suscipit congue laoreet lorem urna arcu dolor Cras scelerisque Etiam in magna magna nisi fringilla Fusce vel quis neque congue ullamcorper tellus Etiam mattis et ipsum justo laoreet at lobortis Pellentesque et nunc felis sit urna tempor nisi at ornare aliquam tempus tellus malesuada Morbi lectus Nam at vitae congue Donec tempor interdum Cras pulvinar montes vitae gravida laoreet massa vestibulum Pellentesque ultricies Fusce tincidunt bibendum justo felis quis Orci tempus risus Cras at magna interdum et venenatis quis facilisis vitae erat auctor ut Donec augue sed erat consequat tempus at in elit aliquam elit Ut luctus Nam dolor ridiculus nisi penatibus nibh porttitor at at et Pellentesque molestie Cras imperdiet scelerisque fringilla vitae faucibus Nullam volutpat velit malesuada scelerisque posuere metus lacinia dolor at quis sit mi tincidunt id tincidunt eget vestibulum laoreet ligula est faucibus Phasellus Fusce fringilla nisi felis eros risus interdum tempus interdum in eros vitae congue dui fringilla vel sit facilisis risus quis mattis ac blandit tempus risus Fusce fermentum sem tincidunt condimentum laoreet tellus accumsan dapibus non amet varius quis id dolor elit est at Donec Ut massa volutpat '),
(368, 870, '2019-07-07 19:04:37', 'eget a tincidunt ipsum tempor tincidunt eget quis nec tortor mattis suscipit velit Sed odio sit augue non tempor mi augue bibendum ut et malesuada pulvinar laoreet dapibus vel Nullam turpis vehicula Nunc neque faucibus quis vitae laoreet ipsum quis semper laoreet Donec gravida quam sapien interdum Donec Fusce egestas erat montes libero commodo sed magna turpis elit in nascetur commodo risus eget in non tempus nisi varius venenatis eget orci Etiam at pulvinar ipsum vitae sagittis magnis porttitor egestas laoreet accumsan parturient molestie tellus Etiam vitae sagittis consequat felis erat laoreet odio Vivamus velit molestie nisl vehicula imperdiet Nunc neque pretium placerat nunc mus adipiscing vestibulum luctus at in auctor neque nec efficitur at nec vitae at urna cursus dui accumsan id libero ut faucibus congue nisi dolor interdum malesuada vel ornare Morbi vitae mi ac blandit risus viverra urna Ut fames vitae nec est lorem penatibus tempor Vivamus at dui nulla pellentesque Donec et Quisque non mi vulputate a ultrices sem quis quis Mauris nisi Cras vel et risus non elit posuere vitae Fusce amet at elit vehicula quis eleifend ut scelerisque ante id sagittis elit quis adipiscing eget luctus vel sem a erat magna consequat est condimentum quis ipsum Cras gravida mi Donec consequat sit elit scelerisque purus eu quis orci neque sit faucibus non rutrum dui In ligula Integer id tortor neque pulvinar natoque justo blandit sem posuere sapien magna vel fermentum nisi '),
(369, 871, '2019-11-13 16:49:58', 'nunc dui erat odio consequat ultricies Proin bibendum ullamcorper Interdum mattis Lorem vitae vehicula id tellus tincidunt sapien vehicula natoque Vivamus ornare malesuada condimentum Morbi neque Nunc dapibus feugiat neque est diam laoreet enim blandit neque vel Donec felis dis scelerisque justo tempus odio nec bibendum neque congue sit eros elementum Pellentesque egestas posuere a odio dui at velit nisi nec penatibus congue lorem sapien pulvinar mattis scelerisque sagittis nisi quis eu dolor sed iaculis at faucibus massa vel risus odio Morbi in et quis dui fringilla est neque pellentesque quis nisl lobortis iaculis placerat Fusce odio magna magna fames consequat fringilla non risus risus Nullam dui congue blandit at sem vel ac Orci Fusce tincidunt in suscipit eu Etiam Nunc velit mattis fringilla risus consequat fermentum efficitur feugiat sed elit justo odio cursus quis non interdum varius ac Vivamus ultricies maximus purus imperdiet molestie libero at elit purus faucibus eget ligula accumsan iaculis elit Pellentesque molestie Pellentesque tincidunt ultrices quis nec Quisque egestas mattis odio dolor Nullam finibus Donec quis faucibus in sagittis laoreet egestas Sed nisl rhoncus nisi ultricies et erat et malesuada vitae dapibus fringilla molestie vel neque iaculis mauris scelerisque vestibulum neque Ut congue egestas sem varius ipsum Morbi velit Donec molestie nunc accumsan diam mi sed parturient in malesuada auctor velit nibh tincidunt non libero Quisque nisi quis purus justo Pellentesque a interdum rhoncus sit Etiam tempor Vestibulum sem vel Vestibulum '),
(370, 872, '2019-10-16 19:51:56', 'et ipsum dolor est nisi interdum et sit vehicula nisi Donec auctor commodo pulvinar nisi quam sed ridiculus diam nisi sed eros tincidunt non mi quis erat augue eget in tincidunt libero tristique erat ultricies nisi viverra est tempus laoreet erat egestas Vivamus Donec ornare Interdum erat mattis magna fames Morbi fringilla elementum in molestie eget eu varius elit in pellentesque ornare turpis condimentum ornare Morbi dis ridiculus a odio vitae tempor ipsum Donec erat Proin adipiscing tristique varius gravida ultricies eget sit Donec at ex Suspendisse Fusce egestas mi consequat blandit mattis tincidunt mattis mattis sed nibh Nullam Orci nisi maximus rhoncus magna auctor amet in ipsum orci diam et Mauris scelerisque Donec tellus Fusce Phasellus vitae pulvinar sapien dolor ac ex feugiat elit erat Nullam non at adipiscing sapien tincidunt erat velit mi vitae molestie facilisis gravida quis in neque eros nec quis bibendum et ante '),
(371, 873, '2020-01-06 06:07:31', 'orci feugiat Mauris purus nibh fames in laoreet scelerisque varius tincidunt Vivamus maximus in parturient ligula eu Quisque egestas dignissim vitae natoque quis parturient in parturient et justo odio Phasellus sem Nullam purus iaculis egestas at diam et neque orci quis dolor ipsum orci eleifend non nunc pulvinar fringilla nibh maximus ullamcorper montes eu et consequat tempor sapien risus porttitor varius Interdum id dis montes quis dui est Cras in nisi eget Cras nascetur tempus mattis augue Orci Phasellus id elit facilisis Morbi arcu eu penatibus pretium Donec maximus Nunc neque sit faucibus quis justo vulputate scelerisque in quis nisi arcu vel vehicula Vivamus justo amet amet magna vitae leo semper Morbi a lorem varius erat dis congue interdum eget fermentum lobortis condimentum elit vestibulum fringilla libero varius eu Donec sapien at molestie Donec dignissim laoreet nibh Cras arcu in est at vel vehicula nascetur varius pulvinar tristique justo Donec Morbi lectus vehicula eu leo quis purus ipsum Nam metus justo lacinia finibus erat pellentesque vel feugiat felis sapien Proin fermentum neque interdum pulvinar tincidunt odio consequat faucibus vitae eu Nullam congue interdum sed parturient scelerisque ac eros eget dis at neque molestie neque euismod luctus In vel et ut ipsum maximus molestie primis vel in Nunc sem a nec scelerisque vehicula vel sagittis Nunc maximus auctor risus orci fringilla eget fringilla tempor ultrices ac maximus nunc Phasellus in egestas erat neque id odio diam Nullam nisi a quam nulla Nunc lorem vitae volutpat quis elit erat parturient fermentum accumsan pulvinar commodo vitae egestas elementum erat elit Etiam mi nec arcu nec maximus vel est Pellentesque vel arcu euismod neque vitae tincidunt nec nunc Suspendisse accumsan Lorem Donec a vel at Mauris nunc tempus eget vulputate pharetra risus ultricies scelerisque feugiat magna amet vel magnis parturient Nullam sed semper est fringilla imperdiet auctor pellentesque in magna elit lacinia '),
(372, 874, '2019-10-17 21:32:42', 'amet ultricies viverra tempus Fusce suscipit Cras a ante velit ornare sit in urna orci Donec in Donec a fringilla Cras Donec erat vulputate ornare penatibus ipsum volutpat nisi ultricies ridiculus nunc neque eu Pellentesque vehicula in ligula Nunc elementum eleifend tellus rutrum Morbi enim vel vitae ac ac nisi varius egestas sem nec bibendum at eu tristique vitae dui pellentesque eleifend ac nibh Orci fermentum justo elementum et neque fringilla neque leo primis justo sapien ultrices laoreet dapibus sodales mi congue justo egestas viverra efficitur felis et Nullam interdum lobortis vitae vitae egestas non risus fermentum pellentesque urna enim nisi mi vel pulvinar purus urna Vivamus arcu vehicula dolor interdum pulvinar pulvinar dapibus semper in non Aenean et orci id et neque euismod convallis ipsum Nullam sit cursus odio scelerisque Donec ornare fermentum augue sit a Ut ipsum pulvinar neque velit pulvinar et magna tempus in luctus mi adipiscing condimentum molestie posuere Vivamus interdum sem dapibus congue at vestibulum erat amet eros elit amet commodo risus ornare maximus tincidunt eu fames Proin velit purus in lobortis scelerisque amet nisi primis justo vel neque ac eu posuere ipsum a neque feugiat Mauris quis laoreet magnis lacus convallis quis quam ut est nascetur a arcu condimentum montes sem commodo Lorem adipiscing urna volutpat diam at vel et scelerisque in mi ipsum tempus commodo '),
(373, 875, '2019-06-03 12:13:07', 'Donec a neque tellus purus quis eget diam dolor ipsum ex pellentesque Nunc vel mus nunc sit neque pulvinar at ut odio neque justo est Donec amet luctus euismod orci lacus vel ac feugiat neque ut Fusce Sed tincidunt Nunc ex Integer molestie massa urna quis sodales ridiculus nec nec risus ac elit consequat ex consectetur pulvinar vel condimentum quis lacus nec fringilla elit accumsan nulla Ut massa magnis viverra et laoreet in tristique malesuada ultricies gravida eu interdum ornare congue Orci gravida erat tortor Mauris viverra at elit quis velit id interdum tortor nulla in malesuada semper eu vestibulum eu Integer mi diam Lorem ullamcorper pharetra Quisque nisl eget laoreet luctus Orci Vivamus sit pulvinar Morbi nec Fusce dui Donec non sem quis at nascetur at Nam consectetur in Quisque penatibus odio vel in at Suspendisse Nullam a eros luctus diam nisi quis euismod varius lectus eu tortor fermentum dolor magna tempor felis et lorem Fusce bibendum sed in massa ipsum laoreet diam magna Suspendisse nisl Ut eu magna Vivamus vel Proin ultricies pulvinar massa tincidunt Pellentesque augue Etiam aliquam finibus consequat efficitur enim pulvinar in odio velit faucibus at nisi posuere ridiculus vel at erat tortor gravida Quisque tellus ut congue quis vel felis lacinia varius quis Cras condimentum risus ultricies congue tortor quis vestibulum aliquam Morbi bibendum quis ornare quis a vitae dui Nunc fringilla quam Nunc ipsum ipsum arcu congue porttitor neque ornare dui nec ex faucibus ullamcorper Cras odio at eu dolor accumsan sit sapien porttitor tempus orci vel facilisis gravida maximus purus nec feugiat vestibulum ex sit orci rhoncus vestibulum ex ac Interdum congue ut ultricies et ullamcorper rhoncus id lacus sit ultrices ipsum luctus Donec montes velit dolor Vivamus elit parturient mi ac nec Donec nunc sapien nec felis ullamcorper varius a elit mauris magnis tellus risus nisi a vehicula est maximus nec fermentum laoreet faucibus laoreet maximus Interdum enim scelerisque Pellentesque Proin elit Quisque et Nunc sapien adipiscing Mauris In dolor suscipit lectus magna eu ipsum varius quis neque metus scelerisque a augue velit ornare faucibus vitae nec accumsan Donec magna volutpat Proin eget neque iaculis ipsum Mauris condimentum dignissim arcu nisi justo lorem vitae Fusce Donec ultrices leo vitae fermentum Morbi justo risus vel tincidunt Fusce feugiat iaculis dui Pellentesque elit tincidunt tellus ut Cras sed ac feugiat velit fringilla nascetur urna commodo fringilla bibendum ultrices gravida quis felis fermentum vestibulum massa ipsum ipsum euismod congue in tempor mi odio pellentesque aliquam dolor Donec fringilla consequat nisi sem suscipit lectus Morbi pulvinar in id nisi neque Mauris gravida lectus Proin Donec '),
(374, 876, '2020-02-04 15:13:29', 'maximus Mauris tempus urna vel dapibus eget quam Donec eget Integer Interdum et quis Donec felis euismod lorem dis nec quis ut facilisis et turpis odio fames facilisis eu Phasellus in in massa quis erat erat nisi in turpis purus Quisque sapien Orci consectetur scelerisque non vulputate ornare magna vitae sagittis est facilisis finibus et natoque natoque sapien tincidunt scelerisque fringilla nisi a a ante convallis Nullam quis erat posuere fringilla Donec at viverra in eu mi quis justo Donec scelerisque nascetur ipsum accumsan nisi interdum dapibus fermentum iaculis augue est velit dolor vestibulum vestibulum dolor pulvinar Nullam Donec mattis Fusce diam pellentesque ex mi eu Quisque laoreet eu montes Quisque felis Donec eu Fusce magnis vitae congue magna ipsum est nec dolor In odio id congue pellentesque et sit amet et iaculis finibus Mauris justo sapien accumsan id magna erat ac Nullam nisi massa magna volutpat ante nisi est elit eu bibendum Nullam a Morbi eros cursus pellentesque blandit iaculis pellentesque vehicula malesuada in elit sagittis scelerisque orci tincidunt at Phasellus imperdiet pellentesque orci scelerisque laoreet ornare Orci erat primis penatibus justo facilisis vehicula justo Aenean neque eros pellentesque diam viverra Donec tempor ac imperdiet ligula nisi fermentum interdum elit erat erat nibh ligula Donec a egestas at odio nec ac quis ridiculus vel Donec sapien Orci accumsan iaculis arcu lectus ullamcorper dolor consequat enim ultricies quis id elementum iaculis arcu pulvinar feugiat arcu commodo interdum ornare vestibulum diam faucibus ipsum feugiat sapien Mauris volutpat vitae laoreet pulvinar Fusce laoreet amet sagittis id Cras Nunc dapibus est sit Cras purus a commodo bibendum est luctus sit tortor vitae accumsan Sed elit elit congue ipsum pulvinar ultricies luctus euismod Phasellus magna accumsan condimentum nec pretium sed cursus congue pellentesque nisi at condimentum in montes mi molestie luctus arcu dignissim ligula neque Fusce quis et maximus facilisis at ipsum varius et viverra sem natoque at varius et Phasellus Fusce amet nunc sagittis Phasellus luctus nunc vel orci at egestas tristique neque gravida ultricies sed eget posuere elementum pulvinar in Cras sem vestibulum Mauris rutrum a ultricies vel at at at dolor lorem urna sed ex orci erat et et sit iaculis feugiat quam dolor lorem dui finibus sem ac facilisis nisi feugiat feugiat at Nullam eros velit sit odio sodales justo luctus porttitor blandit at vitae Mauris enim quis placerat diam ultrices ultricies interdum magna Aenean quis Nullam interdum Nunc vitae Donec finibus in Donec magnis nec sem Donec malesuada efficitur facilisis fringilla dui Fusce molestie penatibus quis purus tempus convallis amet nibh dis accumsan sem et volutpat maximus nec erat et risus quis commodo felis natoque convallis Mauris eu egestas non non nulla fringilla est nascetur eu diam maximus eu dui nisi maximus quis elit dolor vel iaculis tempor fringilla tincidunt arcu nibh Proin fringilla neque mi vel a eget Sed mauris maximus metus nec a tincidunt Donec eu quis ac Cras semper Donec facilisis vel Morbi sem Donec porttitor tincidunt faucibus nisi '),
(375, 877, '2020-02-14 01:50:43', 'neque In accumsan ipsum ultrices viverra consectetur purus Nunc eros vestibulum mi vestibulum Nunc fringilla mus dignissim eget purus Nullam sit ipsum Mauris ac maximus ut elit laoreet condimentum dolor congue non Proin elit penatibus condimentum Fusce nec orci erat mus ridiculus gravida in dolor mi tortor quis Nullam viverra nunc felis iaculis ac Proin maximus neque Fusce Pellentesque nisi ante massa tempor quis Cras molestie finibus ligula sit in Fusce Vivamus Donec vel egestas eget magna fermentum tortor sed a fermentum sapien Donec Fusce vehicula purus laoreet Proin odio posuere Integer lacinia arcu Donec risus in eros pulvinar Mauris Cras tempor parturient enim vehicula Donec quis nisi mattis sed ipsum ante leo ornare lorem odio neque ridiculus Pellentesque ultrices ipsum justo luctus elit laoreet vel tincidunt velit Nam a luctus mattis odio in convallis Fusce quis augue rutrum volutpat condimentum placerat Integer a scelerisque scelerisque mi Donec quis penatibus libero Fusce laoreet quis in aliquam pharetra et porttitor lacinia Nunc sem scelerisque placerat neque at Etiam Nunc volutpat mi magna odio ipsum Quisque dapibus Donec at feugiat erat magnis neque vestibulum sodales justo placerat diam massa mi faucibus nunc Donec augue vel nascetur risus velit ut imperdiet diam mauris magnis dapibus Integer malesuada tortor sagittis laoreet orci faucibus vel bibendum scelerisque ut quis laoreet tortor tortor congue lectus Vestibulum felis non neque nec sodales lectus nec Cras eget penatibus in velit quis a non ac vitae odio porttitor mi urna nisi viverra Aenean dolor mi vitae Proin eleifend vestibulum id nisl diam nunc justo molestie mattis vitae Nunc Vestibulum luctus scelerisque volutpat lobortis mi tortor a sed eget eget vestibulum porttitor vel eget felis diam nulla ut blandit risus eu ipsum vel enim scelerisque dis risus Ut est fermentum est Donec in leo malesuada eu molestie accumsan lorem gravida tincidunt laoreet sit id pellentesque quam quis semper at ipsum Donec vitae Proin nisi et dolor mauris commodo quam quis maximus rutrum auctor sit justo neque natoque lacus diam vel a at parturient a erat commodo ultricies urna imperdiet Nullam vulputate eros mi tempor congue risus nascetur eleifend egestas purus suscipit elit tincidunt maximus quis vitae nec quis mus ipsum Cras Nunc Nullam mus natoque sed at ipsum quam nisi magna sem fringilla vehicula erat mattis ipsum scelerisque scelerisque Nunc porttitor velit Interdum erat amet quis ultrices fringilla fringilla Nullam Proin sit interdum Vivamus at bibendum tortor eget Donec '),
(376, 878, '2019-11-17 00:16:19', 'justo vitae suscipit mi amet nec euismod maximus in maximus et dapibus lacinia ipsum in eget risus vel tempus ipsum at nec orci fringilla Nullam nec risus felis Orci egestas vehicula Fusce purus natoque neque orci mattis commodo Lorem malesuada tincidunt eu orci ipsum nec elit congue sit quis eu nascetur ac mi ornare nascetur quis Pellentesque maximus dolor lacus consectetur quis maximus odio laoreet adipiscing et vulputate feugiat vitae Fusce in Donec a scelerisque feugiat ante eu ut nunc at dui mi Nunc enim eget ex magnis libero Donec tortor in Fusce Donec interdum nunc quis ipsum est eleifend dis neque auctor tempus velit est amet at luctus mi libero vel tortor molestie commodo arcu vitae non pulvinar Interdum ex a non massa Fusce neque nulla nec vulputate suscipit a justo vel est eros eros parturient risus dapibus aliquam maximus sapien eget est molestie Morbi quis risus lorem Nullam tellus nec lorem Mauris eu pulvinar lorem dis eu quis tincidunt aliquam arcu in nisi maximus Nam neque velit libero blandit orci Ut odio sapien Donec odio magna nisi gravida est Pellentesque tempor volutpat lacus est ipsum odio Integer in magna feugiat Vestibulum pharetra vestibulum sagittis nisi laoreet erat luctus erat nascetur gravida risus vitae eget magna nulla turpis turpis quis sem quis tincidunt sit maximus nec Orci quis risus diam eget faucibus at nisi at mi tincidunt at ante tempus felis odio Mauris sed ac feugiat gravida risus parturient sapien Proin velit auctor Interdum tincidunt lacinia ridiculus montes nisi eget Cras sit luctus natoque in vestibulum maximus nec vestibulum vestibulum vehicula a consequat finibus non at tincidunt mi erat quis nec suscipit condimentum tempor nisi sapien magna tellus ipsum dolor pulvinar odio lectus Morbi nulla neque tempus vitae lectus quam fringilla tellus a accumsan diam adipiscing ornare erat tempor sem ante pharetra convallis a tellus velit ');
INSERT INTO `proposal_content_history` (`id`, `proposal_id`, `date`, `content`) VALUES
(377, 879, '2019-08-29 17:49:50', 'ornare ipsum vitae erat malesuada Donec accumsan quam nisi lacinia pulvinar elit orci neque vitae a egestas viverra Donec ipsum consectetur Morbi Morbi amet Mauris at mi sit lacus Donec dapibus Proin tempus volutpat libero natoque mus dui quis eget erat tristique nulla quis condimentum congue Cras ex tellus nibh pretium id Proin ullamcorper erat commodo quis vehicula sapien quam eget maximus laoreet at vel elementum pulvinar lectus mi ante pulvinar dis Donec quis vehicula dis tempus justo a varius diam maximus nec luctus odio condimentum tempor scelerisque a ornare neque Etiam lorem eu congue ac libero bibendum vel pellentesque ipsum Cras Vivamus molestie amet rutrum interdum lacinia mi interdum porttitor felis pulvinar Morbi et maximus nisi mattis Vivamus ornare risus ridiculus bibendum neque mattis justo Orci in nec elementum dui euismod Quisque Fusce mi lacus laoreet mattis rutrum est Nullam velit tempor a Fusce luctus enim maximus parturient Donec at Proin dui sem Quisque in imperdiet non egestas nisi Cras laoreet interdum vitae leo id viverra magna ante vitae magnis eget sagittis sit dui Ut a Proin ultrices at Nullam scelerisque non mi Nullam vulputate laoreet vitae imperdiet diam in Mauris quis sit non Orci Donec Donec Mauris iaculis id nascetur accumsan ultrices neque nisi Donec ullamcorper sit sem nascetur Nullam vitae Nullam sit Proin ridiculus amet vitae condimentum molestie sem suscipit eu enim erat purus nec quis vulputate Ut sit vehicula pellentesque fringilla commodo mi auctor vitae sagittis eu Cras sem eu tortor pellentesque dui erat pulvinar Pellentesque mattis a quis fames lacus Ut ornare ante nec facilisis arcu tincidunt commodo montes eu dis eu molestie at diam lacus nulla natoque sem vitae sit dolor sit pulvinar lorem scelerisque molestie ut Vivamus commodo Etiam nisi velit faucibus vitae penatibus Donec venenatis condimentum pulvinar vestibulum ipsum massa justo est consequat blandit tempor Pellentesque urna ac Pellentesque Ut tempor enim Mauris elit eu libero ultrices vehicula ornare et nunc eros primis erat et ut malesuada ipsum nulla id ornare maximus Donec a malesuada luctus ultrices congue tincidunt purus quis semper sem id ornare gravida Morbi at libero sem at Pellentesque scelerisque commodo tempus vel tellus quis eu in Interdum in mi ac Nullam dui et neque lorem montes in et Phasellus lectus sapien porttitor congue ornare laoreet nisi Donec quis a feugiat dolor at adipiscing ex efficitur euismod '),
(378, 880, '2020-02-02 02:21:14', 'vitae sem magna interdum consectetur ridiculus magna quis lacus vitae ornare et quis viverra amet ipsum fringilla diam condimentum Mauris laoreet Donec nec neque nec tristique tempor mauris imperdiet sagittis vehicula laoreet ullamcorper lobortis Donec faucibus varius scelerisque faucibus id tempor neque nec lobortis dolor in felis pulvinar felis laoreet rutrum commodo a justo lectus Phasellus mus Cras a lorem ornare Fusce felis maximus nulla et ac luctus eu Morbi Donec fermentum accumsan molestie a purus commodo neque nisi urna varius erat porttitor porttitor vitae pharetra non justo Nunc pulvinar neque posuere luctus elementum fringilla ante ante elit et Donec Morbi Donec nulla ornare quis justo nunc nec magnis arcu Etiam Etiam Proin nec ipsum tincidunt ullamcorper ultrices commodo iaculis Mauris venenatis Donec ac odio amet a pretium blandit lorem magna neque fermentum scelerisque ex nisi ornare Donec egestas sit nunc gravida condimentum Integer feugiat turpis pellentesque massa laoreet a a neque Proin mi parturient nec Mauris viverra purus in amet Donec dui eu neque commodo augue dis neque Nullam purus ipsum fermentum Cras Vivamus gravida vulputate blandit accumsan nisi montes et eros leo malesuada vitae laoreet neque in tincidunt Nunc lacus fermentum luctus vel tristique eu ultricies varius metus ipsum ultrices commodo at Aenean nisi sit pulvinar sit faucibus dolor nec a porttitor at Ut Donec scelerisque viverra facilisis blandit vestibulum lectus montes natoque pellentesque magna nec mi odio erat vel vel lorem vel Pellentesque congue dolor risus Donec Pellentesque natoque Quisque quis porttitor mauris quis sit nec dolor Donec gravida erat pulvinar nulla Morbi Morbi lorem massa Morbi eu elit Quisque egestas varius risus sit tellus lacus vel sem Aenean faucibus varius quis velit eleifend maximus dui Mauris vitae ex sagittis Fusce Proin non nisi in eu odio odio adipiscing interdum quis velit in scelerisque ac eu neque nisi facilisis eu risus varius ante maximus Sed et nascetur quam nibh malesuada purus malesuada id gravida Morbi fringilla laoreet Nam a pulvinar pulvinar urna diam Donec arcu Nullam sapien tincidunt viverra dui ac luctus lectus neque Suspendisse orci in Nullam arcu ante at Mauris elit fringilla neque tempor sagittis sed In eget volutpat at risus non velit quis porttitor at tortor ut commodo ipsum justo id nec tristique nec sed maximus sagittis congue faucibus neque orci vehicula libero odio arcu ridiculus nisi nunc odio Proin a nisi maximus consectetur risus malesuada ipsum primis ut Etiam tempus In tristique lectus commodo Nam Nunc velit enim tincidunt commodo eleifend justo fermentum faucibus lacinia tellus tincidunt Mauris vel vitae venenatis augue dui elit '),
(379, 881, '2019-07-28 20:59:56', 'tempus a luctus aliquam ligula erat tincidunt Aenean nisi arcu Integer pulvinar at sapien in diam posuere diam parturient faucibus laoreet vulputate interdum convallis at ac ante iaculis efficitur neque vel sem rutrum tortor Integer et luctus risus scelerisque scelerisque pulvinar elementum urna sapien faucibus augue Nunc Donec amet vitae maximus consectetur lectus odio malesuada ac magnis luctus Cras consequat ornare Quisque consequat Mauris Proin at et tellus vel blandit Nullam erat dapibus et velit libero vestibulum sapien feugiat at justo quis vestibulum in lorem Nullam sem dolor ipsum dis semper dapibus lobortis dolor fringilla molestie nascetur primis diam velit dui pretium in arcu arcu velit Pellentesque eget Nullam leo interdum vel Orci eros malesuada Vivamus ipsum tellus accumsan felis est accumsan vitae at neque felis egestas sed ipsum erat Morbi a at blandit augue tincidunt justo dapibus suscipit pulvinar fames quis interdum augue a iaculis eu Nullam luctus odio vel tempor diam montes faucibus diam maximus sapien elit eget vitae ex consectetur Cras ipsum ipsum ac sapien neque scelerisque felis bibendum dapibus purus sagittis et felis nulla a vitae et libero vel consequat tempus lacus ut nunc at nulla sem pulvinar Phasellus sit neque quis justo varius eros Fusce luctus felis commodo dui Proin varius porttitor nec tempus dapibus sed semper in id elementum vestibulum semper vitae tincidunt pulvinar Fusce dis interdum rutrum '),
(380, 882, '2019-11-14 09:02:21', 'lacinia fringilla arcu Cras vulputate risus montes Fusce justo faucibus dui Phasellus ac convallis nunc luctus et odio interdum maximus ante ac laoreet sed dui ridiculus magnis iaculis ante mattis feugiat tempus consequat Phasellus ante dolor Donec tellus velit accumsan Morbi iaculis vestibulum Nunc Cras amet ex nulla sagittis dolor id vel Donec Integer libero vel Quisque tempor tellus facilisis ex risus accumsan quis montes mauris iaculis dapibus feugiat consequat ac vel in dui a Donec mus Vivamus vel suscipit vehicula nec neque sem Fusce aliquam tempus primis eu ipsum est eu Pellentesque amet Sed fames Ut vitae justo nec lorem bibendum congue sed eu vehicula ullamcorper at varius egestas Nullam consequat augue orci egestas nulla augue Aenean Donec porttitor erat tincidunt faucibus diam elit eros maximus at dapibus pulvinar velit eget dui Morbi quam vitae penatibus lacinia ornare urna tortor justo commodo montes Cras felis nec pharetra ac suscipit feugiat augue Lorem tincidunt mattis in Nunc Donec maximus ullamcorper varius blandit molestie diam Donec Donec at ultrices nisi vestibulum mus finibus arcu maximus finibus odio vitae natoque quis Fusce dis elit vestibulum in sapien congue Nunc sagittis at Donec faucibus neque odio ornare placerat varius rutrum pulvinar lacinia eu massa luctus nisi accumsan commodo nisi lobortis scelerisque est Donec neque sagittis lacus nec tincidunt vel porttitor lectus auctor ut tempor Aenean malesuada natoque felis mattis quis nulla sed eu lorem luctus Integer elit congue sed pretium odio dui parturient quis eget luctus ex in Orci eget Pellentesque nec velit nulla accumsan nunc Suspendisse mattis urna lobortis dolor magnis rutrum ex Nullam ante ac Aenean Cras magna ridiculus dolor vehicula molestie tellus id at quam Mauris quis egestas vel Nullam blandit Vivamus dolor pulvinar fermentum et nisl nisi luctus congue Pellentesque Nunc a et consectetur vel porttitor justo quis Morbi congue auctor quam commodo risus accumsan Cras Donec facilisis luctus eget libero bibendum a vitae Ut at penatibus cursus Nullam sapien ante Lorem eget penatibus sit ac dapibus felis magna montes vel tempor Donec quis Donec justo non sem pulvinar Donec sem ornare felis vel Integer a arcu iaculis lacinia ligula vitae a pulvinar ornare sem eros tempor vitae odio iaculis quis parturient risus egestas molestie maximus maximus Vivamus eros erat rhoncus placerat Morbi faucibus efficitur molestie pellentesque egestas ornare nec lorem sapien libero a consequat faucibus scelerisque primis dui nascetur ridiculus iaculis Pellentesque tincidunt congue Donec at dolor velit in ante lectus ante quis amet vitae leo malesuada vitae tempus ac laoreet ac erat Fusce dui pellentesque Nam a mus elit eget quam amet montes ac nec porttitor felis Nullam Nullam natoque faucibus vehicula dolor Lorem maximus non fringilla vehicula magna eget venenatis interdum malesuada sem tincidunt ornare risus risus mattis ac est vitae id nec volutpat malesuada Fusce vehicula Cras massa Suspendisse viverra odio congue vitae neque adipiscing tellus feugiat nec mi fermentum nec quis consequat '),
(381, 883, '2020-01-19 15:15:51', 'dis a elit posuere vitae Proin Donec augue mattis volutpat dapibus a lacinia sit magnis laoreet et in risus leo a non maximus risus nec tempor magna accumsan venenatis amet ridiculus scelerisque Ut risus purus Nunc dui ex vestibulum Orci lacinia neque arcu orci lacinia Integer elit Phasellus et dui odio a accumsan congue scelerisque non est eu sit malesuada sit Fusce tempor ullamcorper ultricies gravida risus varius nunc elit ac tempor volutpat mattis sed massa elit sapien nec tellus aliquam venenatis ipsum vel sagittis vestibulum semper luctus vel magna nunc a Cras risus Nullam in erat nascetur ipsum libero in Fusce et purus non cursus laoreet nisi mi elit maximus ac elit est in fames risus Aenean nisi ante Cras Pellentesque varius tempus lorem faucibus molestie mi at sit Morbi nisi commodo Vivamus diam libero fermentum lorem mi in porttitor Etiam non natoque malesuada ante sapien Cras montes euismod ornare id lectus Mauris dolor molestie sit vel montes tempus neque iaculis vitae vitae vel condimentum Orci ipsum id tempus ultrices tempor consequat Phasellus risus ex Cras Vivamus accumsan laoreet nibh Nullam vehicula vel lobortis fermentum Integer vitae erat at purus a risus diam mattis maximus a laoreet Cras rutrum neque risus Cras eget magna urna massa Pellentesque Ut arcu molestie elit erat feugiat Integer vel vestibulum sagittis erat pulvinar pretium viverra Proin Donec vitae sem gravida vehicula et Donec dui egestas dui lobortis vehicula Donec egestas egestas Donec ipsum lectus id consectetur tortor non dapibus pretium in euismod felis parturient Nullam ac ornare ex ornare molestie vestibulum nec Ut ornare accumsan ornare erat dolor est sed tellus varius urna sed luctus massa magna est vitae maximus ipsum vel dignissim sapien sed primis vel natoque gravida interdum Nunc auctor primis nec varius placerat ornare Donec quis et mattis tincidunt amet nec viverra feugiat at Phasellus lobortis lacus in Quisque arcu ipsum condimentum Integer odio ultricies sem est nec nec id laoreet vestibulum a enim elit Quisque congue dis aliquam luctus purus suscipit vitae sed Integer consectetur et ipsum sed sit nisi dolor pulvinar in a a nec risus sapien gravida vehicula eu mi eu eu nascetur laoreet vehicula ex Fusce amet nunc mi egestas elit vel quam scelerisque fringilla Pellentesque luctus Nam ultrices laoreet posuere ac Pellentesque scelerisque nisi risus nisi risus diam elit Morbi in Vestibulum Nunc neque sit vel at quis ridiculus vel sit vel varius sit purus dui condimentum placerat amet lorem elit Cras tristique ridiculus faucibus at facilisis Interdum id justo vestibulum Pellentesque vel '),
(382, 884, '2019-11-23 02:10:39', 'pellentesque montes dolor sem nisi ipsum tristique natoque accumsan amet nec Aenean dis tempor ridiculus enim id eros Donec eros cursus lacus ultricies Cras pretium vel volutpat consequat vestibulum cursus interdum pulvinar Cras sapien consectetur vel facilisis eget Cras malesuada natoque pulvinar non diam risus vel ridiculus at eu mattis nisi justo laoreet sem et mus vestibulum Nullam scelerisque dolor faucibus vel vel tempus Integer non porttitor nulla ac velit sit accumsan Vivamus velit Morbi Donec maximus Suspendisse pulvinar placerat Sed nibh ullamcorper maximus erat et non quis odio risus sed nulla lacinia luctus mattis Donec faucibus tempor ut vel dolor quis interdum Donec venenatis et '),
(383, 885, '2019-08-04 04:01:13', 'mi sit montes lacinia est quis urna rhoncus tempor at efficitur porttitor Sed nunc amet ac nulla tempus Cras adipiscing maximus at maximus Integer elit felis non laoreet interdum a sit vestibulum ridiculus pulvinar tempus interdum dui in dui mi felis arcu ligula nisi Donec condimentum at est augue magna facilisis porttitor consectetur odio volutpat eu neque dis tempor laoreet nec id nec lorem id vitae luctus nisi faucibus sem quis Vivamus tortor Donec luctus nisl non erat magna vehicula tempus et maximus eros gravida tempus Etiam risus Sed Fusce venenatis ante faucibus Nunc tincidunt justo facilisis ipsum tincidunt lobortis non scelerisque lorem arcu at Integer eros tempus Aenean at erat sem justo Nullam sapien ligula orci eu laoreet dignissim sed orci eleifend laoreet quis facilisis vestibulum commodo non quis Proin vehicula ante ipsum suscipit penatibus scelerisque et ac vehicula mi bibendum Vivamus posuere quis non et blandit magnis elementum Fusce leo pulvinar facilisis Nullam varius erat quis est fermentum quis accumsan dis maximus Donec fringilla Etiam Phasellus euismod at tellus Ut urna arcu nec diam convallis at risus odio dui odio Mauris nec Ut elit Donec luctus quis justo Morbi Nunc neque viverra laoreet ipsum parturient Interdum purus sem Etiam leo eu fermentum Donec congue nec ac congue molestie gravida neque et nunc egestas ac faucibus Donec augue consectetur vel rutrum vitae ullamcorper magna arcu rhoncus tempor Nam neque varius dolor rhoncus commodo lectus at dis Donec nec consequat Nullam nec eu consectetur risus velit mi bibendum eros Mauris interdum tortor odio Cras lorem ornare consectetur gravida vitae vel sem Vestibulum neque diam ornare erat sodales est cursus dolor facilisis maximus diam primis velit ornare cursus Donec montes fermentum Ut et finibus sagittis arcu vestibulum neque purus fermentum at vitae orci at volutpat Quisque augue Mauris urna lobortis purus commodo congue lacinia a in odio odio est risus sodales eu molestie in Pellentesque odio pretium in laoreet scelerisque vel venenatis a est mattis leo Interdum eget in in sapien egestas vestibulum pharetra erat egestas eleifend nunc nec laoreet nisi nisi Proin risus id porttitor ornare molestie Nullam sit lacinia in elementum sapien augue a luctus nec Ut nascetur Vivamus orci Morbi tellus diam eget sit tellus eu velit convallis lorem fringilla ac in mi et fermentum vulputate consequat Nunc arcu orci congue congue vitae nec risus dolor placerat quis Ut quam non porttitor fringilla malesuada vitae quis ipsum risus nec odio rhoncus Ut odio aliquam vestibulum auctor molestie odio aliquam magnis Nullam '),
(384, 886, '2019-10-22 05:18:08', 'tempus nunc venenatis Fusce odio sem luctus et sit tincidunt nisl maximus odio penatibus gravida sapien scelerisque adipiscing diam Suspendisse dolor sit Proin maximus ornare tempus accumsan commodo venenatis sit vel erat est at fermentum dapibus tincidunt erat odio amet malesuada consequat nec varius amet malesuada efficitur Ut sed eget eget est Donec Proin id posuere fringilla blandit Morbi quam Nam consequat non odio eu In nec fames eu dolor sit nunc fermentum ac fringilla quis fringilla pretium neque nisi sed faucibus consequat in lorem velit consequat neque nec eu mi mattis amet convallis tellus sem luctus Integer a laoreet laoreet diam elit Nullam egestas vel eu Nunc Fusce mus faucibus a ante nec nisi vehicula malesuada non nunc ridiculus fames elementum gravida nisl malesuada ridiculus venenatis arcu a dui luctus Nunc elit venenatis sed Fusce vestibulum lorem in elit suscipit in id erat Mauris elementum finibus congue mattis tempus diam Quisque vehicula quis nunc vitae amet urna vestibulum lacus laoreet Ut accumsan interdum feugiat sagittis quis fringilla a Fusce auctor amet feugiat ridiculus congue id justo auctor ultrices Donec sapien adipiscing ac dolor in consequat Pellentesque mattis mattis ante purus gravida mi ac sit dolor mattis accumsan vel Integer commodo a felis amet justo mattis justo sagittis tortor vehicula quam ultricies placerat vestibulum ornare commodo Quisque in Donec pellentesque congue arcu nec finibus erat libero odio tellus montes tincidunt Mauris Aenean quis vitae mus sagittis vulputate fringilla Fusce eget Interdum volutpat at mi et sit purus Proin risus mus felis Mauris sem elit nec lorem natoque justo neque vitae accumsan eget lorem accumsan Ut venenatis Aenean justo risus Integer Proin eget eu eleifend lobortis a vitae eu erat rutrum eu nec commodo elit nascetur a finibus Fusce tempor erat faucibus varius erat elementum ligula elit ullamcorper auctor elit sit Pellentesque a laoreet Morbi ipsum viverra dolor amet et maximus Nullam ipsum dis tempor sed parturient id accumsan ultrices nunc montes Nunc in vel facilisis tortor vitae amet purus suscipit sed justo ac quis porttitor sapien Phasellus est congue Nam mattis dolor feugiat ante velit est lorem Pellentesque finibus nec vitae Quisque blandit tincidunt pulvinar Morbi non velit Pellentesque commodo fringilla erat magnis mus amet maximus fermentum parturient feugiat fermentum congue ipsum varius dolor '),
(385, 887, '2019-09-21 06:04:51', 'justo mus a tempor consectetur mattis tellus accumsan iaculis et eget Fusce eget quis dui diam Fusce sit eu mus fermentum dignissim gravida urna elit laoreet posuere elit vehicula malesuada tortor turpis iaculis gravida Orci diam lorem sodales pulvinar metus imperdiet laoreet tellus molestie non Orci luctus viverra justo fringilla diam consectetur Quisque nec nibh gravida in consequat finibus laoreet nec erat nulla eleifend tempus Etiam Suspendisse ipsum eget vel volutpat eget nisi eget Etiam sit nascetur orci et Donec et laoreet vehicula vel neque auctor maximus mi ornare quam pharetra suscipit elit malesuada condimentum Pellentesque Pellentesque interdum finibus ridiculus eget condimentum nec mus Donec condimentum vitae ipsum maximus pulvinar augue Orci consectetur sem amet et in vel metus id tortor felis neque finibus vel blandit consectetur luctus ipsum ipsum vehicula erat felis dolor feugiat augue cursus eget feugiat purus blandit sapien mattis Donec ut a erat mus amet eget faucibus scelerisque nec Morbi ultrices elit magnis risus erat augue vestibulum accumsan at mattis Nullam quis Donec sed ipsum ac penatibus Ut nec eget fermentum fermentum nec bibendum vel et dui In dis dapibus dolor mi ultricies Phasellus vel fermentum odio condimentum tortor amet purus id Vestibulum Orci Mauris Donec pellentesque ante Pellentesque eu elementum ornare Nullam condimentum accumsan Ut nascetur cursus enim nunc Fusce vel tortor convallis In in accumsan orci sit non maximus natoque pulvinar Ut commodo tincidunt maximus in tempor eros nibh eros vehicula Donec Donec sit justo erat augue finibus dui vitae quis nulla justo Nullam nec Nullam nunc eu quam non magna ex ipsum ipsum massa magna Nullam lacus magnis gravida laoreet in nec laoreet ut Cras malesuada nisi est felis ex dui neque Fusce Fusce cursus Morbi tincidunt pulvinar finibus ac vel quam quis Fusce suscipit Donec rhoncus dui magna nec laoreet eu ex laoreet risus '),
(386, 888, '2019-09-03 17:57:28', 'lacinia molestie Nunc ultricies faucibus Morbi elit eros purus at pulvinar quis risus adipiscing a facilisis est Fusce arcu in odio mauris iaculis velit arcu sit adipiscing odio in at interdum Mauris vestibulum volutpat justo posuere euismod nec erat Lorem ac ridiculus molestie odio Donec sed egestas arcu lectus Pellentesque amet ante purus tellus tortor a lorem magna in Donec urna amet nisi erat cursus erat risus congue fermentum faucibus Morbi id velit purus venenatis aliquam Lorem eu massa dapibus In Nunc blandit in eu Nullam vestibulum Etiam nisi enim metus erat vel placerat rutrum nulla natoque erat et vestibulum tempor natoque ultricies nisi mi eros Sed commodo Orci justo Vivamus nec scelerisque libero ante Cras sapien luctus dapibus Orci eget parturient quis euismod felis viverra justo libero ac Etiam metus ultricies vel dolor luctus nisl magnis risus non vestibulum rhoncus placerat maximus odio consectetur orci mi metus nec parturient mattis nascetur Pellentesque tincidunt sem Integer risus magna erat et neque porttitor accumsan ac neque eget tempus nec euismod turpis Proin congue efficitur dignissim egestas Nullam at Proin ante malesuada Donec at vestibulum felis fames dis et gravida luctus erat Mauris justo cursus neque erat Vestibulum dapibus nunc dolor nisi quis ultrices interdum blandit a augue nec ac ridiculus sem ipsum in montes non eget risus diam amet sem purus Fusce vehicula Quisque Phasellus neque congue quam in faucibus risus natoque neque eu laoreet in at tortor quis tristique Sed Lorem dui sed condimentum augue elit Suspendisse interdum Donec elementum nunc magna risus Nullam est ipsum eu amet diam montes ullamcorper magna non Donec eget rhoncus mi elit tempus ac ac varius Lorem sem at dui ut dolor fames non feugiat id at non iaculis quis nec consectetur Vivamus in sodales neque fringilla In at pulvinar Vestibulum a varius Fusce natoque risus sit Donec vel nisi fringilla felis Cras blandit dolor faucibus ipsum vitae purus euismod diam interdum vel congue sit Orci odio mauris accumsan eleifend in dolor Cras tellus augue neque mus gravida a amet scelerisque aliquam velit pellentesque cursus blandit velit in felis et eu ipsum vel tortor urna urna ultricies lobortis tempor varius Nam Fusce fringilla scelerisque quis tellus quam Nunc laoreet neque ligula vehicula velit orci eu in sagittis scelerisque congue condimentum erat bibendum Pellentesque vestibulum luctus Nullam dolor amet pulvinar tempor luctus Phasellus tempus tellus quis ac eu arcu a varius molestie ac urna maximus ornare tempus pulvinar suscipit dis cursus nisi magnis augue pulvinar id penatibus malesuada at vestibulum elit arcu fermentum suscipit ut Nullam Fusce neque quis dignissim tortor elit lorem velit sapien Fusce tempus nibh a at sapien egestas at faucibus lorem Proin amet in quis eget nec quis eget quis euismod mi quis augue finibus erat eu odio mattis neque ridiculus Vivamus odio Donec iaculis dolor facilisis fames varius ipsum '),
(387, 889, '2019-08-07 04:36:05', 'et mattis ac velit Ut Orci accumsan pulvinar penatibus enim feugiat sagittis elit eu erat nisi condimentum pharetra diam dapibus augue magna odio blandit dolor interdum tempus quis rutrum nisi tellus ornare condimentum molestie laoreet vehicula pharetra maximus Vestibulum Aenean purus risus amet ut ac ultricies nec non eget interdum Donec in auctor accumsan dui non et Donec eu odio amet nisi Nunc ac vel luctus urna viverra tempor mattis malesuada commodo In Nullam tincidunt consequat tortor felis malesuada sagittis gravida imperdiet maximus eu nisi interdum erat efficitur malesuada accumsan nec penatibus Mauris Proin ac semper varius lacus facilisis viverra eget in eu vel nec magna pulvinar neque justo vestibulum nascetur quis molestie elit vel penatibus erat molestie enim ligula Fusce vel varius ipsum erat viverra elit ipsum mus justo fringilla Phasellus risus sed varius vestibulum dignissim sed nunc quis vel interdum consectetur et nulla Donec accumsan ex sem congue arcu urna placerat elementum neque et molestie suscipit Morbi lorem Aenean aliquam erat sem tincidunt non quis luctus malesuada libero Fusce tellus accumsan dis quis est Orci quis nisi viverra dui sit dolor id eget nisi scelerisque nunc vel eget molestie erat fermentum Mauris Nullam ac viverra varius tellus a tempus blandit augue est dolor parturient vitae dapibus tempus varius gravida interdum vel suscipit Fusce Fusce primis risus adipiscing Pellentesque vitae nascetur in faucibus Fusce nisi dolor laoreet interdum risus Donec viverra pellentesque a neque id in ultricies fames Vivamus Pellentesque Nunc tempor pulvinar sem fermentum consequat orci vehicula maximus Mauris pulvinar lorem vitae nisi ex Pellentesque Vestibulum luctus viverra non eu in vitae porttitor maximus lectus ac ornare tempor luctus id '),
(388, 890, '2020-02-08 03:39:43', 'at vitae risus tincidunt et aliquam purus dolor nec pulvinar faucibus est ipsum viverra Donec Integer a suscipit parturient metus egestas nisi mi nascetur neque faucibus est Nullam faucibus odio et eget consequat vitae pulvinar amet scelerisque feugiat sit tristique placerat interdum accumsan porttitor diam tellus ac Integer ultricies est Fusce varius a neque vel dis euismod elementum id rutrum ipsum erat laoreet vitae malesuada scelerisque maximus interdum volutpat erat pharetra ante Proin dolor mattis eget et ipsum fringilla vehicula efficitur ipsum nec dui nunc at Vivamus Donec tempus amet Pellentesque nisi id Proin ridiculus erat pretium vestibulum urna a sapien nisi vestibulum vel Vivamus viverra accumsan ac neque facilisis neque pulvinar montes facilisis congue accumsan non quam magnis elementum in neque facilisis ornare vitae risus Fusce nec Lorem malesuada adipiscing venenatis molestie velit penatibus et Proin porttitor quis neque scelerisque eleifend Fusce fringilla pulvinar semper ornare consectetur nec neque elementum ornare congue nisi dis vel Fusce et Sed id sit Proin dapibus ut auctor libero at dui Ut magna nascetur facilisis accumsan tincidunt at leo eros eget nulla volutpat consequat nisi ut Orci Donec diam odio et tellus quis lacus aliquam in augue Vestibulum scelerisque eu Donec faucibus Donec orci orci felis varius ornare blandit nisi nunc libero luctus fringilla facilisis ligula mattis Donec nunc sed bibendum dapibus lacinia interdum volutpat nisl ornare neque id montes sit felis adipiscing vehicula nunc libero Nullam feugiat elit congue a varius leo ipsum Pellentesque congue malesuada nec euismod ipsum cursus eros purus Mauris ornare finibus pulvinar Vivamus Nunc Mauris nisi a nec magnis malesuada Mauris nec varius Cras laoreet Nullam quis malesuada Donec ac a et ridiculus penatibus vel Cras at sodales natoque neque ante risus nisi penatibus mattis nunc ipsum malesuada Fusce ac accumsan Suspendisse non Donec nascetur interdum laoreet Aenean vel nec id at in est Integer est Fusce risus erat faucibus euismod Orci consequat ipsum vel nibh augue vulputate posuere dis pulvinar posuere nisi eu ligula mattis adipiscing eget sapien Aenean finibus a eu vestibulum in Suspendisse in erat facilisis ac purus orci tempor varius vitae mattis vestibulum maximus vestibulum magnis vel pulvinar Nunc adipiscing elit velit erat euismod feugiat '),
(389, 891, '2020-02-24 15:47:00', 'in aliquam tristique faucibus imperdiet congue Fusce magna nisi Nullam molestie pulvinar faucibus orci erat luctus ornare blandit Morbi in ridiculus eu penatibus amet malesuada sed augue finibus fermentum pulvinar justo Nullam Proin ac dolor elit metus lectus in at Pellentesque est sed vehicula bibendum felis malesuada neque Donec erat Fusce elementum tempor ac dis est Ut quis risus pharetra nec libero Fusce viverra ultrices nec Donec nisi odio ante et nec condimentum massa eget imperdiet nisi mus pulvinar Mauris orci sit et eleifend a sed nunc lobortis interdum justo accumsan nec eget sit neque est maximus vehicula Mauris Pellentesque nulla amet nisi ac ac risus id scelerisque laoreet tempor felis nunc pretium eros Orci placerat quis laoreet fringilla penatibus felis faucibus vehicula nisi diam ac eget commodo nec malesuada amet aliquam dolor facilisis tempus ipsum ante ante Aenean diam dolor eros tincidunt Ut nec risus nibh laoreet dis Vestibulum ullamcorper arcu tempor a varius Orci accumsan consequat ipsum ex a molestie amet Orci ex Morbi justo est amet diam pulvinar maximus dis Donec sapien ac a non nascetur non In odio risus In elit Fusce porttitor porttitor Quisque dignissim at justo ultricies tincidunt Vivamus risus et vitae Fusce sit finibus nisi magnis in at et a et elit dolor ornare non elementum aliquam non Nam Fusce magna in nibh dolor orci faucibus natoque fames neque nisi mi sem non et Pellentesque orci non Nullam diam urna suscipit mus arcu et tristique interdum tortor nec Cras odio feugiat velit erat amet erat neque nisi elit varius odio maximus nisi blandit malesuada elementum ac ut Interdum augue sit Donec commodo tincidunt vel gravida bibendum euismod ipsum neque elit malesuada Cras mi nisi ex penatibus quis tincidunt faucibus at quam odio bibendum arcu amet cursus nisi pellentesque mi tortor neque Nunc volutpat '),
(390, 892, '2020-01-27 17:36:46', 'elit leo elementum quis nisl a tincidunt maximus ullamcorper risus Nunc finibus malesuada neque ac varius cursus erat eget Cras tellus luctus interdum sodales Donec accumsan ac ac Nunc neque primis vitae ullamcorper neque luctus velit natoque varius enim in elit ornare id neque tellus a nunc mi sed libero pulvinar nunc egestas maximus id odio Morbi sapien urna tempor eu lacinia magnis varius pellentesque laoreet gravida tincidunt interdum in erat semper tincidunt rhoncus quis ipsum vitae vel Nunc varius mus mattis Cras justo placerat quis condimentum sodales consectetur molestie amet Lorem venenatis malesuada varius et Quisque magna ut faucibus ultricies mi massa sem elit augue id Donec laoreet Quisque Suspendisse interdum dis erat interdum vehicula fringilla leo felis in congue sit Cras consectetur urna iaculis dis lorem fringilla sit mi et a elit dui eleifend nec vel erat augue maximus sapien pellentesque Etiam risus accumsan ipsum Cras vel ac dolor purus vitae erat lacinia quis arcu eget maximus nec sapien varius tempor sit quis tincidunt rutrum congue pretium eleifend nisi non sed tempus Phasellus vitae elit Integer eros maximus Ut consectetur Donec eget quis vitae posuere viverra molestie sodales lorem nulla non odio sit dignissim tristique sagittis mi semper Orci amet libero sed massa ipsum pulvinar Vivamus Vivamus Donec sem risus Proin fermentum sodales et nisi faucibus vitae lacinia nisi amet Proin ornare nisi Cras varius in consectetur velit vitae accumsan lacinia nunc volutpat consequat urna vel Nunc felis pellentesque sem molestie ante quis amet eget vel Ut vestibulum vel lorem a varius Morbi augue maximus justo ut Lorem erat eu ac orci tellus Ut mi tempus odio lacus sem condimentum est metus laoreet dignissim vel a odio varius vel Aenean libero ex sit accumsan lobortis amet at eros scelerisque Quisque consequat at ornare Interdum sit maximus nisi nunc vel amet dolor quis pulvinar justo sem vel maximus viverra quis nec orci arcu Aenean nisl auctor condimentum posuere posuere Suspendisse pellentesque urna at eget fermentum Donec Donec amet ultricies in Sed sodales mi risus tempus adipiscing dapibus tellus volutpat molestie suscipit est Phasellus magna augue in dui nisl Proin Orci in eget tellus nascetur tincidunt et sit Donec orci dolor in Phasellus semper quis et maximus nec at a sem aliquam luctus elit nec eros vulputate scelerisque consectetur quis faucibus porttitor a accumsan Mauris quis Pellentesque ipsum Cras Proin tortor est auctor mi in id Cras tristique ornare vel risus Vivamus molestie est a magna vitae metus Lorem nunc suscipit id tempor dapibus rutrum Phasellus magnis et et nisl dignissim congue est Donec ante odio congue pellentesque natoque '),
(391, 893, '2019-12-19 19:33:00', 'Nullam interdum In semper vel in elit elit mi feugiat ex diam nascetur velit arcu vel arcu lobortis In vitae fermentum maximus a sem consectetur ullamcorper nec lorem vel nec massa non at ornare risus quis maximus Donec a Orci Pellentesque ac penatibus dui elit eget dui urna scelerisque a Cras pharetra et Vivamus imperdiet vehicula Pellentesque porttitor tincidunt elit diam mattis in dui odio rutrum eu a ac scelerisque nec a arcu vestibulum euismod at vitae justo Ut ipsum non lorem felis dapibus fermentum Ut elit libero fermentum tempus Nullam Fusce interdum justo id ante risus mi nulla lacus dui velit dignissim tellus a Interdum at pulvinar ipsum laoreet Donec sit varius risus a massa massa finibus ridiculus nulla Morbi molestie pellentesque faucibus mattis eget nec vel natoque interdum Proin ac purus Mauris nec '),
(392, 894, '2019-07-12 17:58:37', 'tempus adipiscing commodo odio bibendum Donec Phasellus congue ut neque nunc molestie massa nisl in nisi Nullam nec odio odio maximus at accumsan tristique maximus euismod vulputate accumsan vel sit volutpat tellus mi nunc consequat mi congue gravida diam odio erat nec mi Nunc dui fermentum nec iaculis euismod augue orci varius magna odio cursus Phasellus diam ultricies id ullamcorper nisi mi elementum enim volutpat mattis Donec viverra magnis velit semper vitae nunc fringilla lorem varius nibh vitae commodo aliquam natoque euismod suscipit auctor at sed quis maximus neque ridiculus Morbi magna eget felis lacinia tempor quis penatibus enim neque sed velit ornare fermentum bibendum at feugiat vel diam consectetur vehicula iaculis et accumsan sem neque ac tempor ante nunc lacus sed faucibus sed in a Mauris auctor erat non sit pellentesque convallis nisi a neque vitae justo Donec viverra et consequat mus nunc faucibus vehicula vitae ex amet tellus a Aenean laoreet lectus mattis convallis tortor fringilla mattis lectus tempor vestibulum purus laoreet at lacinia vel fermentum eu pellentesque commodo non nec maximus diam lacus dolor sapien tincidunt consequat commodo Morbi in luctus ornare dolor augue tempor elit Fusce Lorem dapibus tempus eget Morbi scelerisque odio interdum feugiat mi elit non fermentum justo ornare orci egestas ultricies Mauris odio at justo luctus in ipsum et quis accumsan ullamcorper Morbi Orci sem enim at pretium posuere et venenatis risus ridiculus Pellentesque dolor eget varius euismod elementum Fusce vitae at laoreet amet Nam elit lacus non eget dui Donec massa aliquam ridiculus auctor pulvinar quis est id aliquam rhoncus Interdum suscipit vel Quisque diam Proin nisl montes elit dolor maximus ac placerat mattis erat aliquam malesuada nisi nisi pellentesque congue luctus erat facilisis nunc quis quis sem lobortis penatibus rhoncus vel justo euismod lectus tincidunt sapien pulvinar eget augue sed sapien erat Fusce mi at congue dolor a Integer est commodo Donec vel mi et porttitor amet luctus nascetur at nascetur nulla iaculis Cras volutpat eu '),
(393, 895, '2020-02-18 10:11:11', 'Ut Vivamus fringilla justo amet lacinia iaculis imperdiet vehicula sapien vel finibus accumsan dis placerat neque fermentum a sed maximus leo ligula a amet risus Donec tellus quis nec Donec amet molestie nec sem non porttitor condimentum dolor a faucibus Fusce eget condimentum montes in elit elit Nam arcu in pulvinar justo vel mi vel augue amet dui dolor vitae quis consectetur lacinia faucibus amet mi bibendum interdum amet neque sem eros molestie sem In Nam fringilla tristique libero mus fringilla gravida ante Fusce nec at et justo tortor vestibulum lorem est blandit et pulvinar Vivamus a lorem blandit Sed amet in elit quis venenatis accumsan dui luctus Pellentesque amet malesuada id et pulvinar massa facilisis id faucibus iaculis euismod neque sit pharetra vestibulum dui Donec ornare Donec nec sit malesuada et in nulla dui quis Donec posuere arcu egestas arcu eu interdum accumsan magnis eros odio Pellentesque iaculis vel erat mi vel cursus nisi Donec Donec interdum non elit magna Donec '),
(394, 896, '2019-06-02 18:47:13', 'facilisis enim mi molestie consequat semper risus at dolor vulputate odio a justo Etiam orci dolor ante tempor fringilla eget nisi dolor dapibus mi sem maximus congue a sapien felis ornare iaculis metus lorem Donec lorem accumsan vel pulvinar lacinia ipsum Suspendisse Fusce Nunc laoreet In magnis porttitor Suspendisse et vestibulum pellentesque at maximus tempor egestas Interdum ipsum odio Quisque Integer commodo in ac in vulputate risus Fusce gravida bibendum mattis magna erat vitae nascetur molestie arcu id felis tempor arcu metus molestie maximus at Lorem condimentum dolor erat Donec magnis pellentesque dapibus id nec Morbi egestas vitae ipsum amet diam egestas Mauris eget nisi eu mus lacus pulvinar tempor a varius orci scelerisque congue est mattis at nisi mauris velit Donec aliquam pellentesque feugiat elit ut ultrices odio Mauris Orci congue felis Mauris at interdum erat nisi quis fermentum erat sed vitae id tincidunt amet odio Aenean ultricies quis libero ex eu Ut at fermentum est tincidunt est nisl Fusce fringilla amet purus consectetur vitae pretium quam imperdiet nulla Pellentesque vehicula egestas arcu in et eros accumsan montes nec ante faucibus faucibus lobortis lacinia blandit consequat elementum turpis justo lorem Donec In gravida montes ante urna at sapien faucibus ornare finibus erat sapien finibus penatibus consequat auctor massa eleifend Donec lacus odio vel ullamcorper Lorem ligula laoreet et nascetur Suspendisse molestie dolor nisi turpis interdum Donec luctus varius sagittis ornare risus at faucibus elementum Donec Donec sit laoreet consequat congue neque ac dignissim velit felis commodo gravida ipsum magna Mauris sit at enim mi Vestibulum ornare ridiculus natoque vel faucibus consectetur gravida accumsan varius sapien quis sit erat dolor luctus augue scelerisque eget euismod nisi eu scelerisque turpis fringilla leo Proin Mauris tincidunt maximus Nunc primis Sed magnis facilisis commodo a nec Etiam lorem enim elit faucibus ac Donec Morbi scelerisque lorem massa vehicula at laoreet neque risus eget magna In vestibulum non vel Phasellus elit natoque feugiat consequat fringilla sapien odio ante in Lorem accumsan in Vestibulum ante facilisis mus quis Nullam blandit Lorem justo In mus a Orci eros dolor id neque quis sapien Fusce viverra non est Donec Vivamus eget feugiat fringilla luctus Pellentesque amet a justo ornare lacinia Suspendisse pulvinar sagittis ac eu accumsan sapien urna vitae viverra Donec a dolor fames molestie malesuada risus eget nec erat mus luctus Pellentesque ex condimentum nisi parturient erat facilisis congue odio Donec dui ante Donec in parturient volutpat accumsan accumsan diam consequat aliquam elementum sit nisi dui risus sapien ac Donec Donec '),
(395, 897, '2020-02-12 11:46:16', 'mattis pulvinar felis Phasellus vitae non vel penatibus Vivamus in fermentum sapien a scelerisque nisi lacus tristique at pellentesque nec molestie Cras dui interdum gravida natoque pulvinar lacinia penatibus neque vitae sem id eget arcu ornare tempus semper efficitur tortor dis Integer mi mus ultrices risus varius ac libero at ipsum blandit porttitor lectus sem tempor cursus Integer porttitor elit laoreet at sem enim Donec tempor vel montes fermentum vitae luctus cursus dui felis Fusce id egestas vel molestie eros consequat a iaculis odio rutrum dolor accumsan elit in et accumsan arcu ante fermentum justo ac Ut ultrices fringilla est varius faucibus amet nisi pulvinar maximus congue ornare ac nec nisi consectetur vel elit volutpat et '),
(396, 898, '2019-09-06 21:31:30', 'maximus dui nec sapien Suspendisse et amet fermentum luctus Vivamus ipsum mauris fermentum eu at amet risus Donec eleifend neque faucibus venenatis vel sapien molestie erat congue sit ridiculus Proin ac nisi est vitae Suspendisse eget luctus justo finibus sapien et scelerisque libero risus massa Proin Vivamus maximus sapien velit velit mi faucibus Vivamus luctus pellentesque natoque finibus risus faucibus suscipit nascetur efficitur posuere tellus ligula sodales nisi consequat purus tempor interdum nisi Mauris laoreet erat ex mus interdum vestibulum lorem mi nulla id accumsan in eget massa in vel lorem sit consequat condimentum magna sed condimentum a tempor maximus orci ipsum egestas risus finibus rhoncus elit consequat et parturient ac quis maximus sit Quisque velit eget neque quam Cras montes pulvinar arcu consectetur vel in ornare molestie commodo imperdiet in non quis ornare non ut felis dapibus laoreet elit arcu nibh molestie Pellentesque ex dolor enim non auctor maximus justo accumsan Suspendisse nulla quis eget laoreet tincidunt eu Integer Lorem diam sem sagittis laoreet fames vel facilisis lorem fermentum elit pulvinar Donec tortor facilisis rhoncus Quisque Orci Phasellus Nullam posuere sit nulla Fusce magna odio Proin sit erat porttitor sit odio penatibus Integer sit molestie dolor congue est felis sem euismod ac mattis neque at scelerisque maximus Cras ipsum luctus id vel sit felis massa placerat nec quis ac nascetur nisi risus vel aliquam feugiat Mauris fringilla erat vel vehicula lobortis vel facilisis odio vel in gravida convallis vestibulum tincidunt justo Suspendisse quis nec a est malesuada Interdum Phasellus ac at ornare varius arcu montes erat nisl justo eu dapibus ex posuere pulvinar neque eget Nunc eros mi ipsum pharetra luctus quis urna pharetra a eu montes ligula viverra Cras sit congue tincidunt urna tempus tincidunt congue Cras eros mattis pellentesque odio gravida parturient fringilla ut vel luctus quis elit luctus magna ante neque tortor elementum leo et eu Vivamus '),
(397, 899, '2019-08-23 12:17:02', 'erat lacinia ipsum vel augue sed ipsum nisi ornare accumsan bibendum Sed tincidunt varius sodales congue Sed nulla laoreet nec Donec id dui sit egestas accumsan ex vitae tempor diam urna elementum laoreet varius malesuada a mi interdum felis Phasellus nec in non Interdum Ut tempor ipsum dolor ipsum vestibulum nisi risus viverra gravida sem parturient condimentum mattis a purus at erat ipsum quis feugiat egestas luctus a Fusce sapien Integer sed purus parturient lobortis augue nascetur penatibus mattis varius facilisis montes Nunc felis Donec elit eget augue lorem porttitor nisi dolor nulla pharetra orci erat pulvinar neque volutpat felis felis suscipit risus feugiat varius Mauris sed montes faucibus fames erat justo dolor faucibus maximus adipiscing nascetur molestie ante lacus maximus est maximus Nam et mus enim congue efficitur velit euismod sapien gravida elit amet metus elit felis tincidunt maximus Vestibulum tincidunt egestas Proin consectetur faucibus dis amet ac accumsan tortor mauris quis erat aliquam neque est nec vel fermentum in libero Vivamus nunc Nullam maximus laoreet maximus lacinia fermentum condimentum nascetur sed felis mi Donec auctor diam fermentum at dui lorem tempor pellentesque et parturient eu eget Morbi Donec lacus Fusce arcu at eget varius arcu vehicula est metus mi viverra vitae id sem mus feugiat Mauris urna vel odio lacinia massa Donec justo pellentesque viverra amet sem Mauris rhoncus quis in vulputate feugiat in Donec eros Proin justo ante in Orci eu vel Nunc mi dolor tempus nisi fermentum sapien natoque pulvinar eget viverra non at vel odio accumsan fringilla Suspendisse interdum accumsan magna risus parturient diam penatibus Morbi nascetur neque commodo molestie lorem fringilla malesuada vehicula nec montes Nunc Cras orci sagittis ligula erat amet tellus justo ut vel ante elementum Sed malesuada condimentum a a amet mattis fringilla sed nisi Nunc vestibulum enim Vestibulum magna faucibus pulvinar maximus a ultricies iaculis lacinia nulla dapibus elit bibendum Donec faucibus molestie congue neque Nunc non arcu elit sem varius ante congue urna accumsan arcu dapibus libero risus egestas laoreet Lorem fringilla est varius vel Nullam vestibulum felis '),
(398, 900, '2019-11-02 19:53:11', 'tincidunt vel vitae viverra elit non blandit consequat accumsan adipiscing nibh posuere Orci erat arcu at Donec amet id eros magna molestie nec viverra ipsum a laoreet tellus primis consequat elit ornare molestie amet laoreet laoreet felis arcu dapibus commodo justo vehicula tortor ultrices augue fringilla sem odio maximus sem Nunc ornare at ac cursus accumsan vel fermentum eu a nisi id Ut Integer nascetur vel Nunc Proin Fusce congue tortor risus accumsan a vel Sed pellentesque eu ridiculus erat id nisi ex ullamcorper luctus nascetur neque urna sed porttitor augue odio quis libero odio Mauris at elit in a faucibus condimentum Donec malesuada blandit congue neque ac luctus elit nec luctus quam diam Fusce at elementum eros tempus dui lorem a Mauris dolor diam sem neque ridiculus mi rutrum Nunc malesuada ante dui eleifend mattis pellentesque maximus quis molestie a Ut accumsan Nunc sed dolor magna luctus gravida libero aliquam Suspendisse risus feugiat tempor blandit mus a vel varius accumsan elit laoreet risus Mauris dolor risus ut vehicula nisi Fusce ac parturient quis ipsum lectus tempor neque mauris eget amet lectus felis accumsan ac accumsan Mauris ipsum augue dolor at malesuada Nunc luctus Donec orci In accumsan natoque faucibus quis quis eu Mauris tristique neque libero velit Quisque interdum odio erat magna fermentum diam vitae nunc et accumsan in tortor nisi neque ornare Morbi metus Sed est diam vitae facilisis accumsan tellus vehicula '),
(399, 901, '2019-06-30 06:33:24', 'sem tempor mi pellentesque sapien velit orci vitae mi ac accumsan neque vel facilisis amet sagittis at dolor consectetur neque sit pulvinar Pellentesque dolor tincidunt tellus eros Lorem libero mus lorem tortor Donec urna parturient congue faucibus Phasellus a luctus dui Interdum congue consectetur Nullam ac accumsan quis rhoncus amet id Donec malesuada rutrum et posuere vel Quisque egestas mus nec nisl vitae odio at laoreet et Nullam primis ex facilisis dis mi dolor Ut purus luctus sagittis ac sapien Nunc neque odio sed tempus interdum justo rutrum Interdum eget Donec ut tortor commodo tincidunt malesuada nisi elementum suscipit neque neque ornare blandit non mi Vivamus dui urna odio vel Nunc quis vel Interdum ultrices Cras elit aliquam nisi accumsan Pellentesque erat Nullam Donec sem odio Cras aliquam vehicula ultricies Donec convallis lorem sapien posuere odio purus ipsum velit nec augue lacinia Mauris in odio Fusce et nunc a ipsum aliquam luctus ridiculus in orci accumsan odio Orci odio accumsan pellentesque nulla nec gravida risus dolor arcu porttitor nisl enim Donec interdum et Cras varius sit metus Pellentesque Nullam laoreet maximus porttitor magna tincidunt ante a quis est Lorem condimentum vestibulum dolor ultricies lacinia vestibulum Donec est magnis sapien condimentum arcu augue sapien Morbi dui elit ac Nullam Ut vitae vel ipsum diam vehicula sem molestie Nullam non sem vestibulum justo sed vel Ut vitae varius elit vel nunc tempor feugiat ornare ut condimentum ornare lacus at erat orci tempus tristique Phasellus varius velit Lorem Integer parturient interdum laoreet laoreet tristique diam eget nec erat ipsum dolor augue sed vel Integer Lorem sapien Mauris convallis tempus ipsum tempor nisi nisi Aenean arcu maximus at volutpat Donec sem quam eget Phasellus erat vehicula rhoncus amet vel eleifend aliquam scelerisque dolor nunc interdum Ut a erat ultrices vitae laoreet varius est nisi dolor egestas accumsan Donec Morbi condimentum arcu sit nunc iaculis luctus Ut lorem aliquam fermentum posuere Sed ipsum odio est congue urna lectus luctus a mus augue scelerisque tellus nec accumsan Orci tellus mattis enim neque scelerisque sem et orci arcu porttitor ullamcorper Ut sit Vivamus non vel dui nisi eget Mauris laoreet dolor dui laoreet dui nulla laoreet ultricies in est quam vel nulla Suspendisse augue interdum sit neque a Mauris ipsum justo Suspendisse Donec fermentum cursus eget eget suscipit volutpat dui vitae molestie augue in nisi Cras quam lobortis a laoreet Donec accumsan luctus fringilla risus elementum Fusce cursus elit vel at sem vel euismod interdum Phasellus congue euismod et purus Pellentesque vestibulum tempor magnis quis Pellentesque blandit maximus erat efficitur ultrices ipsum scelerisque ridiculus magnis quis id sagittis dapibus odio penatibus volutpat quis accumsan Donec in nec lectus justo facilisis odio Quisque nisi lorem mi Donec vel eget fringilla pellentesque Suspendisse eget orci tincidunt diam Donec nisi at maximus mi mi tellus Donec ac arcu volutpat est arcu eget at massa sem ac quis at amet ');
INSERT INTO `proposal_content_history` (`id`, `proposal_id`, `date`, `content`) VALUES
(400, 902, '2019-11-12 19:44:05', 'non elementum tellus nisi aliquam mi laoreet molestie at fermentum vestibulum purus at Ut consectetur pulvinar mattis enim mattis risus commodo eget orci malesuada sapien efficitur lorem massa massa amet tempus Suspendisse penatibus Pellentesque rutrum erat Fusce facilisis faucibus eget ultrices dolor id accumsan Integer mi pulvinar malesuada luctus tempor quam Morbi rhoncus quis in dui vel nec Phasellus nec dui Ut Donec Mauris a mus magna commodo quis mattis neque Fusce sem arcu Morbi Pellentesque non tempor finibus maximus maximus finibus purus in dis justo ornare risus scelerisque magna risus lacus sapien in fringilla quam non augue vehicula vel condimentum sed nisi pellentesque erat Cras elit erat id Pellentesque vitae diam facilisis at nec Nunc tincidunt gravida eros neque tincidunt Vivamus vel et Nunc nunc penatibus sit Donec malesuada Integer diam eget ipsum nunc Mauris velit Proin Nam diam iaculis nec mauris posuere lacinia urna lacinia Donec libero erat sagittis Vivamus semper ante nisi a luctus gravida lorem ante in neque luctus auctor amet interdum interdum a scelerisque laoreet commodo bibendum Donec vestibulum sapien ipsum at malesuada a lorem mi eu lobortis ipsum libero vel dapibus odio at natoque ac Nunc odio feugiat Mauris sit est Proin mi ex massa lobortis a at sem odio risus magnis vehicula scelerisque mus urna nascetur a scelerisque in risus at blandit sit mi felis a Donec lectus Vestibulum tempor arcu vehicula In natoque lectus Pellentesque malesuada in congue orci diam orci purus nunc neque vel amet et interdum vel mi mauris nisi est mus nisi luctus dignissim sodales ante dignissim congue eu consequat dolor nunc at molestie condimentum ac malesuada varius Quisque accumsan molestie odio quis condimentum Ut a lorem elementum nec neque consectetur Donec vestibulum sed fringilla erat neque Nullam varius natoque mauris Quisque vel finibus sapien vehicula at et sem Ut ut vestibulum sit neque neque dolor auctor ultrices consequat Nunc nascetur porttitor viverra erat imperdiet ipsum Vivamus lorem in eget ipsum accumsan luctus mattis quis vel odio fames feugiat dolor Phasellus at id nec erat Nam maximus Donec Phasellus vestibulum vehicula dolor molestie vestibulum Donec Proin imperdiet ultrices nisi quis Integer imperdiet dolor Vivamus Nunc Donec quis molestie magna vel purus Proin laoreet Vivamus dui Ut auctor nec maximus in ante purus gravida Orci Nam nisl in vel mi Donec accumsan non varius eu et luctus Nunc a quis Pellentesque ipsum montes penatibus consectetur neque Cras Integer tempor non dui metus tempor tristique vel sit ac urna volutpat a ullamcorper mi condimentum Nullam posuere laoreet mattis viverra urna urna Nunc orci natoque Donec mi quis pretium vel dapibus sem tristique vitae Donec mattis at ante pellentesque tellus sapien mauris molestie mus Mauris tincidunt mattis at nibh vel iaculis eget Donec quis velit Donec et Quisque tristique ');

-- --------------------------------------------------------

--
-- Structure de la table `proposal_file_history`
--

CREATE TABLE `proposal_file_history` (
  `id` int(11) UNSIGNED NOT NULL,
  `proposal_id` int(11) UNSIGNED NOT NULL,
  `date` datetime NOT NULL,
  `path` varchar(255) COLLATE utf8mb4_unicode_ci NOT NULL
) ENGINE=InnoDB DEFAULT CHARSET=utf8mb4 COLLATE=utf8mb4_unicode_ci;

-- --------------------------------------------------------

--
-- Structure de la table `review`
--

CREATE TABLE `review` (
  `id` int(10) UNSIGNED NOT NULL,
  `reviewer_id` int(10) UNSIGNED NOT NULL,
  `proposal_id` int(10) UNSIGNED NOT NULL,
  `date` datetime NOT NULL,
  `status` varchar(32) COLLATE utf8mb4_unicode_ci NOT NULL
) ENGINE=InnoDB DEFAULT CHARSET=utf8mb4 COLLATE=utf8mb4_unicode_ci;

--
-- Déchargement des données de la table `review`
--

INSERT INTO `review` (`id`, `reviewer_id`, `proposal_id`, `date`, `status`) VALUES
(491, 15, 803, '2019-09-01 09:10:40', 'approved'),
(492, 21, 805, '2020-02-09 04:34:52', 'approved'),
(493, 19, 805, '2019-11-14 22:11:11', 'disapproved'),
(494, 18, 806, '2020-01-29 06:03:00', 'approved'),
(495, 15, 807, '2019-11-21 12:11:31', 'approved'),
(496, 18, 807, '2020-02-11 10:58:18', 'approved'),
(497, 15, 807, '2019-08-05 14:52:07', 'disapproved'),
(498, 13, 807, '2019-10-27 04:46:04', 'approved'),
(499, 20, 807, '2019-10-15 20:38:21', 'approved'),
(500, 16, 808, '2020-02-27 05:04:18', 'approved'),
(501, 16, 808, '2020-02-19 14:09:59', 'approved'),
(502, 20, 809, '2020-02-29 20:54:36', 'disapproved'),
(503, 18, 809, '2020-03-01 03:24:25', 'approved'),
(504, 16, 810, '2019-12-30 20:17:08', 'disapproved'),
(505, 17, 810, '2020-02-11 05:11:04', 'approved'),
(506, 18, 810, '2020-01-14 18:56:54', 'disapproved'),
(507, 14, 810, '2019-12-22 04:29:58', 'approved'),
(508, 14, 811, '2019-09-23 12:54:27', 'disapproved'),
(509, 16, 811, '2019-11-21 15:13:37', 'approved'),
(510, 19, 811, '2019-09-26 17:39:53', 'disapproved'),
(511, 17, 811, '2020-02-17 05:25:42', 'disapproved'),
(512, 19, 813, '2020-01-04 01:18:01', 'disapproved'),
(513, 19, 814, '2020-02-27 13:40:03', 'disapproved'),
(514, 21, 814, '2020-02-28 09:27:26', 'disapproved'),
(515, 21, 814, '2020-02-28 02:56:08', 'disapproved'),
(516, 15, 815, '2020-02-18 07:33:27', 'disapproved'),
(517, 20, 815, '2019-12-27 13:54:15', 'disapproved'),
(518, 19, 815, '2020-01-02 10:45:02', 'disapproved'),
(519, 17, 816, '2020-01-14 06:23:34', 'disapproved'),
(520, 13, 817, '2019-12-12 04:01:22', 'approved'),
(521, 13, 819, '2020-02-28 11:25:06', 'disapproved'),
(522, 18, 819, '2020-02-24 16:17:04', 'approved'),
(523, 13, 819, '2020-02-18 23:10:20', 'disapproved'),
(524, 14, 819, '2020-02-22 03:16:46', 'disapproved'),
(525, 21, 820, '2019-12-19 06:47:04', 'disapproved'),
(526, 16, 820, '2019-10-14 04:27:24', 'approved'),
(527, 17, 820, '2019-07-27 16:55:17', 'disapproved'),
(528, 13, 820, '2020-01-06 20:34:09', 'disapproved'),
(529, 15, 820, '2020-01-23 21:31:58', 'disapproved'),
(530, 16, 822, '2020-02-18 05:03:28', 'approved'),
(531, 15, 822, '2020-01-23 20:32:59', 'approved'),
(532, 13, 823, '2019-09-25 23:27:36', 'disapproved'),
(533, 18, 823, '2019-12-02 12:02:43', 'approved'),
(534, 14, 823, '2019-12-24 06:21:23', 'disapproved'),
(535, 20, 823, '2020-01-30 06:42:46', 'disapproved'),
(536, 21, 825, '2019-08-27 21:25:40', 'approved'),
(537, 13, 825, '2019-08-03 19:09:26', 'disapproved'),
(538, 14, 825, '2020-02-06 19:14:22', 'disapproved'),
(539, 16, 825, '2019-10-18 07:38:43', 'approved'),
(540, 14, 827, '2020-02-20 00:09:51', 'approved'),
(541, 19, 827, '2019-12-29 05:03:38', 'disapproved'),
(542, 18, 827, '2020-01-02 16:45:47', 'approved'),
(543, 18, 828, '2020-03-01 07:50:30', 'approved'),
(544, 14, 828, '2020-02-25 04:10:54', 'approved'),
(545, 18, 828, '2020-02-23 10:54:40', 'disapproved'),
(546, 21, 829, '2019-07-19 01:15:44', 'disapproved'),
(547, 19, 829, '2019-08-14 03:04:42', 'approved'),
(548, 14, 829, '2019-10-05 18:16:01', 'approved'),
(549, 16, 830, '2019-11-14 23:28:16', 'disapproved'),
(550, 14, 830, '2020-01-09 14:59:19', 'approved'),
(551, 15, 830, '2019-07-21 21:02:14', 'approved'),
(552, 15, 831, '2020-02-26 10:46:14', 'approved'),
(553, 18, 831, '2020-02-12 00:00:36', 'approved'),
(554, 14, 831, '2020-02-14 23:28:27', 'disapproved'),
(555, 16, 831, '2020-02-27 20:24:52', 'disapproved'),
(556, 17, 831, '2020-02-04 11:43:29', 'approved'),
(557, 16, 832, '2020-02-10 04:08:38', 'disapproved'),
(558, 21, 832, '2020-02-19 09:49:30', 'approved'),
(559, 21, 832, '2020-02-25 01:09:29', 'disapproved'),
(560, 20, 832, '2020-02-14 13:16:25', 'approved'),
(561, 18, 834, '2020-02-17 13:44:20', 'approved'),
(562, 15, 834, '2020-01-03 06:37:10', 'disapproved'),
(563, 20, 834, '2019-12-15 04:00:48', 'disapproved'),
(564, 15, 834, '2019-10-14 08:29:45', 'approved'),
(565, 18, 835, '2020-02-28 23:23:41', 'approved'),
(566, 15, 835, '2020-02-29 07:17:05', 'approved'),
(567, 17, 835, '2020-02-28 07:44:35', 'disapproved'),
(568, 13, 835, '2020-03-01 03:16:58', 'disapproved'),
(569, 17, 836, '2019-11-27 09:16:14', 'disapproved'),
(570, 18, 836, '2020-01-02 01:07:34', 'disapproved'),
(571, 18, 836, '2020-02-09 18:16:34', 'approved'),
(572, 16, 836, '2020-01-23 22:22:07', 'approved'),
(573, 18, 836, '2020-01-02 14:27:06', 'disapproved'),
(574, 19, 837, '2020-02-16 05:18:19', 'disapproved'),
(575, 14, 837, '2020-02-19 21:28:17', 'disapproved'),
(576, 16, 837, '2020-02-24 02:02:19', 'approved'),
(577, 13, 837, '2020-02-26 17:08:22', 'approved'),
(578, 14, 837, '2020-01-09 08:24:16', 'approved'),
(579, 18, 839, '2020-02-16 06:08:22', 'approved'),
(580, 13, 839, '2020-02-20 20:07:31', 'approved'),
(581, 17, 839, '2020-02-18 09:20:24', 'disapproved'),
(582, 15, 839, '2020-02-02 13:14:27', 'approved'),
(583, 21, 839, '2020-02-12 17:35:20', 'approved'),
(584, 20, 840, '2020-01-04 16:47:12', 'disapproved'),
(585, 20, 840, '2019-09-30 04:54:58', 'approved'),
(586, 18, 840, '2019-08-21 06:34:30', 'approved'),
(587, 13, 840, '2020-01-10 06:11:10', 'approved'),
(588, 17, 841, '2019-12-20 10:45:01', 'disapproved'),
(589, 18, 841, '2019-11-27 09:35:26', 'approved'),
(590, 21, 841, '2019-09-29 14:20:15', 'disapproved'),
(591, 18, 841, '2019-10-10 11:48:21', 'approved'),
(592, 20, 844, '2020-02-01 18:48:41', 'disapproved'),
(593, 15, 844, '2019-10-18 05:55:46', 'disapproved'),
(594, 14, 844, '2020-02-05 22:59:19', 'approved'),
(595, 19, 844, '2019-09-14 22:35:01', 'approved'),
(596, 18, 845, '2019-10-27 16:53:46', 'disapproved'),
(597, 17, 845, '2019-10-29 10:55:52', 'disapproved'),
(598, 20, 846, '2020-02-07 15:30:27', 'approved'),
(599, 16, 846, '2020-02-20 01:41:05', 'disapproved'),
(600, 16, 846, '2020-02-15 21:45:11', 'disapproved'),
(601, 13, 846, '2020-02-14 16:01:40', 'disapproved'),
(602, 17, 846, '2020-02-27 03:52:19', 'disapproved'),
(603, 16, 847, '2020-02-10 11:51:12', 'disapproved'),
(604, 18, 847, '2020-02-20 19:33:09', 'approved'),
(605, 15, 847, '2020-02-23 12:36:54', 'disapproved'),
(606, 14, 847, '2020-02-16 08:30:25', 'approved'),
(607, 20, 849, '2020-01-26 02:08:24', 'approved'),
(608, 13, 849, '2019-10-02 21:12:59', 'disapproved'),
(609, 19, 849, '2019-10-23 06:58:26', 'disapproved'),
(610, 21, 849, '2020-01-23 05:10:16', 'disapproved'),
(611, 16, 849, '2019-10-27 07:21:16', 'approved'),
(612, 21, 850, '2019-11-29 23:32:24', 'disapproved'),
(613, 15, 850, '2019-12-05 07:56:56', 'disapproved'),
(614, 14, 851, '2019-11-08 16:13:38', 'approved'),
(615, 20, 851, '2020-02-29 04:18:35', 'approved'),
(616, 14, 851, '2019-12-18 07:45:02', 'approved'),
(617, 15, 852, '2020-01-16 03:49:39', 'approved'),
(618, 15, 852, '2020-01-24 07:30:43', 'disapproved'),
(619, 21, 853, '2020-01-16 23:36:34', 'disapproved'),
(620, 15, 854, '2019-10-23 21:54:14', 'disapproved'),
(621, 21, 854, '2020-01-18 12:04:09', 'disapproved'),
(622, 13, 854, '2019-10-27 23:46:30', 'disapproved'),
(623, 16, 854, '2019-12-12 01:05:36', 'approved'),
(624, 16, 855, '2019-11-14 04:25:14', 'disapproved'),
(625, 18, 855, '2019-09-08 20:08:24', 'disapproved'),
(626, 14, 855, '2019-11-16 08:07:26', 'disapproved'),
(627, 13, 855, '2019-12-01 05:34:33', 'disapproved'),
(628, 14, 855, '2019-08-16 13:12:26', 'disapproved'),
(629, 13, 856, '2019-11-06 04:29:40', 'disapproved'),
(630, 21, 856, '2019-11-20 06:38:34', 'disapproved'),
(631, 21, 856, '2019-12-10 22:45:59', 'approved'),
(632, 15, 857, '2020-02-24 17:56:33', 'disapproved'),
(633, 14, 857, '2019-12-14 16:30:48', 'disapproved'),
(634, 16, 857, '2019-11-17 02:43:22', 'disapproved'),
(635, 13, 857, '2019-11-12 23:55:27', 'approved'),
(636, 18, 857, '2020-01-18 06:00:43', 'approved'),
(637, 20, 858, '2019-12-29 20:25:16', 'disapproved'),
(638, 16, 858, '2020-01-15 17:20:42', 'approved'),
(639, 18, 858, '2020-01-21 12:29:16', 'disapproved'),
(640, 21, 859, '2020-03-01 07:28:23', 'disapproved'),
(641, 21, 860, '2019-10-03 13:16:48', 'disapproved'),
(642, 16, 860, '2020-01-31 20:05:29', 'approved'),
(643, 15, 860, '2019-09-19 13:39:03', 'disapproved'),
(644, 16, 860, '2020-01-03 14:49:11', 'approved'),
(645, 21, 860, '2019-11-02 13:18:53', 'approved'),
(646, 18, 861, '2019-08-22 03:00:54', 'approved'),
(647, 13, 861, '2019-11-06 02:53:52', 'disapproved'),
(648, 17, 861, '2019-12-16 21:10:45', 'approved'),
(649, 15, 861, '2019-09-13 16:32:50', 'disapproved'),
(650, 18, 862, '2019-12-05 05:40:23', 'disapproved'),
(651, 15, 862, '2020-02-02 08:12:40', 'approved'),
(652, 19, 862, '2019-11-25 22:46:47', 'approved'),
(653, 16, 864, '2019-12-23 06:40:36', 'approved'),
(654, 17, 864, '2020-01-21 01:59:22', 'approved'),
(655, 13, 864, '2019-08-23 18:21:17', 'disapproved'),
(656, 13, 864, '2019-08-19 22:14:58', 'approved'),
(657, 17, 864, '2019-12-28 02:20:47', 'disapproved'),
(658, 20, 865, '2019-09-28 19:39:06', 'approved'),
(659, 21, 865, '2020-02-28 09:38:05', 'disapproved'),
(660, 15, 866, '2019-12-17 09:41:47', 'approved'),
(661, 19, 866, '2020-01-26 22:15:17', 'disapproved'),
(662, 19, 866, '2020-01-04 11:56:14', 'disapproved'),
(663, 16, 867, '2019-11-24 02:15:11', 'approved'),
(664, 15, 867, '2019-12-14 05:20:54', 'approved'),
(665, 14, 868, '2019-12-08 03:45:42', 'disapproved'),
(666, 16, 868, '2019-10-22 17:59:28', 'disapproved'),
(667, 21, 868, '2019-08-19 19:11:56', 'approved'),
(668, 20, 868, '2019-07-19 06:04:41', 'approved'),
(669, 16, 870, '2019-08-04 04:21:04', 'approved'),
(670, 21, 871, '2020-02-17 16:47:49', 'approved'),
(671, 19, 871, '2020-01-24 02:10:58', 'approved'),
(672, 17, 872, '2019-11-04 13:33:07', 'approved'),
(673, 15, 872, '2019-10-26 22:18:13', 'disapproved'),
(674, 18, 872, '2019-11-06 23:53:56', 'disapproved'),
(675, 21, 872, '2019-12-10 19:07:07', 'approved'),
(676, 20, 873, '2020-02-23 03:18:44', 'approved'),
(677, 14, 873, '2020-02-24 04:24:36', 'approved'),
(678, 20, 874, '2020-01-21 10:17:46', 'disapproved'),
(679, 16, 874, '2020-02-29 03:12:55', 'disapproved'),
(680, 15, 875, '2019-09-18 11:25:24', 'approved'),
(681, 18, 875, '2019-10-28 06:02:32', 'disapproved'),
(682, 17, 875, '2019-10-26 20:19:09', 'approved'),
(683, 15, 875, '2019-12-06 04:40:04', 'disapproved'),
(684, 18, 875, '2019-12-19 07:16:31', 'disapproved'),
(685, 13, 877, '2020-02-19 20:59:01', 'disapproved'),
(686, 13, 877, '2020-02-16 01:20:59', 'disapproved'),
(687, 17, 877, '2020-02-28 04:51:52', 'disapproved'),
(688, 20, 877, '2020-02-16 18:33:58', 'disapproved'),
(689, 21, 878, '2020-02-19 17:44:39', 'disapproved'),
(690, 21, 878, '2020-02-17 23:16:29', 'disapproved'),
(691, 18, 878, '2020-01-29 18:17:53', 'disapproved'),
(692, 19, 878, '2020-01-16 21:29:20', 'disapproved'),
(693, 13, 880, '2020-02-13 11:01:55', 'approved'),
(694, 18, 880, '2020-02-15 02:45:11', 'approved'),
(695, 14, 880, '2020-02-06 02:35:18', 'approved'),
(696, 17, 881, '2020-02-15 19:41:53', 'approved'),
(697, 17, 882, '2020-01-15 16:40:01', 'approved'),
(698, 16, 882, '2019-11-14 14:46:51', 'disapproved'),
(699, 18, 882, '2020-01-03 18:47:36', 'approved'),
(700, 21, 883, '2020-02-08 09:53:44', 'disapproved'),
(701, 13, 883, '2020-02-24 04:42:32', 'disapproved'),
(702, 21, 883, '2020-02-06 22:40:54', 'disapproved'),
(703, 18, 883, '2020-02-03 09:08:29', 'approved'),
(704, 16, 884, '2020-02-28 19:39:03', 'approved'),
(705, 20, 885, '2020-01-18 08:37:47', 'approved'),
(706, 14, 885, '2020-01-03 21:57:41', 'disapproved'),
(707, 18, 885, '2019-11-07 09:23:11', 'disapproved'),
(708, 16, 885, '2020-01-12 13:45:49', 'disapproved'),
(709, 16, 885, '2019-10-20 12:49:22', 'disapproved'),
(710, 17, 886, '2020-01-04 14:52:14', 'disapproved'),
(711, 13, 886, '2020-02-03 19:49:25', 'disapproved'),
(712, 13, 886, '2020-02-28 00:20:34', 'disapproved'),
(713, 15, 886, '2020-01-18 03:54:49', 'approved'),
(714, 17, 887, '2019-11-16 14:09:56', 'disapproved'),
(715, 21, 887, '2020-01-19 07:09:56', 'approved'),
(716, 14, 887, '2020-01-13 07:37:52', 'disapproved'),
(717, 19, 888, '2020-01-20 11:33:55', 'approved'),
(718, 20, 888, '2020-01-01 00:45:02', 'disapproved'),
(719, 18, 888, '2020-01-11 14:46:06', 'disapproved'),
(720, 14, 889, '2019-11-13 15:28:57', 'disapproved'),
(721, 19, 890, '2020-02-23 00:11:09', 'disapproved'),
(722, 17, 890, '2020-02-15 21:11:59', 'disapproved'),
(723, 13, 890, '2020-02-12 23:31:02', 'approved'),
(724, 20, 890, '2020-02-26 16:56:37', 'approved'),
(725, 17, 890, '2020-02-21 19:30:18', 'approved'),
(726, 17, 891, '2020-02-27 06:30:01', 'disapproved'),
(727, 14, 891, '2020-02-25 06:28:28', 'approved'),
(728, 17, 891, '2020-02-26 16:27:15', 'disapproved'),
(729, 16, 892, '2020-02-04 12:42:48', 'approved'),
(730, 15, 893, '2020-02-05 01:13:38', 'disapproved'),
(731, 21, 893, '2020-01-04 20:35:54', 'disapproved'),
(732, 17, 893, '2020-02-17 06:13:34', 'approved'),
(733, 13, 893, '2019-12-31 12:32:05', 'approved'),
(734, 13, 894, '2020-02-07 03:01:18', 'disapproved'),
(735, 17, 894, '2019-08-12 00:35:30', 'disapproved'),
(736, 16, 895, '2020-02-22 19:23:59', 'disapproved'),
(737, 15, 895, '2020-02-24 22:59:43', 'disapproved'),
(738, 19, 895, '2020-02-19 23:37:18', 'approved'),
(739, 18, 896, '2020-01-10 01:18:09', 'approved'),
(740, 20, 896, '2019-12-18 05:12:25', 'approved'),
(741, 18, 896, '2020-02-29 00:27:42', 'disapproved'),
(742, 17, 896, '2019-09-29 14:24:00', 'disapproved'),
(743, 14, 897, '2020-03-01 04:11:19', 'approved'),
(744, 14, 897, '2020-02-17 22:11:48', 'approved'),
(745, 13, 897, '2020-02-25 08:23:56', 'disapproved'),
(746, 14, 897, '2020-02-20 17:23:20', 'approved'),
(747, 21, 898, '2019-11-01 09:45:11', 'disapproved'),
(748, 18, 898, '2020-01-04 20:24:12', 'disapproved'),
(749, 14, 898, '2019-11-28 17:06:31', 'disapproved'),
(750, 14, 899, '2019-10-02 21:12:56', 'approved'),
(751, 21, 900, '2019-12-23 02:36:44', 'disapproved'),
(752, 19, 900, '2019-12-18 23:12:29', 'disapproved'),
(753, 14, 900, '2019-11-19 06:02:50', 'disapproved'),
(754, 20, 900, '2019-12-12 02:10:44', 'disapproved'),
(755, 14, 900, '2020-01-05 19:55:06', 'approved'),
(756, 14, 901, '2019-07-20 01:30:36', 'approved'),
(757, 13, 901, '2020-01-20 14:16:53', 'disapproved'),
(758, 16, 901, '2019-07-25 21:28:15', 'approved');

-- --------------------------------------------------------

--
-- Structure de la table `scheduled_publication`
--

CREATE TABLE `scheduled_publication` (
  `proposal_id` int(10) UNSIGNED NOT NULL,
  `scheduler_id` int(10) UNSIGNED NOT NULL,
  `record_date` datetime NOT NULL,
  `publication_date` datetime NOT NULL
) ENGINE=InnoDB DEFAULT CHARSET=utf8mb4 COLLATE=utf8mb4_unicode_ci;

-- --------------------------------------------------------

--
-- Structure de la table `social_media_permission`
--

CREATE TABLE `social_media_permission` (
  `publisher_id` int(10) UNSIGNED NOT NULL,
  `facebook_enabled` bit(1) NOT NULL,
  `twitter_enabled` bit(1) NOT NULL,
  `linkedin_enabled` bit(1) NOT NULL
) ENGINE=InnoDB DEFAULT CHARSET=utf8mb4 COLLATE=utf8mb4_unicode_ci;

--
-- Déchargement des données de la table `social_media_permission`
--

INSERT INTO `social_media_permission` (`publisher_id`, `facebook_enabled`, `twitter_enabled`, `linkedin_enabled`) VALUES
(18, b'1', b'1', b'1'),
(19, b'0', b'1', b'1'),
(20, b'1', b'0', b'0'),
(21, b'1', b'1', b'1');

-- --------------------------------------------------------

--
-- Structure de la table `user`
--

CREATE TABLE `user` (
  `id` int(10) UNSIGNED NOT NULL,
  `firstname` varchar(32) COLLATE utf8mb4_unicode_ci NOT NULL,
  `lastname` varchar(64) COLLATE utf8mb4_unicode_ci NOT NULL,
  `email` varchar(255) COLLATE utf8mb4_unicode_ci NOT NULL,
  `password_hash` varchar(255) COLLATE utf8mb4_unicode_ci DEFAULT NULL,
  `role` varchar(32) COLLATE utf8mb4_unicode_ci NOT NULL,
  `is_validated` bit(1) NOT NULL COMMENT 'true if user validated his account by choosing his password',
  `is_active` bit(1) NOT NULL COMMENT 'true if account is active by admin'
) ENGINE=InnoDB DEFAULT CHARSET=utf8mb4 COLLATE=utf8mb4_unicode_ci;

--
-- Déchargement des données de la table `user`
--

INSERT INTO `user` (`id`, `firstname`, `lastname`, `email`, `password_hash`, `role`, `is_validated`, `is_active`) VALUES
(1, 'User', 'One', 'user1@example.com', '$2y$12$6aCGJP/DVYCYxtID87.DEuPjrvFWZOtuU2oGWLzNyCxdq9ODEkcDe', 'user', b'1', b'1'),
(2, 'User', 'Two', 'user2@example.com', '$2y$12$6aCGJP/DVYCYxtID87.DEuPjrvFWZOtuU2oGWLzNyCxdq9ODEkcDe', 'user', b'1', b'1'),
(3, 'User', 'Three', 'user3@example.com', '$2y$12$6aCGJP/DVYCYxtID87.DEuPjrvFWZOtuU2oGWLzNyCxdq9ODEkcDe', 'user', b'1', b'1'),
(4, 'User', 'Four', 'user4@example.com', '$2y$12$6aCGJP/DVYCYxtID87.DEuPjrvFWZOtuU2oGWLzNyCxdq9ODEkcDe', 'user', b'1', b'1'),
(5, 'User', 'Five', 'user5@example.com', '$2y$12$6aCGJP/DVYCYxtID87.DEuPjrvFWZOtuU2oGWLzNyCxdq9ODEkcDe', 'user', b'1', b'1'),
(6, 'User', 'Six', 'user6@example.com', '$2y$12$6aCGJP/DVYCYxtID87.DEuPjrvFWZOtuU2oGWLzNyCxdq9ODEkcDe', 'user', b'1', b'1'),
(7, 'User', 'Seven', 'user7@example.com', '$2y$12$6aCGJP/DVYCYxtID87.DEuPjrvFWZOtuU2oGWLzNyCxdq9ODEkcDe', 'user', b'1', b'1'),
(8, 'User', 'Height', 'user8@example.com', '$2y$12$6aCGJP/DVYCYxtID87.DEuPjrvFWZOtuU2oGWLzNyCxdq9ODEkcDe', 'user', b'1', b'1'),
(9, 'User', 'Nine', 'user9@example.com', '$2y$12$6aCGJP/DVYCYxtID87.DEuPjrvFWZOtuU2oGWLzNyCxdq9ODEkcDe', 'user', b'1', b'1'),
(10, 'User', 'Ten', 'user10@example.com', '$2y$12$6aCGJP/DVYCYxtID87.DEuPjrvFWZOtuU2oGWLzNyCxdq9ODEkcDe', 'user', b'1', b'1'),
(11, 'User', 'Eleven', 'user11@example.com', '$2y$12$6aCGJP/DVYCYxtID87.DEuPjrvFWZOtuU2oGWLzNyCxdq9ODEkcDe', 'user', b'1', b'1'),
(12, 'User', 'Twelve', 'user12@example.com', '$2y$12$6aCGJP/DVYCYxtID87.DEuPjrvFWZOtuU2oGWLzNyCxdq9ODEkcDe', 'user', b'1', b'1'),
(13, 'Reviewer', 'One', 'reviewer1@example.com', '$2y$12$6aCGJP/DVYCYxtID87.DEuPjrvFWZOtuU2oGWLzNyCxdq9ODEkcDe', 'reviewer', b'1', b'1'),
(14, 'Reviewer', 'Two', 'reviewer2@example.com', '$2y$12$6aCGJP/DVYCYxtID87.DEuPjrvFWZOtuU2oGWLzNyCxdq9ODEkcDe', 'reviewer', b'1', b'1'),
(15, 'Reviewer', 'Three', 'reviewer3@example.com', '$2y$12$6aCGJP/DVYCYxtID87.DEuPjrvFWZOtuU2oGWLzNyCxdq9ODEkcDe', 'reviewer', b'1', b'1'),
(16, 'Reviewer', 'Four', 'reviewer4@example.com', '$2y$12$6aCGJP/DVYCYxtID87.DEuPjrvFWZOtuU2oGWLzNyCxdq9ODEkcDe', 'reviewer', b'1', b'1'),
(17, 'Reviewer', 'Five', 'reviewer5@example.com', '$2y$12$6aCGJP/DVYCYxtID87.DEuPjrvFWZOtuU2oGWLzNyCxdq9ODEkcDe', 'reviewer', b'1', b'1'),
(18, 'Publisher', 'One', 'publisher1@example.com', '$2y$12$6aCGJP/DVYCYxtID87.DEuPjrvFWZOtuU2oGWLzNyCxdq9ODEkcDe', 'publisher', b'1', b'1'),
(19, 'Publisher', 'Two', 'publisher2@example.com', '$2y$12$6aCGJP/DVYCYxtID87.DEuPjrvFWZOtuU2oGWLzNyCxdq9ODEkcDe', 'publisher', b'1', b'1'),
(20, 'Publisher', 'Three', 'publisher3@example.com', '$2y$12$6aCGJP/DVYCYxtID87.DEuPjrvFWZOtuU2oGWLzNyCxdq9ODEkcDe', 'publisher', b'1', b'1'),
(21, 'Admin', 'Admin', 'admin@example.com', '$2y$12$6aCGJP/DVYCYxtID87.DEuPjrvFWZOtuU2oGWLzNyCxdq9ODEkcDe', 'admin', b'1', b'1');

--
-- Index pour les tables déchargées
--

--
-- Index pour la table `comment`
--
ALTER TABLE `comment`
  ADD PRIMARY KEY (`id`),
  ADD KEY `comment_proposal_id` (`proposal_id`),
  ADD KEY `comment_author_id` (`author_id`);

--
-- Index pour la table `enabled_social_media`
--
ALTER TABLE `enabled_social_media`
  ADD PRIMARY KEY (`social_media_name`);

--
-- Index pour la table `file`
--
ALTER TABLE `file`
  ADD PRIMARY KEY (`id`),
  ADD UNIQUE KEY `proposal_id` (`proposal_id`),
  ADD KEY `file_proposal_id` (`proposal_id`);

--
-- Index pour la table `proposal`
--
ALTER TABLE `proposal`
  ADD PRIMARY KEY (`id`),
  ADD KEY `proposal_submitter_id` (`submitter_id`);

--
-- Index pour la table `proposal_content_history`
--
ALTER TABLE `proposal_content_history`
  ADD PRIMARY KEY (`id`),
  ADD KEY `proposal_content_history_proposal_id` (`proposal_id`);

--
-- Index pour la table `proposal_file_history`
--
ALTER TABLE `proposal_file_history`
  ADD PRIMARY KEY (`id`),
  ADD KEY `proposal_file_history_proposal_id` (`proposal_id`);

--
-- Index pour la table `review`
--
ALTER TABLE `review`
  ADD PRIMARY KEY (`id`),
  ADD KEY `review_reviewer_id` (`reviewer_id`),
  ADD KEY `review_proposal_id` (`proposal_id`);

--
-- Index pour la table `scheduled_publication`
--
ALTER TABLE `scheduled_publication`
  ADD PRIMARY KEY (`proposal_id`),
  ADD KEY `scheduled_publication_scheduler_id` (`scheduler_id`);

--
-- Index pour la table `social_media_permission`
--
ALTER TABLE `social_media_permission`
  ADD PRIMARY KEY (`publisher_id`);

--
-- Index pour la table `user`
--
ALTER TABLE `user`
  ADD PRIMARY KEY (`id`),
  ADD UNIQUE KEY `email` (`email`);

--
-- AUTO_INCREMENT pour les tables déchargées
--

--
-- AUTO_INCREMENT pour la table `comment`
--
ALTER TABLE `comment`
  MODIFY `id` int(10) UNSIGNED NOT NULL AUTO_INCREMENT, AUTO_INCREMENT=1526;

--
-- AUTO_INCREMENT pour la table `file`
--
ALTER TABLE `file`
  MODIFY `id` int(10) UNSIGNED NOT NULL AUTO_INCREMENT;

--
-- AUTO_INCREMENT pour la table `proposal`
--
ALTER TABLE `proposal`
  MODIFY `id` int(10) UNSIGNED NOT NULL AUTO_INCREMENT, AUTO_INCREMENT=903;

--
-- AUTO_INCREMENT pour la table `proposal_content_history`
--
ALTER TABLE `proposal_content_history`
  MODIFY `id` int(10) UNSIGNED NOT NULL AUTO_INCREMENT, AUTO_INCREMENT=401;

--
-- AUTO_INCREMENT pour la table `proposal_file_history`
--
ALTER TABLE `proposal_file_history`
  MODIFY `id` int(11) UNSIGNED NOT NULL AUTO_INCREMENT;

--
-- AUTO_INCREMENT pour la table `review`
--
ALTER TABLE `review`
  MODIFY `id` int(10) UNSIGNED NOT NULL AUTO_INCREMENT, AUTO_INCREMENT=759;

--
-- AUTO_INCREMENT pour la table `user`
--
ALTER TABLE `user`
  MODIFY `id` int(10) UNSIGNED NOT NULL AUTO_INCREMENT, AUTO_INCREMENT=22;

--
-- Contraintes pour les tables déchargées
--

--
-- Contraintes pour la table `comment`
--
ALTER TABLE `comment`
  ADD CONSTRAINT `comment_author_id` FOREIGN KEY (`author_id`) REFERENCES `user` (`id`),
  ADD CONSTRAINT `comment_proposal_id` FOREIGN KEY (`proposal_id`) REFERENCES `proposal` (`id`);

--
-- Contraintes pour la table `file`
--
ALTER TABLE `file`
  ADD CONSTRAINT `file_proposal_id` FOREIGN KEY (`proposal_id`) REFERENCES `proposal` (`id`);

--
-- Contraintes pour la table `proposal`
--
ALTER TABLE `proposal`
  ADD CONSTRAINT `proposal_submitter_id` FOREIGN KEY (`submitter_id`) REFERENCES `user` (`id`);

--
-- Contraintes pour la table `proposal_content_history`
--
ALTER TABLE `proposal_content_history`
  ADD CONSTRAINT `proposal_content_history_proposal_id` FOREIGN KEY (`proposal_id`) REFERENCES `proposal` (`id`);

--
-- Contraintes pour la table `proposal_file_history`
--
ALTER TABLE `proposal_file_history`
  ADD CONSTRAINT `proposal_file_history_proposal_id` FOREIGN KEY (`proposal_id`) REFERENCES `proposal` (`id`);

--
-- Contraintes pour la table `review`
--
ALTER TABLE `review`
  ADD CONSTRAINT `review_proposal_id` FOREIGN KEY (`proposal_id`) REFERENCES `proposal` (`id`),
  ADD CONSTRAINT `review_reviewer_id` FOREIGN KEY (`reviewer_id`) REFERENCES `user` (`id`);

--
-- Contraintes pour la table `scheduled_publication`
--
ALTER TABLE `scheduled_publication`
  ADD CONSTRAINT `scheduled_publication_proposal_id` FOREIGN KEY (`proposal_id`) REFERENCES `proposal` (`id`),
  ADD CONSTRAINT `scheduled_publication_scheduler_id` FOREIGN KEY (`scheduler_id`) REFERENCES `user` (`id`);

--
-- Contraintes pour la table `social_media_permission`
--
ALTER TABLE `social_media_permission`
  ADD CONSTRAINT `social_media_permission` FOREIGN KEY (`publisher_id`) REFERENCES `user` (`id`);
COMMIT;

/*!40101 SET CHARACTER_SET_CLIENT=@OLD_CHARACTER_SET_CLIENT */;
/*!40101 SET CHARACTER_SET_RESULTS=@OLD_CHARACTER_SET_RESULTS */;
/*!40101 SET COLLATION_CONNECTION=@OLD_COLLATION_CONNECTION */;
